schemaVersion,stage,caseName,organization,decoderType,payloadLength,encodedLength,frameRate,ebn0Db,ebn0Linear,noiseSigma,noiseVariance,globalSeed,noisePolicyVersion,snrIndex,frameStart,requestedFrameCount,logicalFrameCount,processedFrames,processedPayloadBits,channelHardBitErrors,channelHardFrameErrors,decodedBitErrors,decodedFrameErrors,BER,FER,trueSuccessFrames,trueSuccessRate,reportedSuccessFrames,reportedSuccessRate,miscorrectedFrames,miscorrectionRate,decoderFailureFrames,decoderFailureRate,noErrorStatusFrames,correctedStatusFrames,failedStatusFrames,avgEncodeTimeUs,avgDecodeTimeUs,p50DecodeTimeUs,p95DecodeTimeUs,p99DecodeTimeUs,maxDecodeTimeUs,firstNoiseHash,lastNoiseHash,stopReason,targetFrameErrors,minFrames,maxFrames,checkpointCount,resumeCount,shardIndex,shardCount,configHash,runId,ferCiLower95,ferCiUpper95,ferUpper95RuleOfThree,gitCommit
bch.group4.result.v1,BCH15,BCH-S200,SEGMENTED,SYNDROME_LOOKUP,200,285,0.70175438596491224,4.5,2.8183829312644537,0.50279671819625327,0.25280453982892254,2026072201,1,45,0,50000,50000,5000,1000000,33463,4998,9817,2968,0.0098169999999999993,0.59360000000000002,2032,0.40639999999999998,5000,1,2968,0.59360000000000002,0,0,2,4998,0,5.4911200000000546,14.701479999999989,12.4,22.300000000000001,29.699999999999999,566.5,0db7cd110b6b30445ce5ecba74999ac1bb70697daa553dee783d74fda8a1e48c,72fa56301bbcfae357791aa5d92eab2358e5b80d8aca7beed3b0187b03006a6a,TARGET_FRAME_ERRORS_REACHED,200,5000,50000,3,0,0,1,fc127b5894ccc21cff1b9f6f3e39b577d9bf41d270a30e1bbeac2f381fffd091,bch15-seed2026072201,0.57991914447034021,0.60713714172554512,,ad57f9cac5946e842160d085e8ddbc19acafbf15
bch.group4.result.v1,BCH15,BCH-S200,SEGMENTED,SYNDROME_LOOKUP,200,285,0.70175438596491224,4.7000000000000002,2.9512092266663861,0.49135166759580845,0.24142646124918185,2026072201,1,47,0,50000,50000,5000,1000000,29578,4984,7842,2534,0.007842,0.50680000000000003,2466,0.49320000000000003,5000,1,2534,0.50680000000000003,0,0,16,4984,0,6.0475000000000243,15.716319999999932,13,23,38.807000000000151,546.29999999999995,d84b39d4455237cffb87372b237e8e99278e20172e87c27b284d42717217b866,66b4cb19e1ee9b6379dd94b955cf12cd3063ee2118f4bc1bf15a2ef96cd94830,TARGET_FRAME_ERRORS_REACHED,200,5000,50000,3,0,0,1,3ff66cc97d3f168b83d890d794ce611df3c695a1ac369dcb883ea684ca19f9c7,bch15-seed2026072201,0.49294234247735341,0.52064721677619397,,ad57f9cac5946e842160d085e8ddbc19acafbf15
bch.group4.result.v1,BCH15,BCH-S200,SEGMENTED,SYNDROME_LOOKUP,200,285,0.70175438596491224,4.9000000000000004,3.090295432513591,0.48016713815333106,0.23056048056236012,2026072201,1,49,0,50000,50000,5000,1000000,26629,4981,6284,2199,0.0062839999999999997,0.43980000000000002,2801,0.56020000000000003,5000,1,2199,0.43980000000000002,0,0,19,4981,0,6.1150800000000363,15.897380000000011,12.6,23.5,45.100000000000001,328.19999999999999,4ce3da313d7a6a3beb5a6223dbdaa2653153b70f17f021c789c522852604a382,072fc2d26e7f03154e8c0713252f12f877f709e089df62135733ddb38ea024a9,TARGET_FRAME_ERRORS_REACHED,200,5000,50000,3,0,0,1,b6fdc38fdaad1011cd88b4a401460fdda4fe03bde62d81234b598e85796a24da,bch15-seed2026072201,0.4260932000025433,0.45359923131164176,,ad57f9cac5946e842160d085e8ddbc19acafbf15
bch.group4.result.v1,BCH15,BCH-S200,SEGMENTED,SYNDROME_LOOKUP,200,285,0.70175438596491224,5.0999999999999996,3.2359365692962827,0.4692371996832661,0.22018354956659333,2026072201,1,51,0,50000,50000,5000,1000000,23437,4955,4901,1788,0.004901,0.35759999999999997,3212,0.64239999999999997,5000,1,1788,0.35759999999999997,0,0,45,4955,0,5.1391600000000155,13.930540000000015,12,20.399999999999999,29.003000000000064,504.69999999999999,31a731cea0ffa86a41b2e5dc8088eae4c829e61329b9945730c315694d9a09d4,d0eeccf643a5005e61eaf7af8fa6ff04034cf53fc51fb4324d812c2ef45919c1,TARGET_FRAME_ERRORS_REACHED,200,5000,50000,3,0,0,1,ace7fee0ad3c64233d95d0690bc82f4a8441aa57506d865459f479f6ada13ada,bch15-seed2026072201,0.34442887793684451,0.37098976357710778,,ad57f9cac5946e842160d085e8ddbc19acafbf15
bch.group4.result.v1,BCH15,BCH-S200,SEGMENTED,SYNDROME_LOOKUP,200,285,0.70175438596491224,5.2999999999999998,3.3884415613920256,0.45855605698756174,0.21027365739997997,2026072201,1,53,0,50000,50000,5000,1000000,20981,4923,4053,1544,0.0040530000000000002,0.30880000000000002,3456,0.69120000000000004,5000,1,1544,0.30880000000000002,0,0,77,4923,0,5.6508400000000423,14.465299999999967,12.1,21.5,30.801000000000023,295,e83faf8d6dfd5ea6fee19d0e2b5454f8767a3bd92f7e69d491dd2ed39ae2ebc9,ef0d37e1f6ab70d587f96dbb0e9912ece834ddff819d085f847b2dc0ff49eb1f,TARGET_FRAME_ERRORS_REACHED,200,5000,50000,3,0,0,1,19c7152e229144be554c8bee67d2382950f8d6cfe8903768b0ae145cbf04f4c6,bch15-seed2026072201,0.29614515134921082,0.32174841787457908,,ad57f9cac5946e842160d085e8ddbc19acafbf15
bch.group4.result.v1,BCH15,BCH-S200,SEGMENTED,SYNDROME_LOOKUP,200,285,0.70175438596491224,5.5,3.548133892335755,0.44811804678297917,0.20080978385259232,2026072201,1,55,0,50000,50000,5000,1000000,18012,4839,3109,1213,0.0031089999999999998,0.24260000000000001,3787,0.75739999999999996,5000,1,1213,0.24260000000000001,0,0,161,4839,0,5.2409200000000142,13.758560000000001,12,20.399999999999999,30.003000000000064,204.19999999999999,9841b39f4c3478474f2611308f85061c2d0786bf7b9ccbf1966aa98b6f81cc5d,172440706fa14e48dc07a5b406ed6d54f6b252e79fd537c60c4e6bb9794d426b,TARGET_FRAME_ERRORS_REACHED,200,5000,50000,3,0,0,1,d4bf03da5d9f0be26a682a27957f53594c9c5526eff88d3ecfa5c29e2d31c978,bch15-seed2026072201,0.23091902801081607,0.25467618495049943,,ad57f9cac5946e842160d085e8ddbc19acafbf15
bch.group4.result.v1,BCH15,BCH-S200,SEGMENTED,SYNDROME_LOOKUP,200,285,0.70175438596491224,5.7000000000000002,3.715352290971726,0.43791763469834455,0.19177185477979275,2026072201,1,57,0,50000,50000,5000,1000000,15896,4805,2475,996,0.0024750000000000002,0.19919999999999999,4004,0.80079999999999996,5000,1,996,0.19919999999999999,0,0,195,4805,0,5.334120000000028,13.881620000000026,11.9,20.899999999999999,29.201000000000018,234,33d595d2d8279bd4c8b38868508c6d5f3f2f952204d4f5afdf41f9d76e2ed24f,db2411caef918a2f43b59931546361af1f64eae4eb56d4c07711680aa40c7bf7,TARGET_FRAME_ERRORS_REACHED,200,5000,50000,3,0,0,1,3531d2a0cc043ef60ac5aff79414e806ec52b29f653c01712d57c43adc49c024,bch15-seed2026072201,0.18836220082656505,0.21049964866358137,,ad57f9cac5946e842160d085e8ddbc19acafbf15
bch.group4.result.v1,BCH15,BCH-S200,SEGMENTED,SYNDROME_LOOKUP,200,285,0.70175438596491224,5.9000000000000004,3.8904514499428067,0.4279494123401521,0.18314069952228154,2026072201,1,59,0,50000,50000,5000,1000000,14025,4719,1940,809,0.0019400000000000001,0.1618,4191,0.83819999999999995,5000,1,809,0.1618,0,0,281,4719,0,5.5340000000000247,14.114459999999992,11.9,20.899999999999999,30.401000000000021,154.30000000000001,1f009ba9e96503562982e1f33bc6af2a3f743d2f911f4960a0e0533b5f72d794,0b6170717082c73757d4c5fe0f37358a176f17f1797235eca1382ed8b6d43b4a,TARGET_FRAME_ERRORS_REACHED,200,5000,50000,3,0,0,1,52715d83469c4ab168e49ac071cec249450d74e7c70895618b437cb4271d471a,bch15-seed2026072201,0.15185259351835162,0.17226668007728507,,ad57f9cac5946e842160d085e8ddbc19acafbf15
bch.group4.result.v1,BCH15,BCH-S200,SEGMENTED,SYNDROME_LOOKUP,200,285,0.70175438596491224,6.0999999999999996,4.0738027780411272,0.4182080944249626,0.17489801024255844,2026072201,1,61,0,50000,50000,5000,1000000,11907,4525,1393,591,0.0013929999999999999,0.1182,4409,0.88180000000000003,5000,1,591,0.1182,0,0,476,4524,0,5.5382200000000195,14.084680000000025,11.9,21.300000000000001,29.100000000000001,160.5,9213c64b3a45fcc1ee1b90517a0ada22b6ff6222b71fe344d7b22102a19f9e23,5089d21f350be3e7c745d61660aa504842a997a011bbcb09f80ffd943c2d86e1,TARGET_FRAME_ERRORS_REACHED,200,5000,50000,3,0,0,1,e6983e5ad970c5ed9b721409d6c6532e0ddfccb0281c7aae7aa7a0b2a27088d4,bch15-seed2026072201,0.10954310667883399,0.12744311052641163,,ad57f9cac5946e842160d085e8ddbc19acafbf15
bch.group4.result.v1,BCH15,BCH-S200,SEGMENTED,SYNDROME_LOOKUP,200,285,0.70175438596491224,6.2999999999999998,4.2657951880159271,0.40868851597707567,0.16702630309154443,2026072201,1,63,0,50000,50000,5000,1000000,10101,4325,976,427,0.00097599999999999998,0.085400000000000004,4573,0.91459999999999997,5000,1,427,0.085400000000000004,0,0,675,4325,0,5.9354200000000317,14.705999999999966,12.199999999999999,21.600000000000001,31.501000000000023,220.30000000000001,29c2342f4703b1b8e93e0a64db1da1e342e6d1b04003504891277039f1164486,019211ecd94b9814542ddd8fc1e5d3580a112633c6b5073bbcc110f733f43527,TARGET_FRAME_ERRORS_REACHED,200,5000,50000,3,0,0,1,6387cfe94ab790aee2a7e6855338f4e439a77d0e3af224da6924cd752342ea15,bch15-seed2026072201,0.077968187225677665,0.093468391227163716,,ad57f9cac5946e842160d085e8ddbc19acafbf15
bch.group4.result.v1,BCH15,BCH-S200,SEGMENTED,SYNDROME_LOOKUP,200,285,0.70175438596491224,6.5,4.4668359215096318,0.39938562958999185,0.15950888112299419,2026072201,1,65,0,50000,50000,5000,1000000,8714,4129,755,328,0.00075500000000000003,0.065600000000000006,4672,0.93440000000000001,5000,1,328,0.065600000000000006,0,0,871,4129,0,5.4151200000000319,13.374119999999992,11.4,20.600000000000001,28.506000000000132,113.40000000000001,b7309b6835bf1c722e5d05225109f484bbf76e31aaafc95ab4aa357827264492,ec54d7b36295f6d5d2aa05bfb804b4d53b40ee59e7edc7ec5bfc1281561a76ea,TARGET_FRAME_ERRORS_REACHED,200,5000,50000,3,0,0,1,4716bac96f777d9da8e1d78a2326129a2636dc23be340e4d9feddf83f49846ed,bch15-seed2026072201,0.05906553769029381,0.072801441759571831,,ad57f9cac5946e842160d085e8ddbc19acafbf15
bch.group4.result.v1,BCH15,BCH-S200,SEGMENTED,SYNDROME_LOOKUP,200,285,0.70175438596491224,6.7000000000000002,4.6773514128719826,0.39029450275021044,0.15232979887703402,2026072201,1,67,0,50000,50000,5000,1000000,7429,3890,468,207,0.00046799999999999999,0.041399999999999999,4793,0.95860000000000001,5000,1,207,0.041399999999999999,0,0,1110,3890,0,5.2895200000000138,13.419199999999931,11.4,20,29.703000000000063,175.30000000000001,7f8de532482d328a58da66710f68253d662ce975a62a393327ef7eb1d038a76a,80908aab7e013860f87ec47ef1fb24c0aa743c8a26603c58c211d21a44574ff7,TARGET_FRAME_ERRORS_REACHED,200,5000,50000,3,0,0,1,deebc4b5fcb9d69b14e596ed7e5e785bae206f0b3f7afe43060978029892b5ed,bch15-seed2026072201,0.036221154800885016,0.047282981423121387,,ad57f9cac5946e842160d085e8ddbc19acafbf15
bch.group4.result.v1,BCH15,BCH-S200,SEGMENTED,SYNDROME_LOOKUP,200,285,0.70175438596491224,6.9000000000000004,4.8977881936844625,0.38141031522194568,0.14547382855770397,2026072201,1,69,0,50000,50000,5380,1076000,6658,3842,461,200,0.00042843866171003719,0.03717472118959108,5180,0.96282527881040891,5380,1,200,0.03717472118959108,0,0,1538,3842,0,5.4731784386617335,13.589368029739775,11.6,20.300000000000001,27.921000000000003,279.39999999999998,28a55bc5b93dbe2db55b5dec58376ab54b794eb97f9415a94a0bcf32ee365623,bf68e04c9c56ef4295fef9d25aa8630f83c2cc0b4aa31f45dd36bb7ab6093f4b,TARGET_FRAME_ERRORS_REACHED,200,5000,50000,3,0,0,1,ab9a93fa3f8f0eb3ba97b7a20acaec774291a60e2f3582dbd734b91803134c16,bch15-seed2026072201,0.032440591455150526,0.042569317716497655,,ad57f9cac5946e842160d085e8ddbc19acafbf15
bch.group4.result.v1,BCH15,BCH-S200,SEGMENTED,SYNDROME_LOOKUP,200,285,0.70175438596491224,7.0999999999999996,5.1286138399136485,0.37272835649137398,0.13892642773276076,2026072201,1,71,0,50000,50000,8129,1625800,8455,5315,435,200,0.00026756058555787922,0.024603272235207283,7929,0.97539672776479269,8129,1,200,0.024603272235207283,0,0,2814,5315,0,5.2221306433756354,13.146844630335824,11.199999999999999,20.300000000000001,29.972000000000023,422.80000000000001,e16ce73c89da7e9745b23af3858a5bccdd04f4f8526653b88b693456e713552a,4510e36e46f3deae4247dfd621856e078e15c063562be36d855a54ce0fccc9da,TARGET_FRAME_ERRORS_REACHED,200,5000,50000,5,0,0,1,7bf0f50e4f7b00987fe14c099d86ee2c80f829505b63e68a4bb001827b2354ac,bch15-seed2026072201,0.021453566380706696,0.028202074992050782,,ad57f9cac5946e842160d085e8ddbc19acafbf15
bch.group4.result.v1,BCH15,BCH-S200,SEGMENTED,SYNDROME_LOOKUP,200,285,0.70175438596491224,7.2999999999999998,5.3703179637025267,0.36424402326905703,0.13267370848722937,2026072201,1,73,0,50000,50000,11728,2345600,10040,6733,419,200,0.00017863233287858117,0.017053206002728513,11528,0.98294679399727147,11728,1,200,0.017053206002728513,0,0,4995,6733,0,5.3898874488402484,13.443954638472023,11.300000000000001,20.300000000000001,28.772999999999957,498.69999999999999,29f79e3f90db29fa959172f39cd3042c796bcb807be4c3ae4cb552b5d8f3693d,7622285a6ff353c42f7cea762ae1d74d7082de28dd94a60a5400477e44a40f02,TARGET_FRAME_ERRORS_REACHED,200,5000,50000,6,0,0,1,88499fa19ea938283e92914475f5d3347b303a8134daecfd7a632cf5d17dbe13,bch15-seed2026072201,0.014863222382589445,0.019559460555821907,,ad57f9cac5946e842160d085e8ddbc19acafbf15
bch.group4.result.v1,BCH15,BCH-S200,SEGMENTED,SYNDROME_LOOKUP,200,285,0.70175438596491224,7.5,5.6234132519034912,0.35595281704921683,0.12670240796527324,2026072201,1,75,0,50000,50000,17566,3513200,12506,8965,457,200,0.00013008083798246613,0.011385631333257429,17366,0.98861436866674257,17566,1,200,0.011385631333257429,0,0,8601,8965,0,5.3730331321872047,13.140845952408064,11.199999999999999,19.800000000000001,26.734999999999854,490.39999999999998,60e87a06fa91e8b19f6b674dc1b2c7f023901332dc83edf3bd02bd798dfed084,01a8bc063aeb315db8a766c3323d870082c9c3e000880c0dc9e4485e454f629d,TARGET_FRAME_ERRORS_REACHED,200,5000,50000,9,0,0,1,6e6e9b6953f4ae787ee674e8621a0c0391683b7b0879ef874b8a79f161e109f6,bch15-seed2026072201,0.0099200695269660039,0.013064853801294947,,ad57f9cac5946e842160d085e8ddbc19acafbf15
bch.group4.result.v1,BCH15,BCH-S200,SEGMENTED,SYNDROME_LOOKUP,200,285,0.70175438596491224,7.7000000000000002,5.8884365535558896,0.3478503417245688,0.12099986023789928,2026072201,1,77,0,50000,50000,23186,4637200,13534,10210,446,200,9.6178728543086346e-05,0.0086258949365996714,22986,0.99137410506340029,23186,1,200,0.0086258949365996714,0,0,12976,10210,0,5.255891486241663,13.141443112222946,11.199999999999999,20,30.100000000000001,326.19999999999999,002dba8fd227a29713f8af5c4a23f18f2ed323cad30bdbe4f088748961a469f7,2ef3ba3ee97706e84d84d2122dea62f734bdf276b03440a086466a92c1aa5265,TARGET_FRAME_ERRORS_REACHED,200,5000,50000,12,0,0,1,b41036cf1f90468aef839e817ffbd68ba0eed5a754507cba67b5ee8a5617bafe,bch15-seed2026072201,0.0075143119002694467,0.0099002728237276797,,ad57f9cac5946e842160d085e8ddbc19acafbf15
bch.group4.result.v1,BCH15,BCH-S200,SEGMENTED,SYNDROME_LOOKUP,200,285,0.70175438596491224,7.9000000000000004,6.1659500186148222,0.33993230125544666,0.11555396943682374,2026072201,1,79,0,50000,50000,45446,9089200,20964,16789,432,200,4.7528935439862692e-05,0.0044008273555428421,45246,0.99559917264445719,45446,1,200,0.0044008273555428421,0,0,28658,16788,0,6.1224266162038079,15.513345508955645,12.800000000000001,22.600000000000001,43.210000000000583,758.5,e3ed7c8805dc040fdf43af14df580c75134b9210f8b3489cac271758b83eeb55,4f952e6a297e3678d53699c0c1f11aeabc08a2952d890704db465b1ee4d59d43,TARGET_FRAME_ERRORS_REACHED,200,5000,50000,23,0,0,1,d26e7f5cb8ba7e730ae6e7221033984d6efbe58d5432dd86cdc7f0163e551368,bch15-seed2026072201,0.0038327327547872138,0.0050526988739807328,,ad57f9cac5946e842160d085e8ddbc19acafbf15
bch.group4.result.v1,BCH15,BCH-S200,SEGMENTED,SYNDROME_LOOKUP,200,285,0.70175438596491224,8.0999999999999996,6.4565422903465546,0.3321944973919862,0.11035318409751432,2026072201,1,81,0,50000,50000,50000,10000000,18671,15570,367,166,3.6699999999999998e-05,0.00332,49834,0.99668000000000001,50000,1,166,0.00332,0,0,34430,15570,0,6.4153859999998426,15.772884000000051,14.699999999999999,22.800000000000001,43.5,670.60000000000002,7a09af6ef92fd7cc5302e41d1a5f2d975932275cb073797f908d7c464e84d6ab,86ae161b15f0cdf5d4d49b07bac678632a37884da461935d1669e72c3aef13cb,MAX_FRAMES_REACHED,200,5000,50000,26,0,0,1,09e970b75bec889c9fc12a1a92e3649c800145379faa4685a0f248edfb8093cf,bch15-seed2026072201,0.0028525258705422254,0.0038637872970624519,,ad57f9cac5946e842160d085e8ddbc19acafbf15
bch.group4.result.v1,BCH15,BCH-S200,SEGMENTED,SYNDROME_LOOKUP,200,285,0.70175438596491224,8.3000000000000007,6.7608297539198192,0.32463282744815686,0.10538647265698478,2026072201,1,83,0,50000,50000,50000,10000000,14609,12576,228,113,2.2799999999999999e-05,0.0022599999999999999,49887,0.99773999999999996,50000,1,113,0.0022599999999999999,0,0,37424,12576,0,6.2735479999999582,15.435189999999896,13.699999999999999,22.399999999999999,39.200000000000003,584.70000000000005,c97725fc5b85ecc845d21c924ddaeeb5d2c0b17645b8e2c493c69197d8c2a9f1,dbf6d9d7b356766866713274f9bc4f65e106aba117f535235535fd404977dda6,MAX_FRAMES_REACHED,200,5000,50000,26,0,0,1,8e1ec4728f1cdaeaaabc03a9db8524b6abc36bd5f3940bd9baf0b245c4857fa8,bch15-seed2026072201,0.0018802782541554783,0.002716197778790386,,ad57f9cac5946e842160d085e8ddbc19acafbf15
bch.group4.result.v1,BCH15,BCH-S200,SEGMENTED,SYNDROME_LOOKUP,200,285,0.70175438596491224,8.5,7.0794578438413787,0.31724328212646402,0.10064330005437125,2026072201,1,85,0,50000,50000,50000,10000000,11730,10439,146,70,1.4600000000000001e-05,0.0014,49930,0.99860000000000004,50000,1,70,0.0014,0,0,39561,10439,0,6.2919739999999633,15.376423999999863,14,22.199999999999999,39.402000000000406,461.10000000000002,80993499bfe7194f85aef47984c0904ce60ce101c41c92a64f26759a3f3f792e,ddb81c240906bcd1570e6e459cda381785a6fce7efae7d43ae5f9623469a4ba2,MAX_FRAMES_REACHED,200,5000,50000,26,0,0,1,6d25b0336552da0c31545bad7ef67b055771da88ad522f993ebe9d62e488ba38,bch15-seed2026072201,0.0011083507346433081,0.0017682574343340866,,ad57f9cac5946e842160d085e8ddbc19acafbf15
bch.group4.result.v1,BCH15,BCH-B200,WHOLE_BLOCK_SHORTENED,BERLEKAMP_MASSEY_CHIEN,200,248,0.80645161290322576,3.5,2.2387211385683394,0.5262545269483172,0.27694382713359711,2026072201,1,35,0,50000,50000,5000,1000000,35223,4997,19910,2771,0.019910000000000001,0.55420000000000003,2229,0.44579999999999997,2232,0.44640000000000002,3,0.00059999999999999995,2768,0.55359999999999998,3,2229,2768,24.674160000000025,49.02721999999995,44.5,68.299999999999997,105.00100000000002,696.20000000000005,1860061e005fae72d2b11a138577ec9bdcd68a08544e405b9ed6c28e2b7eb0b9,64ed4591dea44ccdcc1f145167e31fdde85eed4d7b0f23dc09c6a50e5b4fe7d6,TARGET_FRAME_ERRORS_REACHED,200,5000,50000,3,0,0,1,5955d5ee80b59dd876bd97179e04fa49112095b2ac723744343f24984aa4505d,bch15-seed2026072201,0.54038624527258383,0.56793053583657205,,ad57f9cac5946e842160d085e8ddbc19acafbf15
bch.group4.result.v1,BCH15,BCH-B200,WHOLE_BLOCK_SHORTENED,BERLEKAMP_MASSEY_CHIEN,200,248,0.80645161290322576,3.7000000000000002,2.344228815319922,0.51427551143038841,0.26447930165698758,2026072201,1,37,0,50000,50000,5000,1000000,32260,4993,16460,2355,0.016459999999999999,0.47099999999999997,2645,0.52900000000000003,2651,0.5302,6,0.0011999999999999999,2349,0.4698,7,2644,2349,25.651979999999959,50.190680000000029,45.299999999999997,69.205000000000027,105.70400000000009,474.69999999999999,a541b4bb482507904cc7e6fb0044f7f2d4824815041c107240bb0a440646cb44,797eb761318b275fa23d66a247ce30e284eef928e44ea8078e20b2e691a43d5f,TARGET_FRAME_ERRORS_REACHED,200,5000,50000,3,0,0,1,ff3ded5efe7d12cf30a19af05fd3ae80e21a2ee93228c571ef1852a5167c31a4,bch15-seed2026072201,0.45719184960317694,0.48485267710963642,,ad57f9cac5946e842160d085e8ddbc19acafbf15
bch.group4.result.v1,BCH15,BCH-B200,WHOLE_BLOCK_SHORTENED,BERLEKAMP_MASSEY_CHIEN,200,248,0.80645161290322576,3.8999999999999999,2.4547089156850306,0.5025691715958609,0.25257577223854988,2026072201,1,39,0,50000,50000,5000,1000000,28883,4981,11990,1783,0.011990000000000001,0.35659999999999997,3217,0.64339999999999997,3218,0.64359999999999995,1,0.00020000000000000001,1782,0.35639999999999999,19,3199,1782,25.921160000000057,50.602340000000076,44.75,72.5,131.1050000000001,655.60000000000002,ca09ed62811e429146b82ec0de37080aa1d6871becfa20ed2c43ea6f5077848b,b141839684fc38c7b7a65cea5744ff803415643f2fef97b232e6d49a5743e8ea,TARGET_FRAME_ERRORS_REACHED,200,5000,50000,3,0,0,1,7824e7b0a83af3c150fb5bd0939e59eceed5386fcbc74fabf62bd4ca7313dfea,bch15-seed2026072201,0.34343790247756267,0.36998227444027976,,ad57f9cac5946e842160d085e8ddbc19acafbf15
bch.group4.result.v1,BCH15,BCH-B200,WHOLE_BLOCK_SHORTENED,BERLEKAMP_MASSEY_CHIEN,200,248,0.80645161290322576,4.0999999999999996,2.5703957827688635,0.49112930058840315,0.24120798989645406,2026072201,1,41,0,50000,50000,5000,1000000,25794,4972,8577,1311,0.0085769999999999996,0.26219999999999999,3689,0.73780000000000001,3689,0.73780000000000001,0,0,1311,0.26219999999999999,28,3661,1311,28.967720000000106,52.290019999999878,46.700000000000003,75.599999999999994,115.2090000000002,327.5,00511afb6a8964235e26c7d26497afb9da9c3e6c18455ee1a8564f29cc51c62d,311bbbdad5ed5a08722289bd87f43e128f72239e6e26a85dee6f2453433f779c,TARGET_FRAME_ERRORS_REACHED,200,5000,50000,3,0,0,1,735f7f6167c6ffe59c9ccd959c0584778b448c177b3e269418804e24182d5c9d,bch15-seed2026072201,0.25019460810382499,0.27457051094124418,,ad57f9cac5946e842160d085e8ddbc19acafbf15
bch.group4.result.v1,BCH15,BCH-B200,WHOLE_BLOCK_SHORTENED,BERLEKAMP_MASSEY_CHIEN,200,248,0.80645161290322576,4.2999999999999998,2.6915348039269156,0.47994983283698206,0.23035184204024703,2026072201,1,43,0,50000,50000,5000,1000000,22983,4948,5885,927,0.0058849999999999996,0.18540000000000001,4073,0.81459999999999999,4075,0.81499999999999995,2,0.00040000000000000002,925,0.185,52,4023,925,25.272320000000018,48.212239999999923,43.899999999999999,68.705000000000027,116.80800000000016,739,c9c1ca979f7d930bfd682ff1ed932663afc9fb0b2ebb80ea1bae6ba1a5aa51ac,14fea3b7577517bc71cb740e216207853fe551bcd49564956a6726be61281509,TARGET_FRAME_ERRORS_REACHED,200,5000,50000,3,0,0,1,bce739daa7680782ab3d6d75f2f28bc60aac476097b00558dcc3157408afb66e,bch15-seed2026072201,0.17487109980764112,0.19641193825618888,,ad57f9cac5946e842160d085e8ddbc19acafbf15
bch.group4.result.v1,BCH15,BCH-B200,WHOLE_BLOCK_SHORTENED,BERLEKAMP_MASSEY_CHIEN,200,248,0.80645161290322576,4.5,2.8183829312644537,0.46902484083981816,0.21998430132481675,2026072201,1,45,0,50000,50000,5000,1000000,20961,4913,4133,651,0.0041330000000000004,0.13020000000000001,4349,0.86980000000000002,4350,0.87,1,0.00020000000000000001,650,0.13,87,4263,650,27.267399999999999,49.633220000000087,44.600000000000001,73.599999999999994,116.7,400.39999999999998,181a30cf0f661ccd49115e460da34d47220513be8495bebc52794a687592273a,bbb2538d697ef4f8aa15ce5fe5f4846a12c145f7ba3bea5ff0666af4cc447f91,TARGET_FRAME_ERRORS_REACHED,200,5000,50000,3,0,0,1,cdab48b343560bdca65259f97443fceac791e826cd04aa6384a4b29d2926bb3a,bch15-seed2026072201,0.12115537667153806,0.13981241568702626,,ad57f9cac5946e842160d085e8ddbc19acafbf15
bch.group4.result.v1,BCH15,BCH-B200,WHOLE_BLOCK_SHORTENED,BERLEKAMP_MASSEY_CHIEN,200,248,0.80645161290322576,4.7000000000000002,2.9512092266663861,0.45834853202154535,0.21008337680630559,2026072201,1,47,0,50000,50000,5000,1000000,17892,4857,2187,356,0.0021870000000000001,0.071199999999999999,4644,0.92879999999999996,4644,0.92879999999999996,0,0,356,0.071199999999999999,143,4501,356,26.856699999999947,47.845359999999978,43.75,69.299999999999997,107.23800000000084,613.10000000000002,d4a8b260d02d3bb9c2d1f4674bb9e39d3e4e9e7b0ebac892a93c1d35d1600a12,2ec654cb223e4e066707d453066925162b446b93b385563b379179577c0ec716,TARGET_FRAME_ERRORS_REACHED,200,5000,50000,3,0,0,1,15e18219f40fcae58398ed92fcaac4d0766797351a45d47751f57505713651b0,bch15-seed2026072201,0.064396384274861371,0.078661996913219609,,ad57f9cac5946e842160d085e8ddbc19acafbf15
bch.group4.result.v1,BCH15,BCH-B200,WHOLE_BLOCK_SHORTENED,BERLEKAMP_MASSEY_CHIEN,200,248,0.80645161290322576,4.9000000000000004,3.090295432513591,0.44791524566191038,0.20062806729636953,2026072201,1,49,0,50000,50000,5000,1000000,15929,4792,1291,207,0.001291,0.041399999999999999,4793,0.95860000000000001,4793,0.95860000000000001,0,0,207,0.041399999999999999,208,4585,207,25.21690000000002,44.348739999999935,41.399999999999999,65.605000000000018,92.305000000000106,219,9dbf6361aaf99124759a89f4ada1f443bc60db1c3727a3047dbbd11d3d85204a,a275832ef60e94f2c3e0581e5cd162c9b0c09365951dd3f841e7f0bd08394a88,TARGET_FRAME_ERRORS_REACHED,200,5000,50000,3,0,0,1,4ad90dc54e535a6eeae08fb457ea785c9ca7e0ff17e8d36a1b5fba5e1076226e,bch15-seed2026072201,0.036221154800885016,0.047282981423121387,,ad57f9cac5946e842160d085e8ddbc19acafbf15
bch.group4.result.v1,BCH15,BCH-B200,WHOLE_BLOCK_SHORTENED,BERLEKAMP_MASSEY_CHIEN,200,248,0.80645161290322576,5.0999999999999996,3.2359365692962827,0.43771944989438455,0.19159831681584263,2026072201,1,51,0,50000,50000,9354,1870800,25889,8739,1182,200,0.00063181526619627963,0.021381227282446014,9154,0.97861877271755404,9154,0.97861877271755404,0,0,200,0.021381227282446014,615,8539,200,25.629131922172341,44.397787042976248,41.100000000000001,64.799999999999997,103.12899999999954,389.10000000000002,ad41dcbc5926a0ce90e6d140b248c6c2eb44114f26f3ddcb94a1e054cd5dc316,3fc228f608680da6260f38885110047c6046716b55a51cdc0fc36b9461b7e38e,TARGET_FRAME_ERRORS_REACHED,200,5000,50000,5,0,0,1,b319d08d97ae0b5fbac23248e630c836d9a09bee40860d487c2bffbf95746b90,bch15-seed2026072201,0.018640344425669416,0.024515062790599829,,ad57f9cac5946e842160d085e8ddbc19acafbf15
bch.group4.result.v1,BCH15,BCH-B200,WHOLE_BLOCK_SHORTENED,BERLEKAMP_MASSEY_CHIEN,200,248,0.80645161290322576,5.2999999999999998,3.3884415613920256,0.42775573877309453,0.18297497205331589,2026072201,1,53,0,50000,50000,16373,3274600,39298,14852,1194,200,0.00036462468698466986,0.012215232394796311,16173,0.98778476760520373,16173,0.98778476760520373,0,0,200,0.012215232394796311,1521,14652,200,26.310767727356016,43.74611250229021,40.399999999999999,64.200000000000003,99.528000000000063,612.60000000000002,f7579faa58e27d550d36f2f34c96f6d74bd373be6e31a7d9db848f6030808fe2,c7304538bf9fb44d2fcdb119538e8c242d33e68b2609c093738cedf308da8e2d,TARGET_FRAME_ERRORS_REACHED,200,5000,50000,9,0,0,1,7bd20d3f419d97fdb752360d79ebd03aa2565b5ed82f8c888953169c529b5da6,bch15-seed2026072201,0.010643419074809144,0.014015881672294441,,ad57f9cac5946e842160d085e8ddbc19acafbf15
bch.group4.result.v1,BCH15,BCH-B200,WHOLE_BLOCK_SHORTENED,BERLEKAMP_MASSEY_CHIEN,200,248,0.80645161290322576,5.5,3.548133892335755,0.41801882940651863,0.17473974173839613,2026072201,1,55,0,50000,50000,37581,7516200,77651,32879,1192,200,0.00015859077725446368,0.0053218381629014664,37381,0.99467816183709856,37382,0.99470477102791299,1,2.6609190814507331e-05,199,0.0052952289720869586,4702,32680,199,28.878686038157497,46.547547963066357,41.899999999999999,69.400000000000006,111.3,719.5,411c0ee2a61f0d5eff1cc387c7a0a7b3ae17716b6b8e7cc758c0d39b670f19b9,1df9187918b9a4e98bfcd1dffe23cf05f714797ac13966fead281e0e38ccddfb,TARGET_FRAME_ERRORS_REACHED,200,5000,50000,19,0,0,1,fddbb476f95e653aaf4a54dedbe9c8d373e51e03879c370f9445de0f9ecdd2f3,bch15-seed2026072201,0.0046351096346683631,0.0061096864891401498,,ad57f9cac5946e842160d085e8ddbc19acafbf15
bch.group4.result.v1,BCH15,BCH-B200,WHOLE_BLOCK_SHORTENED,BERLEKAMP_MASSEY_CHIEN,200,248,0.80645161290322576,5.7000000000000002,3.715352290971726,0.40850355915642739,0.16687515784346876,2026072201,1,57,0,50000,50000,50000,10000000,88628,41525,601,100,6.0099999999999997e-05,0.002,49900,0.998,49900,0.998,0,0,100,0.002,8475,41425,100,31.592819999999655,48.808570000000131,44.100000000000001,73.200000000000003,122.2,1252.7,cb1c8601b0c86a61b6de847e0cb3f13f672955bb0e90ba4169e06647926028de,a76857b9ddeb6069c19eec45595eeac994349a63f723de9b55a034f7f134e8b8,MAX_FRAMES_REACHED,200,5000,50000,26,0,0,1,e890b05d0097934b8e71e7a3bb432ae54ab9b0db227968d5a6126c979e5e5ca8,bch15-seed2026072201,0.0016448079568066212,0.0024317080242417985,,ad57f9cac5946e842160d085e8ddbc19acafbf15
bch.group4.result.v1,BCH15,BCH-B200,WHOLE_BLOCK_SHORTENED,BERLEKAMP_MASSEY_CHIEN,200,248,0.80645161290322576,5.9000000000000004,3.8904514499428067,0.3992048829005847,0.15936453853166954,2026072201,1,59,0,50000,50000,50000,10000000,75810,39009,214,39,2.1399999999999998e-05,0.00077999999999999999,49961,0.99922,49961,0.99922,0,0,39,0.00077999999999999999,10991,38970,39,32.450199999999462,48.54762800000028,43.799999999999997,73.104999999999549,119.8,931.29999999999995,a960fb0550bd4279fb043cc4a13c344f4a9ca11e9674d9276c1d8c04523a61a2,e07e4de97e467e2861172c9785be03d541c1033e5c3fa6d4de86c0f0baaf9455,MAX_FRAMES_REACHED,200,5000,50000,26,0,0,1,2884513b8a79aa455cde6856fda88f593dabc3041eba316e0c6077cc4ad26474,bch15-seed2026072201,0.00057066992594274478,0.0010660335038945893,,ad57f9cac5946e842160d085e8ddbc19acafbf15
bch.group4.result.v1,BCH15,BCH-B200,WHOLE_BLOCK_SHORTENED,BERLEKAMP_MASSEY_CHIEN,200,248,0.80645161290322576,6,3.9810717055349722,0.39463522239353394,0.155736958753594,2026072201,1,60,0,50000,50000,50000,10000000,69824,37596,128,22,1.2799999999999999e-05,0.00044000000000000002,49978,0.99956,49978,0.99956,0,0,22,0.00044000000000000002,12404,37574,22,31.744234000000041,47.522343999999485,42.700000000000003,71.700000000000003,125.20100000000021,974.60000000000002,1949cde82cc2504a8123b5a3aeb42aaeb2e105763b92b5e287e4a6bbc101e198,b2bc0d1e7252f7f3957793ab9dc63231eff12c8c47e39148fbbfa5ae95ed984f,MAX_FRAMES_REACHED,200,5000,50000,26,0,0,1,26287cade416267b8280956d04ed98381f2023aec82716d5af693a475b1e9516,bch15-seed2026072201,0.00029060077061926134,0.00066615489904449149,,ad57f9cac5946e842160d085e8ddbc19acafbf15
bch.group4.result.v1,BCH15,BCH-S300,SEGMENTED,SYNDROME_LOOKUP,300,420,0.7142857142857143,5,3.1622776601683795,0.47048850805496467,0.22135943621178655,2026072201,1,50,0,50000,50000,5000,1500000,35560,4994,7920,2575,0.00528,0.51500000000000001,2425,0.48499999999999999,5000,1,2575,0.51500000000000001,0,0,6,4994,0,7.2788599999999599,18.750779999999988,16.300000000000001,28.100000000000001,39.008000000000173,246.90000000000001,a41049a965aa21584e3eec403eb22d5e3265ce8fff16db70adfbc16011d9972b,03faa43db97e3736ab27d7cd091b01dc8d58559260f5702193d53735c08d7b38,TARGET_FRAME_ERRORS_REACHED,200,5000,50000,3,0,0,1,24d8e26fa3ddcdce6f7451f86a02550bf8dcce829d82f1c552c983eb8e94ccb0,bch15-seed2026072201,0.50114099784205079,0.52883597109959746,,ad57f9cac5946e842160d085e8ddbc19acafbf15
bch.group4.result.v1,BCH15,BCH-S300,SEGMENTED,SYNDROME_LOOKUP,300,420,0.7142857142857143,5.2000000000000002,3.3113112148259112,0.45977888210327922,0.21139662042814114,2026072201,1,52,0,50000,50000,5000,1500000,31070,4991,6009,2114,0.004006,0.42280000000000001,2886,0.57720000000000005,5000,1,2114,0.42280000000000001,0,0,9,4991,0,8.6843999999999681,21.906660000000009,17.199999999999999,32.005000000000017,69.002000000000038,483,670888e6ceada9adc6f938db0e0f3df76bcad6a5bb8fa58cd2680e5fd35e18e3,a8ece040bf357fceb3727b6b71e424661ecd79790d4d304e2451a7c5e54b9b7c,TARGET_FRAME_ERRORS_REACHED,200,5000,50000,3,0,0,1,3dddffb0c7d8c3a2e2fdbd9efc04ecfc4b5a0472f4e37a37ae14511f5b6e0351,bch15-seed2026072201,0.40917154880987239,0.43654698437044459,,ad57f9cac5946e842160d085e8ddbc19acafbf15
bch.group4.result.v1,BCH15,BCH-S300,SEGMENTED,SYNDROME_LOOKUP,300,420,0.7142857142857143,5.4000000000000004,3.4673685045253166,0.44931303700077785,0.20188220521886235,2026072201,1,54,0,50000,50000,5000,1500000,27543,4971,4815,1784,0.0032100000000000002,0.35680000000000001,3216,0.64319999999999999,5000,1,1784,0.35680000000000001,0,0,29,4971,0,7.6870000000000873,19.805919999999947,16.300000000000001,29.399999999999999,55.805000000000106,596,5f83afdb880f52e008a2f5d1e57435fc204a4655eb4e5dcecb7920e60e9b2448,ca11aa5264255c09afa30f853a75f5231bdf10b97fe0d01926edfa1aa2615b1f,TARGET_FRAME_ERRORS_REACHED,200,5000,50000,3,0,0,1,57032fc590a1554469b6ad9fa817919feabdcdf86c77a8d655e9b1715f22c6ef,bch15-seed2026072201,0.3436360925352287,0.37018377730183577,,ad57f9cac5946e842160d085e8ddbc19acafbf15
bch.group4.result.v1,BCH15,BCH-S300,SEGMENTED,SYNDROME_LOOKUP,300,420,0.7142857142857143,5.5999999999999996,3.6307805477010131,0.43908542361785557,0.19279600923367168,2026072201,1,56,0,50000,50000,5000,1500000,23964,4968,3889,1497,0.0025926666666666667,0.2994,3503,0.7006,5000,1,1497,0.2994,0,0,32,4968,0,7.4681800000000731,19.395899999999987,16.100000000000001,28.899999999999999,48.208000000000176,600.89999999999998,25639ff02ca39f4aef9d3c2870e1df33d6cbbe88c2d64b86514520b08ebd6e57,6941bf7497ae3655b9f6ad996b5c5743b3c8d4cb5d4a31b3303e1c71e7edc84c,TARGET_FRAME_ERRORS_REACHED,200,5000,50000,3,0,0,1,5b393df28694721e67167524f0da57c11785610a66dad411a69783248e012fa1,bch15-seed2026072201,0.28686319331588189,0.31224480870447507,,ad57f9cac5946e842160d085e8ddbc19acafbf15
bch.group4.result.v1,BCH15,BCH-S300,SEGMENTED,SYNDROME_LOOKUP,300,420,0.7142857142857143,5.7999999999999998,3.8018939632056115,0.42909061913851809,0.18411875943267678,2026072201,1,58,0,50000,50000,5000,1500000,20727,4932,2811,1116,0.001874,0.22320000000000001,3884,0.77680000000000005,5000,1,1116,0.22320000000000001,0,0,68,4932,0,7.476120000000134,18.871220000000054,16,28.699999999999999,40.803000000000061,332.10000000000002,cb7058a7398873a1f5dd09143af2f109208c224a4b3352a7e59397fe30667ba7,0c83237f25ac375747ac568b8abdaec1e118d8fd9cef827f248988c9d32a10e5,TARGET_FRAME_ERRORS_REACHED,200,5000,50000,3,0,0,1,acf1ca0797fd417ea5cec9c31e83028119e0cc777c9e07942d5735ad28438620,bch15-seed2026072201,0.21187340675394398,0.23495159304283972,,ad57f9cac5946e842160d085e8ddbc19acafbf15
bch.group4.result.v1,BCH15,BCH-S300,SEGMENTED,SYNDROME_LOOKUP,300,420,0.7142857142857143,6,3.9810717055349722,0.41932332418513357,0.17583205020567064,2026072201,1,60,0,50000,50000,5000,1500000,17722,4873,2148,888,0.0014319999999999999,0.17760000000000001,4112,0.82240000000000002,5000,1,888,0.17760000000000001,0,0,127,4873,0,8.3822399999999782,20.253779999999985,16.300000000000001,30.405000000000015,53.50400000000009,830.89999999999998,b5544367fb81efa0ca1d9334ff147b2c2f0d7d55f10355098694bbfd108fdf55,842f2b9fac1d32e766989f8d5c873ebf4896dfe20ad38071333a81bee01dea7a,TARGET_FRAME_ERRORS_REACHED,200,5000,50000,3,0,0,1,e79977f9173b41a385f32366ca4e2a984d132a6b04a60e8d11188f5ac7935204,bch15-seed2026072201,0.16725550754573454,0.18843950666843834,,ad57f9cac5946e842160d085e8ddbc19acafbf15
bch.group4.result.v1,BCH15,BCH-S300,SEGMENTED,SYNDROME_LOOKUP,300,420,0.7142857142857143,6.2000000000000002,4.1686938347033538,0.40977836000863238,0.16791830433136432,2026072201,1,62,0,50000,50000,5000,1500000,15350,4804,1584,687,0.0010560000000000001,0.13739999999999999,4313,0.86260000000000003,5000,1,687,0.13739999999999999,0,0,196,4804,0,7.704640000000138,19.662420000000079,15.800000000000001,29.399999999999999,52.112000000000265,474.60000000000002,d43cab48d7f1a5a5ea663ff2312225e2ff009a3bec9ca6199ac2070d84069eae,08e9f3e69762cb05de0e3286eff64d0262e2d400e1998da6293c3d0722fd1cec,TARGET_FRAME_ERRORS_REACHED,200,5000,50000,3,0,0,1,61c643ec36b3319c210f9f30061db4ae84c98d539f556df3dcf8961bd42a245c,bch15-seed2026072201,0.12813549307766525,0.14722124437289019,,ad57f9cac5946e842160d085e8ddbc19acafbf15
bch.group4.result.v1,BCH15,BCH-S300,SEGMENTED,SYNDROME_LOOKUP,300,420,0.7142857142857143,6.4000000000000004,4.3651583224016601,0.40045066574266558,0.16036073569374407,2026072201,1,64,0,50000,50000,5000,1500000,13213,4641,1198,511,0.00079866666666666671,0.1022,4489,0.89780000000000004,5000,1,511,0.1022,0,0,359,4641,0,7.5156600000000591,18.534860000000002,15.800000000000001,27.399999999999999,38.902000000000037,220.30000000000001,46e613125657ba062db7ecfb00fcce02ad0d59a836db3a64dab025342d707f69,cbf3d7beeac1bb8738018371d80cba559e88a401d348de73b4e1df8bcdbaf176,TARGET_FRAME_ERRORS_REACHED,200,5000,50000,3,0,0,1,53ab0539f6f57efe6acc8c9acb34a07aa64c978c5e759815549428f63a40e874,bch15-seed2026072201,0.094106946800694757,0.1109038368667927,,ad57f9cac5946e842160d085e8ddbc19acafbf15
bch.group4.result.v1,BCH15,BCH-S300,SEGMENTED,SYNDROME_LOOKUP,300,420,0.7142857142857143,6.5999999999999996,4.5708818961487498,0.39133529572026682,0.15314331367646869,2026072201,1,66,0,50000,50000,5000,1500000,10989,4483,834,374,0.00055599999999999996,0.074800000000000005,4626,0.92520000000000002,5000,1,374,0.074800000000000005,0,0,517,4483,0,7.3439800000000979,18.232179999999989,15.699999999999999,27.699999999999999,37.915000000000326,472.39999999999998,bc891478490c0b3669ddcac81705e71d1d2b5ba4907a5fb092c7e7aa8d93a5ae,51254f95db528bec9a4c0cecd31d442600d60a1d34d6777de9be647b5b1847f0,TARGET_FRAME_ERRORS_REACHED,200,5000,50000,3,0,0,1,baf8a08097ec1ca9eb9b090523ee216adb776090c96a6e973b407430bc9b46c9,bch15-seed2026072201,0.06783017187566602,0.082422681858410576,,ad57f9cac5946e842160d085e8ddbc19acafbf15
bch.group4.result.v1,BCH15,BCH-S300,SEGMENTED,SYNDROME_LOOKUP,300,420,0.7142857142857143,6.7999999999999998,4.7863009232263831,0.38242741685159393,0.14625072915978279,2026072201,1,68,0,50000,50000,5000,1500000,9414,4226,660,288,0.00044000000000000002,0.057599999999999998,4712,0.94240000000000002,5000,1,288,0.057599999999999998,0,0,774,4226,0,7.1072800000001122,17.516700000000007,15.300000000000001,26.699999999999999,37.50400000000009,269.39999999999998,6fcdddd27c78d55f62bd18bf3a7dd6ee1cd9b5bbc7eb6eab6fbaf22f55bfa77b,39e546be8ef80bded58f42623304eeecbb10be4eb3f3b09231f6844d5d5372ad,TARGET_FRAME_ERRORS_REACHED,200,5000,50000,3,0,0,1,b60c1a0d0ca8483723747743c4197722509680931c4fb881c6a41150333257bf,bch15-seed2026072201,0.051475272851246034,0.064403989829740521,,ad57f9cac5946e842160d085e8ddbc19acafbf15
bch.group4.result.v1,BCH15,BCH-S300,SEGMENTED,SYNDROME_LOOKUP,300,420,0.7142857142857143,7,5.011872336272722,0.37372230606136103,0.1396683620478216,2026072201,1,70,0,50000,50000,5000,1500000,7665,3946,456,201,0.00030400000000000002,0.0402,4799,0.95979999999999999,5000,1,201,0.0402,0,0,1054,3946,0,7.7751600000000227,18.622340000000001,15.6,27.800000000000001,40,222.80000000000001,a7e2f0c7e1f4a5f9a6d4443abd527ed28ebb58dfbe6dca9ff2da2e371f72b525,d119515f2df115bcbf8d52e56bea465eeaa897da20c343c90ff62fd49ba6b6e9,TARGET_FRAME_ERRORS_REACHED,200,5000,50000,3,0,0,1,2cdd1faa0b6ca8374816585f90ba874fa1c42431cd6ed052f2256c6f72ccd81f,bch15-seed2026072201,0.03509903825222041,0.046006940456454135,,ad57f9cac5946e842160d085e8ddbc19acafbf15
bch.group4.result.v1,BCH15,BCH-S300,SEGMENTED,SYNDROME_LOOKUP,300,420,0.7142857142857143,7.2000000000000002,5.2480746024977254,0.36521534778460135,0.13338225025742731,2026072201,1,72,0,50000,50000,8012,2403600,10190,5719,433,200,0.0001801464469961724,0.024962556165751371,7812,0.97503744383424862,8012,1,200,0.024962556165751371,0,0,2293,5719,0,7.4153894158762652,18.265589116325515,15.4,27.399999999999999,38.689000000000036,505.80000000000001,0ac65bc680f58906b19360d12185129bb7bb157bbe90ec2ad5c0673f8feb26ba,bf83e5d2d06e37a4b25e61009cf8f5ca827b1dabdbd1d6ce1304fde883a44087,TARGET_FRAME_ERRORS_REACHED,200,5000,50000,5,0,0,1,de6b85742481fefc1e43f94024e0d2a065c6687cb5f51f0e3623c4b07d8cc16e,bch15-seed2026072201,0.021767332204738948,0.028613087729378366,,ad57f9cac5946e842160d085e8ddbc19acafbf15
bch.group4.result.v1,BCH15,BCH-S300,SEGMENTED,SYNDROME_LOOKUP,300,420,0.7142857142857143,7.4000000000000004,5.4954087385762458,0.35690203151943367,0.12737906010269884,2026072201,1,74,0,50000,50000,12028,3608400,12770,7911,453,200,0.00012554040571998671,0.016627868307283005,11828,0.98337213169271698,12028,1,200,0.016627868307283005,0,0,4117,7911,0,7.0935733288993177,17.773744595942794,15.4,26.600000000000001,39.24599999999991,247,3ce23f90660983a1eac03ad9e93978db9e52a6b37d7ee5bf008044189edc6337,f085d7443449c2c26cb60a4fcda4bd698c655ca7fdea6bbf76a1b02d84fed1bc,TARGET_FRAME_ERRORS_REACHED,200,5000,50000,7,0,0,1,fab4da7f0acdc8a7df5af1ed8616528c78f37a1af4f883bd40cb7b770f5d8e8b,bch15-seed2026072201,0.014492132279064106,0.019072261018740929,,ad57f9cac5946e842160d085e8ddbc19acafbf15
bch.group4.result.v1,BCH15,BCH-S300,SEGMENTED,SYNDROME_LOOKUP,300,420,0.7142857142857143,7.5999999999999996,5.7543993733715695,0.34877794943553453,0.12164605801245629,2026072201,1,76,0,50000,50000,16211,4863300,14027,9486,432,200,8.8828573191043116e-05,0.012337301832089321,16011,0.98766269816791064,16211,1,200,0.012337301832089321,0,0,6725,9486,0,7.2124113256430524,18.015020664980504,15.4,27.100000000000001,39,250.90000000000001,b662b1dea80e02684f7f1b9460ed05a22c83e83574cca5153fe378d3e3ae5a0c,6dade68db36f766e45e4004cdd1d5b037044ddd89d309d671919d947d51bab2d,TARGET_FRAME_ERRORS_REACHED,200,5000,50000,9,0,0,1,65189e4026a8b5ccd8c3de2e0bf6f44d7b952c296d82e72ff0aa44f2334b7f51,bch15-seed2026072201,0.010749860572721351,0.014155807475054032,,ad57f9cac5946e842160d085e8ddbc19acafbf15
bch.group4.result.v1,BCH15,BCH-S300,SEGMENTED,SYNDROME_LOOKUP,300,420,0.7142857142857143,7.7999999999999998,6.0255958607435778,0.34083879403704803,0.11617108352062924,2026072201,1,78,0,50000,50000,23806,7141800,16831,12069,418,200,5.8528662242011818e-05,0.0084012433840208352,23606,0.99159875661597918,23806,1,200,0.0084012433840208352,0,0,11737,12069,0,7.5997689658066667,18.846521885238772,15.6,28.5,44.795000000000073,461,7baba7eee641ecf8660800f0cc0f3fedd723102e9396d00028daaa2cf471c241,6f125a71287a840f6bc15aa520ec01a08442e61371ca9695898658fa78e318dc,TARGET_FRAME_ERRORS_REACHED,200,5000,50000,12,0,0,1,9afe4a1b43bea67ce5540fbd9068c23a0c7b3b966a506c3acd69268e1d8088cb,bch15-seed2026072201,0.0073185108221730504,0.0096426041654735974,,ad57f9cac5946e842160d085e8ddbc19acafbf15
bch.group4.result.v1,BCH15,BCH-S300,SEGMENTED,SYNDROME_LOOKUP,300,420,0.7142857142857143,8,6.3095734448019334,0.33308035587869472,0.11094252347227793,2026072201,1,80,0,50000,50000,35919,10775700,20199,15437,436,200,4.0461408539584437e-05,0.0055680837439795097,35719,0.99443191625602045,35919,1,200,0.0055680837439795097,0,0,20482,15437,0,9.3210640608032129,22.159948773629608,19,32.600000000000001,72.145999999999916,1702.4000000000001,712e1cdf41db2888d58aaddb3a3d12f7283f55ec48bd4994c6b565b3eb9d5699,6af1a65cd719dc9afaa15d05c9e27e5c295dd4ad3f6d93a95c99339f15039cea,TARGET_FRAME_ERRORS_REACHED,200,5000,50000,18,0,0,1,70a3c8016bbc00ef72d9618b107dacae37c60adb0f5998b8b6841496e3616f02,bch15-seed2026072201,0.0048496518513953249,0.0063922611605146127,,ad57f9cac5946e842160d085e8ddbc19acafbf15
bch.group4.result.v1,BCH15,BCH-S300,SEGMENTED,SYNDROME_LOOKUP,300,420,0.7142857142857143,8.1999999999999993,6.6069344800759593,0.32549852133386808,0.10594928739053458,2026072201,1,82,0,50000,50000,50000,15000000,22502,18068,335,157,2.2333333333333332e-05,0.00314,49843,0.99685999999999997,50000,1,157,0.00314,0,0,31932,18068,0,10.606064000000039,25.734598000000013,24.800000000000001,34.899999999999999,81.599999999999994,1772.2,897069198a883b62b74cecca30e4e4fdd23248152a9d1f29a085bb538fcfbe0a,99463b11cb11e4ff7a1b8d5cc6e1d10d67779e1323d9514f58ec29d3b6af1b0f,MAX_FRAMES_REACHED,200,5000,50000,26,0,0,1,2e7fc61d7aeede86ce2447ba9b96f3c06d3034555e0f4a3625c7d002e36d8f7b,bch15-seed2026072201,0.0026863120844082674,0.0036700287395751022,,ad57f9cac5946e842160d085e8ddbc19acafbf15
bch.group4.result.v1,BCH15,BCH-S300,SEGMENTED,SYNDROME_LOOKUP,300,420,0.7142857142857143,8.4000000000000004,6.9183097091893657,0.31808927041353485,0.1011807839522149,2026072201,1,84,0,50000,50000,50000,15000000,17349,14677,225,102,1.5e-05,0.0020400000000000001,49898,0.99795999999999996,50000,1,102,0.0020400000000000001,0,0,35323,14677,0,10.533273999999992,26.142934000000164,24.899999999999999,35.700000000000003,83.501000000000204,5470.3999999999996,e5d701e3b963603888ebc9d71ce27b05c366b2b41338df0631eb251391e27fd5,f6ba57ee13cdc2821c4d8f00f5daba4e8e54b66af291b8fd86dd2336a48ca79e,MAX_FRAMES_REACHED,200,5000,50000,26,0,0,1,29a8917f07df7cb6dc16ebbc5a12cae830a0f4761b5968fade36ce99c5a0c4b1,bch15-seed2026072201,0.001680934882560797,0.0024755749526256918,,ad57f9cac5946e842160d085e8ddbc19acafbf15
bch.group4.result.v1,BCH15,BCH-S300,SEGMENTED,SYNDROME_LOOKUP,300,420,0.7142857142857143,8.5999999999999996,7.2443596007499007,0.31084867463478422,0.096626898522201937,2026072201,1,86,0,50000,50000,50000,15000000,13712,12035,131,58,8.7333333333333333e-06,0.00116,49942,0.99883999999999995,50000,1,58,0.00116,0,0,37965,12035,0,9.7528760000001178,23.884217999999994,22.899999999999999,33.5,72.701000000000207,2969.0999999999999,e6ba8356ac02c5477ab51a9232ea8561956cb6fba4cecae52b40d721c900ab33,983407af97a057e91512f01d83fef61bad7a68bdb45c3cf30f1064d9c578cee3,MAX_FRAMES_REACHED,200,5000,50000,26,0,0,1,4547ca07d7182f8bd5a69fbb6e77ce3defb7f54060ea1dcdecb3c16565f0db33,bch15-seed2026072201,0.00089752318645577595,0.0014991218576932081,,ad57f9cac5946e842160d085e8ddbc19acafbf15
bch.group4.result.v1,BCH15,BCH-S300,SEGMENTED,SYNDROME_LOOKUP,300,420,0.7142857142857143,8.8000000000000007,7.5857757502918401,0.3037728949378935,0.092277971698948483,2026072201,1,88,0,50000,50000,50000,15000000,10312,9257,84,36,5.5999999999999997e-06,0.00072000000000000005,49964,0.99927999999999995,50000,1,36,0.00072000000000000005,0,0,40743,9257,0,8.1073980000002042,20.04102399999994,16,30.100000000000001,51.501000000000204,798.5,0b13bad65f1ca6fb89d5edb6145c8d75959bad88ee07ee8d0c6ec9256c1c8aa3,023d0e8d8911b00d9d0d21616371ece99414e8d80f482ad9ee1d2f9d67d39c0f,MAX_FRAMES_REACHED,200,5000,50000,26,0,0,1,48f53c8cf22ea33463681ad0cec0a445b962789a7a3e3f611b49d4159ec1a50f,bch15-seed2026072201,0.00052014603945308487,0.00099656660917714682,,ad57f9cac5946e842160d085e8ddbc19acafbf15
bch.group4.result.v1,BCH15,BCH-S300,SEGMENTED,SYNDROME_LOOKUP,300,420,0.7142857142857143,9,7.9432823472428158,0.29685817965080852,0.088124778825591707,2026072201,1,90,0,50000,50000,50000,15000000,8053,7471,51,23,3.4000000000000001e-06,0.00046000000000000001,49977,0.99953999999999998,50000,1,23,0.00046000000000000001,0,0,42529,7471,0,8.630165999999857,21.271248000000092,18.699999999999999,31.5,61.5,885.60000000000002,48e42e813e04c7e0d871af33be49e11e431d72f84b58f00b3e98c9a99ecdd432,2d3336066d34f75f287bec8a3cdebce6dbcb73cee1ec80211b5f08925b692984,MAX_FRAMES_REACHED,200,5000,50000,26,0,0,1,0a081331a5462b9fa442ab296933845c30c640a75a28ae6268b49474eb6d8f92,bch15-seed2026072201,0.00030655557326559111,0.0006901970234671961,,ad57f9cac5946e842160d085e8ddbc19acafbf15
bch.group4.result.v1,BCH15,BCH-B300,WHOLE_BLOCK_SHORTENED,BERLEKAMP_MASSEY_CHIEN,300,390,0.76923076923076927,4,2.5118864315095801,0.50869407393813149,0.25876966085977321,2026072201,1,40,0,50000,50000,5000,1500000,48096,4999,17786,1799,0.011857333333333333,0.35980000000000001,3201,0.64019999999999999,3201,0.64019999999999999,0,0,1799,0.35980000000000001,1,3200,1799,69.448619999999806,154.68108000000058,135.30000000000001,244.93500000000014,472.62700000000058,1692.8,6c8816c345cf16a43fc199ffe08a42a5af3a83e6d4791db88ce7cc7127fafb6e,b66157f7705820ad350780d5274d15146a6677f135f51cfa8fdd183cef9d703a,TARGET_FRAME_ERRORS_REACHED,200,5000,50000,3,0,0,1,e954053123a347360a7248403d7d94225a9fafd0528c011eecbcc9004d3789db,bch15-seed2026072201,0.34660924504093921,0.37320601858445496,,ad57f9cac5946e842160d085e8ddbc19acafbf15
bch.group4.result.v1,BCH15,BCH-B300,WHOLE_BLOCK_SHORTENED,BERLEKAMP_MASSEY_CHIEN,300,390,0.76923076923076927,4.2000000000000002,2.6302679918953822,0.49711478313198931,0.24712310760836476,2026072201,1,42,0,50000,50000,5000,1500000,42919,5000,11584,1212,0.0077226666666666667,0.2424,3788,0.75760000000000005,3788,0.75760000000000005,0,0,1212,0.2424,0,3788,1212,74.463919999999973,161.75601999999992,138.40000000000001,274.94000000000011,548.0330000000007,3061.6999999999998,c3a0cb48ed1303bceb2dbdc9c6f57f5a20cd62bcd6b0ebd6d174b4e85d69a706,d5263dba6625b0739e7c9ee0bcc8cc66f38e9785ea7f610f6e0d473166864130,TARGET_FRAME_ERRORS_REACHED,200,5000,50000,3,0,0,1,fbfb1f4b50fa1a103bf92a3dcd2b93cecec532d355d059d1383eac98289a8cbc,bch15-seed2026072201,0.23072250786083676,0.25447301218125673,,ad57f9cac5946e842160d085e8ddbc19acafbf15
bch.group4.result.v1,BCH15,BCH-B300,WHOLE_BLOCK_SHORTENED,BERLEKAMP_MASSEY_CHIEN,300,390,0.76923076923076927,4.4000000000000004,2.7542287033381667,0.48579906916395571,0.23600073560056584,2026072201,1,44,0,50000,50000,5000,1500000,38406,4998,7035,740,0.0046899999999999997,0.14799999999999999,4260,0.85199999999999998,4260,0.85199999999999998,0,0,740,0.14799999999999999,2,4258,740,60.67267999999995,135.6986999999998,122.3,204.81500000000008,355.43700000000081,1346.8,81858c51851aadea87b153dd7647011d2a009993923ea0ec19cce86981973bec,7cf66fe6c74ee86a64d8c2c9591a7576d9592621009678dc05ec548a87c9e072,TARGET_FRAME_ERRORS_REACHED,200,5000,50000,3,0,0,1,a8d5b508f9d392e3d160789acf67308d360071af082c404a7234b79aa29e7f1f,bch15-seed2026072201,0.13842761104205764,0.15811285112726259,,ad57f9cac5946e842160d085e8ddbc19acafbf15
bch.group4.result.v1,BCH15,BCH-B300,WHOLE_BLOCK_SHORTENED,BERLEKAMP_MASSEY_CHIEN,300,390,0.76923076923076927,4.5999999999999996,2.8840315031266055,0.47474093229270381,0.22537895279414558,2026072201,1,46,0,50000,50000,5000,1500000,34181,4996,4007,431,0.0026713333333333333,0.086199999999999999,4569,0.91379999999999995,4569,0.91379999999999995,0,0,431,0.086199999999999999,4,4565,431,57.763099999999874,126.25744000000017,115.8,188.71000000000001,294.30700000000019,1658.3,a5f1f5b881ccf24ee675217ecba8e7a1303cbcd1c3ed34da25afff8fed09965b,70246da6fb6361cb174287fabc2af91cf1c62cfcbabd944a65c5bd03d887e429,TARGET_FRAME_ERRORS_REACHED,200,5000,50000,3,0,0,1,1a7660cd1496ed78f5cbb29290c7bb34aa7327629725f3e12e0d1046579347bf,bch15-seed2026072201,0.07873484384029536,0.094300506289433927,,ad57f9cac5946e842160d085e8ddbc19acafbf15
bch.group4.result.v1,BCH15,BCH-B300,WHOLE_BLOCK_SHORTENED,BERLEKAMP_MASSEY_CHIEN,300,390,0.76923076923076927,4.7999999999999998,3.0199517204020161,0.46393450934769254,0.21523522896368422,2026072201,1,48,0,50000,50000,5000,1500000,30549,4988,2136,238,0.0014239999999999999,0.047600000000000003,4762,0.95240000000000002,4762,0.95240000000000002,0,0,238,0.047600000000000003,12,4750,238,59.967019999999998,126.19012000000023,111.75,201.90000000000001,356.42000000000041,1074.5,e9d7eea3cc6c2d930bacc1e7bb33113921946436744d7e728dcefadba9ae9bb1,312e0bc7d051e2661ac3a15672895c4e06e47a43bc2120cfa810661ba58abc65,TARGET_FRAME_ERRORS_REACHED,200,5000,50000,3,0,0,1,04f3d489f0516e572b18fa28963976b98e431669e0c968192fb1262b85242f35,bch15-seed2026072201,0.042037671541782069,0.053856945178105638,,ad57f9cac5946e842160d085e8ddbc19acafbf15
bch.group4.result.v1,BCH15,BCH-B300,WHOLE_BLOCK_SHORTENED,BERLEKAMP_MASSEY_CHIEN,300,390,0.76923076923076927,5,3.1622776601683795,0.45337407062043655,0.20554804791094458,2026072201,1,50,0,50000,50000,9580,2874000,50989,9545,1787,200,0.0006217814892136395,0.020876826722338204,9380,0.97912317327766174,9380,0.97912317327766174,0,0,200,0.020876826722338204,35,9345,200,56.013757828810149,116.77448851774514,106.2,172.09999999999999,263.03099999999904,1834.9000000000001,95f17cc79cee1697334c12a0bf0e8c6a938e42c45696aa8e8a89b18a1a932ddb,54acbbac99cea7bfcaa1864e64f7f6601f8930ea716ca6c25f186ab0159e36d8,TARGET_FRAME_ERRORS_REACHED,200,5000,50000,5,0,0,1,3acfa01a22b96bfb36c876ff4c5d65b9b743650d8034409c354f6c0c32d00020,bch15-seed2026072201,0.018200044349628054,0.023937699743478785,,ad57f9cac5946e842160d085e8ddbc19acafbf15
bch.group4.result.v1,BCH15,BCH-B300,WHOLE_BLOCK_SHORTENED,BERLEKAMP_MASSEY_CHIEN,300,390,0.76923076923076927,5.2000000000000002,3.3113112148259112,0.44305401682653889,0.19629686182613101,2026072201,1,52,0,50000,50000,24419,7325700,113953,24204,1779,200,0.00024284368729268193,0.0081903435849133878,24219,0.99180965641508656,24219,0.99180965641508656,0,0,200,0.0081903435849133878,215,24004,200,67.388701421024507,128.12779393095488,118.09999999999999,190.10999999999984,295.26399999999995,2763.5,70d6222da944a0e089e55c98f80729f1d7236345c2afd5084b2a8875d6ef9e96,5e3571429ae2c2fdd3f4f767f327708ef510ce26524536335459c9ba1d575e7c,TARGET_FRAME_ERRORS_REACHED,200,5000,50000,13,0,0,1,974d82af2dd5a3dd038a89f6f34bdba64146f4d936356d628f66ab4555743b40,bch15-seed2026072201,0.0071347003048925894,0.0094006999474331044,,ad57f9cac5946e842160d085e8ddbc19acafbf15
bch.group4.result.v1,BCH15,BCH-B300,WHOLE_BLOCK_SHORTENED,BERLEKAMP_MASSEY_CHIEN,300,390,0.76923076923076927,5.4000000000000004,3.4673685045253166,0.43296887613687585,0.18746204770322933,2026072201,1,54,0,50000,50000,50000,15000000,204228,49199,1411,159,9.4066666666666672e-05,0.0031800000000000001,49841,0.99682000000000004,49841,0.99682000000000004,0,0,159,0.0031800000000000001,801,49040,159,68.281953999999629,128.10267600000034,122.2,190.90000000000001,283.19999999999999,1936.0999999999999,d27604ec287de727d7a2c3170b16a09596adb7f5bc454107ad58b1eea289e7d2,a4b7da64bf43a8a11040592f900553f079d1b647c2a95601b57883f63c9837d4,MAX_FRAMES_REACHED,200,5000,50000,26,0,0,1,a7a68f344081255730006bd2f5f10d3ce79641e2becaf705b16d1165d4f6c685,bch15-seed2026072201,0.0027232149273334763,0.0037131197507879613,,ad57f9cac5946e842160d085e8ddbc19acafbf15
bch.group4.result.v1,BCH15,BCH-B300,WHOLE_BLOCK_SHORTENED,BERLEKAMP_MASSEY_CHIEN,300,390,0.76923076923076927,5.5,3.548133892335755,0.42801272239524546,0.18319489053218946,2026072201,1,55,0,50000,50000,50000,15000000,189927,48900,759,88,5.0599999999999997e-05,0.0017600000000000001,49912,0.99824000000000002,49912,0.99824000000000002,0,0,88,0.0017600000000000001,1100,48812,88,65.450063999999685,122.70082600000011,114.3,181.40000000000001,266.60000000000002,886,c3831bc01431bcd01da1735cb0b650cfe02ee703bed57976b8263bf28dcd97e4,cda1cab49015139513252cf358e0f9940cf0942376685a26d26b685c8a4b7258,MAX_FRAMES_REACHED,200,5000,50000,26,0,0,1,6b49dbfdfc5296ea37d3d6bd5879c23fb26cbf0b3576e1ba70f50c1a2c812cac,bch15-seed2026072201,0.0014289038794953715,0.0021676489767246386,,ad57f9cac5946e842160d085e8ddbc19acafbf15
