caseName,burstMode,sourcePayloadEbN0Db,burstLength,burstStartPolicy,processedFrames,processedPayloadBits,decodedBitErrors,decodedFrameErrors,BER,FER,aggregation
BCH-S200,PURE,0,1,ONE_BEFORE_SEGMENT_BOUNDARY,5000,1000000,0,0,0.0,0.0,RAW_COUNTS
BCH-S200,PURE,0,1,ON_SEGMENT_BOUNDARY,5000,1000000,0,0,0.0,0.0,RAW_COUNTS
BCH-S200,PURE,0,2,ONE_BEFORE_SEGMENT_BOUNDARY,5000,1000000,0,0,0.0,0.0,RAW_COUNTS
BCH-S200,PURE,0,2,ON_SEGMENT_BOUNDARY,5000,1000000,10000,5000,0.01,1.0,RAW_COUNTS
BCH-S200,PURE,0,3,ONE_BEFORE_SEGMENT_BOUNDARY,5000,1000000,10000,5000,0.01,1.0,RAW_COUNTS
BCH-S200,PURE,0,3,ON_SEGMENT_BOUNDARY,5000,1000000,20000,5000,0.02,1.0,RAW_COUNTS
BCH-S200,PURE,0,4,ONE_BEFORE_SEGMENT_BOUNDARY,5000,1000000,20000,5000,0.02,1.0,RAW_COUNTS
BCH-S200,PURE,0,4,ON_SEGMENT_BOUNDARY,5000,1000000,25000,5000,0.025,1.0,RAW_COUNTS
BCH-S200,PURE,0,5,ONE_BEFORE_SEGMENT_BOUNDARY,5000,1000000,25000,5000,0.025,1.0,RAW_COUNTS
BCH-S200,PURE,0,5,ON_SEGMENT_BOUNDARY,5000,1000000,25000,5000,0.025,1.0,RAW_COUNTS
BCH-S200,PURE,0,6,ONE_BEFORE_SEGMENT_BOUNDARY,5000,1000000,25000,5000,0.025,1.0,RAW_COUNTS
BCH-S200,PURE,0,6,ON_SEGMENT_BOUNDARY,5000,1000000,30000,5000,0.03,1.0,RAW_COUNTS
BCH-S200,PURE,0,7,ONE_BEFORE_SEGMENT_BOUNDARY,5000,1000000,30000,5000,0.03,1.0,RAW_COUNTS
BCH-S200,PURE,0,7,ON_SEGMENT_BOUNDARY,5000,1000000,30000,5000,0.03,1.0,RAW_COUNTS
BCH-S200,PURE,0,8,ONE_BEFORE_SEGMENT_BOUNDARY,5000,1000000,30000,5000,0.03,1.0,RAW_COUNTS
BCH-S200,PURE,0,8,ON_SEGMENT_BOUNDARY,5000,1000000,45000,5000,0.045,1.0,RAW_COUNTS
BCH-S200,PURE,0,10,ONE_BEFORE_SEGMENT_BOUNDARY,5000,1000000,40000,5000,0.04,1.0,RAW_COUNTS
BCH-S200,PURE,0,10,ON_SEGMENT_BOUNDARY,5000,1000000,45000,5000,0.045,1.0,RAW_COUNTS
BCH-S200,PURE,0,12,ONE_BEFORE_SEGMENT_BOUNDARY,5000,1000000,50000,5000,0.05,1.0,RAW_COUNTS
BCH-S200,PURE,0,12,ON_SEGMENT_BOUNDARY,5000,1000000,50000,5000,0.05,1.0,RAW_COUNTS
BCH-S200,PURE,0,14,ONE_BEFORE_SEGMENT_BOUNDARY,5000,1000000,50000,5000,0.05,1.0,RAW_COUNTS
BCH-S200,PURE,0,14,ON_SEGMENT_BOUNDARY,5000,1000000,55000,5000,0.055,1.0,RAW_COUNTS
BCH-S200,PURE,0,15,ONE_BEFORE_SEGMENT_BOUNDARY,5000,1000000,55000,5000,0.055,1.0,RAW_COUNTS
BCH-S200,PURE,0,15,ON_SEGMENT_BOUNDARY,5000,1000000,55000,5000,0.055,1.0,RAW_COUNTS
BCH-S200,PURE,0,16,ONE_BEFORE_SEGMENT_BOUNDARY,5000,1000000,55000,5000,0.055,1.0,RAW_COUNTS
BCH-S200,PURE,0,16,ON_SEGMENT_BOUNDARY,5000,1000000,55000,5000,0.055,1.0,RAW_COUNTS
BCH-S200,PURE,0,20,ONE_BEFORE_SEGMENT_BOUNDARY,5000,1000000,80000,5000,0.08,1.0,RAW_COUNTS
BCH-S200,PURE,0,20,ON_SEGMENT_BOUNDARY,5000,1000000,80000,5000,0.08,1.0,RAW_COUNTS
BCH-S200,PURE,0,24,ONE_BEFORE_SEGMENT_BOUNDARY,5000,1000000,100000,5000,0.1,1.0,RAW_COUNTS
BCH-S200,PURE,0,24,ON_SEGMENT_BOUNDARY,5000,1000000,95000,5000,0.095,1.0,RAW_COUNTS
BCH-S200,PURE,0,29,ONE_BEFORE_SEGMENT_BOUNDARY,5000,1000000,105000,5000,0.105,1.0,RAW_COUNTS
BCH-S200,PURE,0,29,ON_SEGMENT_BOUNDARY,5000,1000000,110000,5000,0.11,1.0,RAW_COUNTS
BCH-S200,PURE,0,30,ONE_BEFORE_SEGMENT_BOUNDARY,5000,1000000,110000,5000,0.11,1.0,RAW_COUNTS
BCH-S200,PURE,0,30,ON_SEGMENT_BOUNDARY,5000,1000000,110000,5000,0.11,1.0,RAW_COUNTS
BCH-S200,PURE,0,31,ONE_BEFORE_SEGMENT_BOUNDARY,5000,1000000,110000,5000,0.11,1.0,RAW_COUNTS
BCH-S200,PURE,0,31,ON_SEGMENT_BOUNDARY,5000,1000000,110000,5000,0.11,1.0,RAW_COUNTS
BCH-S200,PURE,0,32,ONE_BEFORE_SEGMENT_BOUNDARY,5000,1000000,110000,5000,0.11,1.0,RAW_COUNTS
BCH-S200,PURE,0,32,ON_SEGMENT_BOUNDARY,5000,1000000,120000,5000,0.12,1.0,RAW_COUNTS
BCH-S200,PURE,0,48,ONE_BEFORE_SEGMENT_BOUNDARY,5000,1000000,175000,5000,0.175,1.0,RAW_COUNTS
BCH-S200,PURE,0,48,ON_SEGMENT_BOUNDARY,5000,1000000,185000,5000,0.185,1.0,RAW_COUNTS
BCH-S200,PURE,0,64,ONE_BEFORE_SEGMENT_BOUNDARY,5000,1000000,240000,5000,0.24,1.0,RAW_COUNTS
BCH-S200,PURE,0,64,ON_SEGMENT_BOUNDARY,5000,1000000,245000,5000,0.245,1.0,RAW_COUNTS
BCH-B200,PURE,0,1,ONE_BEFORE_SEGMENT_BOUNDARY,5000,1000000,0,0,0.0,0.0,RAW_COUNTS
BCH-B200,PURE,0,1,ON_SEGMENT_BOUNDARY,5000,1000000,0,0,0.0,0.0,RAW_COUNTS
BCH-B200,PURE,0,2,ONE_BEFORE_SEGMENT_BOUNDARY,5000,1000000,0,0,0.0,0.0,RAW_COUNTS
BCH-B200,PURE,0,2,ON_SEGMENT_BOUNDARY,5000,1000000,0,0,0.0,0.0,RAW_COUNTS
BCH-B200,PURE,0,3,ONE_BEFORE_SEGMENT_BOUNDARY,5000,1000000,0,0,0.0,0.0,RAW_COUNTS
BCH-B200,PURE,0,3,ON_SEGMENT_BOUNDARY,5000,1000000,0,0,0.0,0.0,RAW_COUNTS
BCH-B200,PURE,0,4,ONE_BEFORE_SEGMENT_BOUNDARY,5000,1000000,0,0,0.0,0.0,RAW_COUNTS
BCH-B200,PURE,0,4,ON_SEGMENT_BOUNDARY,5000,1000000,0,0,0.0,0.0,RAW_COUNTS
BCH-B200,PURE,0,5,ONE_BEFORE_SEGMENT_BOUNDARY,5000,1000000,0,0,0.0,0.0,RAW_COUNTS
BCH-B200,PURE,0,5,ON_SEGMENT_BOUNDARY,5000,1000000,0,0,0.0,0.0,RAW_COUNTS
BCH-B200,PURE,0,6,ONE_BEFORE_SEGMENT_BOUNDARY,5000,1000000,0,0,0.0,0.0,RAW_COUNTS
BCH-B200,PURE,0,6,ON_SEGMENT_BOUNDARY,5000,1000000,0,0,0.0,0.0,RAW_COUNTS
BCH-B200,PURE,0,7,ONE_BEFORE_SEGMENT_BOUNDARY,5000,1000000,35000,5000,0.035,1.0,RAW_COUNTS
BCH-B200,PURE,0,7,ON_SEGMENT_BOUNDARY,5000,1000000,35000,5000,0.035,1.0,RAW_COUNTS
BCH-B200,PURE,0,8,ONE_BEFORE_SEGMENT_BOUNDARY,5000,1000000,40000,5000,0.04,1.0,RAW_COUNTS
BCH-B200,PURE,0,8,ON_SEGMENT_BOUNDARY,5000,1000000,40000,5000,0.04,1.0,RAW_COUNTS
BCH-B200,PURE,0,10,ONE_BEFORE_SEGMENT_BOUNDARY,5000,1000000,50000,5000,0.05,1.0,RAW_COUNTS
BCH-B200,PURE,0,10,ON_SEGMENT_BOUNDARY,5000,1000000,50000,5000,0.05,1.0,RAW_COUNTS
BCH-B200,PURE,0,12,ONE_BEFORE_SEGMENT_BOUNDARY,5000,1000000,60000,5000,0.06,1.0,RAW_COUNTS
BCH-B200,PURE,0,12,ON_SEGMENT_BOUNDARY,5000,1000000,60000,5000,0.06,1.0,RAW_COUNTS
BCH-B200,PURE,0,14,ONE_BEFORE_SEGMENT_BOUNDARY,5000,1000000,70000,5000,0.07,1.0,RAW_COUNTS
BCH-B200,PURE,0,14,ON_SEGMENT_BOUNDARY,5000,1000000,70000,5000,0.07,1.0,RAW_COUNTS
BCH-B200,PURE,0,15,ONE_BEFORE_SEGMENT_BOUNDARY,5000,1000000,75000,5000,0.075,1.0,RAW_COUNTS
BCH-B200,PURE,0,15,ON_SEGMENT_BOUNDARY,5000,1000000,75000,5000,0.075,1.0,RAW_COUNTS
BCH-B200,PURE,0,16,ONE_BEFORE_SEGMENT_BOUNDARY,5000,1000000,80000,5000,0.08,1.0,RAW_COUNTS
BCH-B200,PURE,0,16,ON_SEGMENT_BOUNDARY,5000,1000000,80000,5000,0.08,1.0,RAW_COUNTS
BCH-B200,PURE,0,20,ONE_BEFORE_SEGMENT_BOUNDARY,5000,1000000,100000,5000,0.1,1.0,RAW_COUNTS
BCH-B200,PURE,0,20,ON_SEGMENT_BOUNDARY,5000,1000000,100000,5000,0.1,1.0,RAW_COUNTS
BCH-B200,PURE,0,24,ONE_BEFORE_SEGMENT_BOUNDARY,5000,1000000,120000,5000,0.12,1.0,RAW_COUNTS
BCH-B200,PURE,0,24,ON_SEGMENT_BOUNDARY,5000,1000000,120000,5000,0.12,1.0,RAW_COUNTS
BCH-B200,PURE,0,29,ONE_BEFORE_SEGMENT_BOUNDARY,5000,1000000,145000,5000,0.145,1.0,RAW_COUNTS
BCH-B200,PURE,0,29,ON_SEGMENT_BOUNDARY,5000,1000000,145000,5000,0.145,1.0,RAW_COUNTS
BCH-B200,PURE,0,30,ONE_BEFORE_SEGMENT_BOUNDARY,5000,1000000,150000,5000,0.15,1.0,RAW_COUNTS
BCH-B200,PURE,0,30,ON_SEGMENT_BOUNDARY,5000,1000000,150000,5000,0.15,1.0,RAW_COUNTS
BCH-B200,PURE,0,31,ONE_BEFORE_SEGMENT_BOUNDARY,5000,1000000,155000,5000,0.155,1.0,RAW_COUNTS
BCH-B200,PURE,0,31,ON_SEGMENT_BOUNDARY,5000,1000000,155000,5000,0.155,1.0,RAW_COUNTS
BCH-B200,PURE,0,32,ONE_BEFORE_SEGMENT_BOUNDARY,5000,1000000,160000,5000,0.16,1.0,RAW_COUNTS
BCH-B200,PURE,0,32,ON_SEGMENT_BOUNDARY,5000,1000000,160000,5000,0.16,1.0,RAW_COUNTS
BCH-B200,PURE,0,48,ONE_BEFORE_SEGMENT_BOUNDARY,5000,1000000,240000,5000,0.24,1.0,RAW_COUNTS
BCH-B200,PURE,0,48,ON_SEGMENT_BOUNDARY,5000,1000000,240000,5000,0.24,1.0,RAW_COUNTS
BCH-B200,PURE,0,64,ONE_BEFORE_SEGMENT_BOUNDARY,5000,1000000,320000,5000,0.32,1.0,RAW_COUNTS
BCH-B200,PURE,0,64,ON_SEGMENT_BOUNDARY,5000,1000000,320000,5000,0.32,1.0,RAW_COUNTS
BCH-S300,PURE,0,1,ONE_BEFORE_SEGMENT_BOUNDARY,5000,1500000,0,0,0.0,0.0,RAW_COUNTS
BCH-S300,PURE,0,1,ON_SEGMENT_BOUNDARY,5000,1500000,0,0,0.0,0.0,RAW_COUNTS
BCH-S300,PURE,0,2,ONE_BEFORE_SEGMENT_BOUNDARY,5000,1500000,0,0,0.0,0.0,RAW_COUNTS
BCH-S300,PURE,0,2,ON_SEGMENT_BOUNDARY,5000,1500000,10000,5000,0.006666666666666667,1.0,RAW_COUNTS
BCH-S300,PURE,0,3,ONE_BEFORE_SEGMENT_BOUNDARY,5000,1500000,10000,5000,0.006666666666666667,1.0,RAW_COUNTS
BCH-S300,PURE,0,3,ON_SEGMENT_BOUNDARY,5000,1500000,20000,5000,0.013333333333333334,1.0,RAW_COUNTS
BCH-S300,PURE,0,4,ONE_BEFORE_SEGMENT_BOUNDARY,5000,1500000,20000,5000,0.013333333333333334,1.0,RAW_COUNTS
BCH-S300,PURE,0,4,ON_SEGMENT_BOUNDARY,5000,1500000,25000,5000,0.016666666666666666,1.0,RAW_COUNTS
BCH-S300,PURE,0,5,ONE_BEFORE_SEGMENT_BOUNDARY,5000,1500000,25000,5000,0.016666666666666666,1.0,RAW_COUNTS
BCH-S300,PURE,0,5,ON_SEGMENT_BOUNDARY,5000,1500000,25000,5000,0.016666666666666666,1.0,RAW_COUNTS
BCH-S300,PURE,0,6,ONE_BEFORE_SEGMENT_BOUNDARY,5000,1500000,25000,5000,0.016666666666666666,1.0,RAW_COUNTS
BCH-S300,PURE,0,6,ON_SEGMENT_BOUNDARY,5000,1500000,30000,5000,0.02,1.0,RAW_COUNTS
BCH-S300,PURE,0,7,ONE_BEFORE_SEGMENT_BOUNDARY,5000,1500000,30000,5000,0.02,1.0,RAW_COUNTS
BCH-S300,PURE,0,7,ON_SEGMENT_BOUNDARY,5000,1500000,30000,5000,0.02,1.0,RAW_COUNTS
BCH-S300,PURE,0,8,ONE_BEFORE_SEGMENT_BOUNDARY,5000,1500000,30000,5000,0.02,1.0,RAW_COUNTS
BCH-S300,PURE,0,8,ON_SEGMENT_BOUNDARY,5000,1500000,45000,5000,0.03,1.0,RAW_COUNTS
BCH-S300,PURE,0,10,ONE_BEFORE_SEGMENT_BOUNDARY,5000,1500000,40000,5000,0.02666666666666667,1.0,RAW_COUNTS
BCH-S300,PURE,0,10,ON_SEGMENT_BOUNDARY,5000,1500000,45000,5000,0.03,1.0,RAW_COUNTS
BCH-S300,PURE,0,12,ONE_BEFORE_SEGMENT_BOUNDARY,5000,1500000,50000,5000,0.03333333333333333,1.0,RAW_COUNTS
BCH-S300,PURE,0,12,ON_SEGMENT_BOUNDARY,5000,1500000,50000,5000,0.03333333333333333,1.0,RAW_COUNTS
BCH-S300,PURE,0,14,ONE_BEFORE_SEGMENT_BOUNDARY,5000,1500000,50000,5000,0.03333333333333333,1.0,RAW_COUNTS
BCH-S300,PURE,0,14,ON_SEGMENT_BOUNDARY,5000,1500000,55000,5000,0.03666666666666667,1.0,RAW_COUNTS
BCH-S300,PURE,0,15,ONE_BEFORE_SEGMENT_BOUNDARY,5000,1500000,55000,5000,0.03666666666666667,1.0,RAW_COUNTS
BCH-S300,PURE,0,15,ON_SEGMENT_BOUNDARY,5000,1500000,55000,5000,0.03666666666666667,1.0,RAW_COUNTS
BCH-S300,PURE,0,16,ONE_BEFORE_SEGMENT_BOUNDARY,5000,1500000,55000,5000,0.03666666666666667,1.0,RAW_COUNTS
BCH-S300,PURE,0,16,ON_SEGMENT_BOUNDARY,5000,1500000,55000,5000,0.03666666666666667,1.0,RAW_COUNTS
BCH-S300,PURE,0,20,ONE_BEFORE_SEGMENT_BOUNDARY,5000,1500000,80000,5000,0.05333333333333334,1.0,RAW_COUNTS
BCH-S300,PURE,0,20,ON_SEGMENT_BOUNDARY,5000,1500000,80000,5000,0.05333333333333334,1.0,RAW_COUNTS
BCH-S300,PURE,0,24,ONE_BEFORE_SEGMENT_BOUNDARY,5000,1500000,100000,5000,0.06666666666666667,1.0,RAW_COUNTS
BCH-S300,PURE,0,24,ON_SEGMENT_BOUNDARY,5000,1500000,95000,5000,0.06333333333333334,1.0,RAW_COUNTS
BCH-S300,PURE,0,29,ONE_BEFORE_SEGMENT_BOUNDARY,5000,1500000,105000,5000,0.07,1.0,RAW_COUNTS
BCH-S300,PURE,0,29,ON_SEGMENT_BOUNDARY,5000,1500000,110000,5000,0.07333333333333333,1.0,RAW_COUNTS
BCH-S300,PURE,0,30,ONE_BEFORE_SEGMENT_BOUNDARY,5000,1500000,110000,5000,0.07333333333333333,1.0,RAW_COUNTS
BCH-S300,PURE,0,30,ON_SEGMENT_BOUNDARY,5000,1500000,110000,5000,0.07333333333333333,1.0,RAW_COUNTS
BCH-S300,PURE,0,31,ONE_BEFORE_SEGMENT_BOUNDARY,5000,1500000,110000,5000,0.07333333333333333,1.0,RAW_COUNTS
BCH-S300,PURE,0,31,ON_SEGMENT_BOUNDARY,5000,1500000,110000,5000,0.07333333333333333,1.0,RAW_COUNTS
BCH-S300,PURE,0,32,ONE_BEFORE_SEGMENT_BOUNDARY,5000,1500000,110000,5000,0.07333333333333333,1.0,RAW_COUNTS
BCH-S300,PURE,0,32,ON_SEGMENT_BOUNDARY,5000,1500000,120000,5000,0.08,1.0,RAW_COUNTS
BCH-S300,PURE,0,48,ONE_BEFORE_SEGMENT_BOUNDARY,5000,1500000,175000,5000,0.11666666666666667,1.0,RAW_COUNTS
BCH-S300,PURE,0,48,ON_SEGMENT_BOUNDARY,5000,1500000,185000,5000,0.12333333333333334,1.0,RAW_COUNTS
BCH-S300,PURE,0,64,ONE_BEFORE_SEGMENT_BOUNDARY,5000,1500000,240000,5000,0.16,1.0,RAW_COUNTS
BCH-S300,PURE,0,64,ON_SEGMENT_BOUNDARY,5000,1500000,245000,5000,0.16333333333333333,1.0,RAW_COUNTS
BCH-B300,PURE,0,1,ONE_BEFORE_SEGMENT_BOUNDARY,5000,1500000,0,0,0.0,0.0,RAW_COUNTS
BCH-B300,PURE,0,1,ON_SEGMENT_BOUNDARY,5000,1500000,0,0,0.0,0.0,RAW_COUNTS
BCH-B300,PURE,0,2,ONE_BEFORE_SEGMENT_BOUNDARY,5000,1500000,0,0,0.0,0.0,RAW_COUNTS
BCH-B300,PURE,0,2,ON_SEGMENT_BOUNDARY,5000,1500000,0,0,0.0,0.0,RAW_COUNTS
BCH-B300,PURE,0,3,ONE_BEFORE_SEGMENT_BOUNDARY,5000,1500000,0,0,0.0,0.0,RAW_COUNTS
BCH-B300,PURE,0,3,ON_SEGMENT_BOUNDARY,5000,1500000,0,0,0.0,0.0,RAW_COUNTS
BCH-B300,PURE,0,4,ONE_BEFORE_SEGMENT_BOUNDARY,5000,1500000,0,0,0.0,0.0,RAW_COUNTS
BCH-B300,PURE,0,4,ON_SEGMENT_BOUNDARY,5000,1500000,0,0,0.0,0.0,RAW_COUNTS
BCH-B300,PURE,0,5,ONE_BEFORE_SEGMENT_BOUNDARY,5000,1500000,0,0,0.0,0.0,RAW_COUNTS
BCH-B300,PURE,0,5,ON_SEGMENT_BOUNDARY,5000,1500000,0,0,0.0,0.0,RAW_COUNTS
BCH-B300,PURE,0,6,ONE_BEFORE_SEGMENT_BOUNDARY,5000,1500000,0,0,0.0,0.0,RAW_COUNTS
BCH-B300,PURE,0,6,ON_SEGMENT_BOUNDARY,5000,1500000,0,0,0.0,0.0,RAW_COUNTS
BCH-B300,PURE,0,7,ONE_BEFORE_SEGMENT_BOUNDARY,5000,1500000,0,0,0.0,0.0,RAW_COUNTS
BCH-B300,PURE,0,7,ON_SEGMENT_BOUNDARY,5000,1500000,0,0,0.0,0.0,RAW_COUNTS
BCH-B300,PURE,0,8,ONE_BEFORE_SEGMENT_BOUNDARY,5000,1500000,0,0,0.0,0.0,RAW_COUNTS
BCH-B300,PURE,0,8,ON_SEGMENT_BOUNDARY,5000,1500000,0,0,0.0,0.0,RAW_COUNTS
BCH-B300,PURE,0,10,ONE_BEFORE_SEGMENT_BOUNDARY,5000,1500000,0,0,0.0,0.0,RAW_COUNTS
BCH-B300,PURE,0,10,ON_SEGMENT_BOUNDARY,5000,1500000,0,0,0.0,0.0,RAW_COUNTS
BCH-B300,PURE,0,12,ONE_BEFORE_SEGMENT_BOUNDARY,5000,1500000,60000,5000,0.04,1.0,RAW_COUNTS
BCH-B300,PURE,0,12,ON_SEGMENT_BOUNDARY,5000,1500000,60000,5000,0.04,1.0,RAW_COUNTS
BCH-B300,PURE,0,14,ONE_BEFORE_SEGMENT_BOUNDARY,5000,1500000,70000,5000,0.04666666666666667,1.0,RAW_COUNTS
BCH-B300,PURE,0,14,ON_SEGMENT_BOUNDARY,5000,1500000,70000,5000,0.04666666666666667,1.0,RAW_COUNTS
BCH-B300,PURE,0,15,ONE_BEFORE_SEGMENT_BOUNDARY,5000,1500000,75000,5000,0.05,1.0,RAW_COUNTS
BCH-B300,PURE,0,15,ON_SEGMENT_BOUNDARY,5000,1500000,75000,5000,0.05,1.0,RAW_COUNTS
BCH-B300,PURE,0,16,ONE_BEFORE_SEGMENT_BOUNDARY,5000,1500000,80000,5000,0.05333333333333334,1.0,RAW_COUNTS
BCH-B300,PURE,0,16,ON_SEGMENT_BOUNDARY,5000,1500000,80000,5000,0.05333333333333334,1.0,RAW_COUNTS
BCH-B300,PURE,0,20,ONE_BEFORE_SEGMENT_BOUNDARY,5000,1500000,100000,5000,0.06666666666666667,1.0,RAW_COUNTS
BCH-B300,PURE,0,20,ON_SEGMENT_BOUNDARY,5000,1500000,100000,5000,0.06666666666666667,1.0,RAW_COUNTS
BCH-B300,PURE,0,24,ONE_BEFORE_SEGMENT_BOUNDARY,5000,1500000,120000,5000,0.08,1.0,RAW_COUNTS
BCH-B300,PURE,0,24,ON_SEGMENT_BOUNDARY,5000,1500000,120000,5000,0.08,1.0,RAW_COUNTS
BCH-B300,PURE,0,29,ONE_BEFORE_SEGMENT_BOUNDARY,5000,1500000,145000,5000,0.09666666666666666,1.0,RAW_COUNTS
BCH-B300,PURE,0,29,ON_SEGMENT_BOUNDARY,5000,1500000,145000,5000,0.09666666666666666,1.0,RAW_COUNTS
BCH-B300,PURE,0,30,ONE_BEFORE_SEGMENT_BOUNDARY,5000,1500000,150000,5000,0.1,1.0,RAW_COUNTS
BCH-B300,PURE,0,30,ON_SEGMENT_BOUNDARY,5000,1500000,150000,5000,0.1,1.0,RAW_COUNTS
BCH-B300,PURE,0,31,ONE_BEFORE_SEGMENT_BOUNDARY,5000,1500000,155000,5000,0.10333333333333333,1.0,RAW_COUNTS
BCH-B300,PURE,0,31,ON_SEGMENT_BOUNDARY,5000,1500000,155000,5000,0.10333333333333333,1.0,RAW_COUNTS
BCH-B300,PURE,0,32,ONE_BEFORE_SEGMENT_BOUNDARY,5000,1500000,160000,5000,0.10666666666666667,1.0,RAW_COUNTS
BCH-B300,PURE,0,32,ON_SEGMENT_BOUNDARY,5000,1500000,160000,5000,0.10666666666666667,1.0,RAW_COUNTS
BCH-B300,PURE,0,48,ONE_BEFORE_SEGMENT_BOUNDARY,5000,1500000,240000,5000,0.16,1.0,RAW_COUNTS
BCH-B300,PURE,0,48,ON_SEGMENT_BOUNDARY,5000,1500000,240000,5000,0.16,1.0,RAW_COUNTS
BCH-B300,PURE,0,64,ONE_BEFORE_SEGMENT_BOUNDARY,5000,1500000,320000,5000,0.21333333333333335,1.0,RAW_COUNTS
BCH-B300,PURE,0,64,ON_SEGMENT_BOUNDARY,5000,1500000,320000,5000,0.21333333333333335,1.0,RAW_COUNTS
BCH-B300-426,PURE,0,1,ONE_BEFORE_SEGMENT_BOUNDARY,5000,1500000,0,0,0.0,0.0,RAW_COUNTS
BCH-B300-426,PURE,0,1,ON_SEGMENT_BOUNDARY,5000,1500000,0,0,0.0,0.0,RAW_COUNTS
BCH-B300-426,PURE,0,2,ONE_BEFORE_SEGMENT_BOUNDARY,5000,1500000,0,0,0.0,0.0,RAW_COUNTS
BCH-B300-426,PURE,0,2,ON_SEGMENT_BOUNDARY,5000,1500000,0,0,0.0,0.0,RAW_COUNTS
BCH-B300-426,PURE,0,3,ONE_BEFORE_SEGMENT_BOUNDARY,5000,1500000,0,0,0.0,0.0,RAW_COUNTS
BCH-B300-426,PURE,0,3,ON_SEGMENT_BOUNDARY,5000,1500000,0,0,0.0,0.0,RAW_COUNTS
BCH-B300-426,PURE,0,4,ONE_BEFORE_SEGMENT_BOUNDARY,5000,1500000,0,0,0.0,0.0,RAW_COUNTS
BCH-B300-426,PURE,0,4,ON_SEGMENT_BOUNDARY,5000,1500000,0,0,0.0,0.0,RAW_COUNTS
BCH-B300-426,PURE,0,5,ONE_BEFORE_SEGMENT_BOUNDARY,5000,1500000,0,0,0.0,0.0,RAW_COUNTS
BCH-B300-426,PURE,0,5,ON_SEGMENT_BOUNDARY,5000,1500000,0,0,0.0,0.0,RAW_COUNTS
BCH-B300-426,PURE,0,6,ONE_BEFORE_SEGMENT_BOUNDARY,5000,1500000,0,0,0.0,0.0,RAW_COUNTS
BCH-B300-426,PURE,0,6,ON_SEGMENT_BOUNDARY,5000,1500000,0,0,0.0,0.0,RAW_COUNTS
BCH-B300-426,PURE,0,7,ONE_BEFORE_SEGMENT_BOUNDARY,5000,1500000,0,0,0.0,0.0,RAW_COUNTS
BCH-B300-426,PURE,0,7,ON_SEGMENT_BOUNDARY,5000,1500000,0,0,0.0,0.0,RAW_COUNTS
BCH-B300-426,PURE,0,8,ONE_BEFORE_SEGMENT_BOUNDARY,5000,1500000,0,0,0.0,0.0,RAW_COUNTS
BCH-B300-426,PURE,0,8,ON_SEGMENT_BOUNDARY,5000,1500000,0,0,0.0,0.0,RAW_COUNTS
BCH-B300-426,PURE,0,10,ONE_BEFORE_SEGMENT_BOUNDARY,5000,1500000,0,0,0.0,0.0,RAW_COUNTS
BCH-B300-426,PURE,0,10,ON_SEGMENT_BOUNDARY,5000,1500000,0,0,0.0,0.0,RAW_COUNTS
BCH-B300-426,PURE,0,12,ONE_BEFORE_SEGMENT_BOUNDARY,5000,1500000,0,0,0.0,0.0,RAW_COUNTS
BCH-B300-426,PURE,0,12,ON_SEGMENT_BOUNDARY,5000,1500000,0,0,0.0,0.0,RAW_COUNTS
BCH-B300-426,PURE,0,14,ONE_BEFORE_SEGMENT_BOUNDARY,5000,1500000,0,0,0.0,0.0,RAW_COUNTS
BCH-B300-426,PURE,0,14,ON_SEGMENT_BOUNDARY,5000,1500000,0,0,0.0,0.0,RAW_COUNTS
BCH-B300-426,PURE,0,15,ONE_BEFORE_SEGMENT_BOUNDARY,5000,1500000,75000,5000,0.05,1.0,RAW_COUNTS
BCH-B300-426,PURE,0,15,ON_SEGMENT_BOUNDARY,5000,1500000,75000,5000,0.05,1.0,RAW_COUNTS
BCH-B300-426,PURE,0,16,ONE_BEFORE_SEGMENT_BOUNDARY,5000,1500000,80000,5000,0.05333333333333334,1.0,RAW_COUNTS
BCH-B300-426,PURE,0,16,ON_SEGMENT_BOUNDARY,5000,1500000,80000,5000,0.05333333333333334,1.0,RAW_COUNTS
BCH-B300-426,PURE,0,20,ONE_BEFORE_SEGMENT_BOUNDARY,5000,1500000,100000,5000,0.06666666666666667,1.0,RAW_COUNTS
BCH-B300-426,PURE,0,20,ON_SEGMENT_BOUNDARY,5000,1500000,100000,5000,0.06666666666666667,1.0,RAW_COUNTS
BCH-B300-426,PURE,0,24,ONE_BEFORE_SEGMENT_BOUNDARY,5000,1500000,120000,5000,0.08,1.0,RAW_COUNTS
BCH-B300-426,PURE,0,24,ON_SEGMENT_BOUNDARY,5000,1500000,120000,5000,0.08,1.0,RAW_COUNTS
BCH-B300-426,PURE,0,29,ONE_BEFORE_SEGMENT_BOUNDARY,5000,1500000,145000,5000,0.09666666666666666,1.0,RAW_COUNTS
BCH-B300-426,PURE,0,29,ON_SEGMENT_BOUNDARY,5000,1500000,145000,5000,0.09666666666666666,1.0,RAW_COUNTS
BCH-B300-426,PURE,0,30,ONE_BEFORE_SEGMENT_BOUNDARY,5000,1500000,150000,5000,0.1,1.0,RAW_COUNTS
BCH-B300-426,PURE,0,30,ON_SEGMENT_BOUNDARY,5000,1500000,150000,5000,0.1,1.0,RAW_COUNTS
BCH-B300-426,PURE,0,31,ONE_BEFORE_SEGMENT_BOUNDARY,5000,1500000,155000,5000,0.10333333333333333,1.0,RAW_COUNTS
BCH-B300-426,PURE,0,31,ON_SEGMENT_BOUNDARY,5000,1500000,155000,5000,0.10333333333333333,1.0,RAW_COUNTS
BCH-B300-426,PURE,0,32,ONE_BEFORE_SEGMENT_BOUNDARY,5000,1500000,160000,5000,0.10666666666666667,1.0,RAW_COUNTS
BCH-B300-426,PURE,0,32,ON_SEGMENT_BOUNDARY,5000,1500000,160000,5000,0.10666666666666667,1.0,RAW_COUNTS
BCH-B300-426,PURE,0,48,ONE_BEFORE_SEGMENT_BOUNDARY,5000,1500000,240000,5000,0.16,1.0,RAW_COUNTS
BCH-B300-426,PURE,0,48,ON_SEGMENT_BOUNDARY,5000,1500000,240000,5000,0.16,1.0,RAW_COUNTS
BCH-B300-426,PURE,0,64,ONE_BEFORE_SEGMENT_BOUNDARY,5000,1500000,320000,5000,0.21333333333333335,1.0,RAW_COUNTS
BCH-B300-426,PURE,0,64,ON_SEGMENT_BOUNDARY,5000,1500000,320000,5000,0.21333333333333335,1.0,RAW_COUNTS
BCH-S200,AWGN,7.5,1,ONE_BEFORE_SEGMENT_BOUNDARY,5000,1000000,403,227,0.000403,0.0454,RAW_COUNTS
BCH-S200,AWGN,7.5,1,ON_SEGMENT_BOUNDARY,5000,1000000,555,231,0.000555,0.0462,RAW_COUNTS
BCH-S200,AWGN,7.5,2,ONE_BEFORE_SEGMENT_BOUNDARY,5000,1000000,793,379,0.000793,0.0758,RAW_COUNTS
BCH-S200,AWGN,7.5,2,ON_SEGMENT_BOUNDARY,5000,1000000,10333,4980,0.010333,0.996,RAW_COUNTS
BCH-S200,AWGN,7.5,3,ONE_BEFORE_SEGMENT_BOUNDARY,5000,1000000,10571,4981,0.010571,0.9962,RAW_COUNTS
BCH-S200,AWGN,7.5,3,ON_SEGMENT_BOUNDARY,5000,1000000,20122,5000,0.020122,1.0,RAW_COUNTS
BCH-S200,AWGN,7.5,4,ONE_BEFORE_SEGMENT_BOUNDARY,5000,1000000,20360,5000,0.02036,1.0,RAW_COUNTS
BCH-S200,AWGN,7.5,4,ON_SEGMENT_BOUNDARY,5000,1000000,25057,5000,0.025057,1.0,RAW_COUNTS
BCH-S200,AWGN,7.5,5,ONE_BEFORE_SEGMENT_BOUNDARY,5000,1000000,25295,5000,0.025295,1.0,RAW_COUNTS
BCH-S200,AWGN,7.5,5,ON_SEGMENT_BOUNDARY,5000,1000000,25171,5000,0.025171,1.0,RAW_COUNTS
BCH-S200,AWGN,7.5,6,ONE_BEFORE_SEGMENT_BOUNDARY,5000,1000000,25409,5000,0.025409,1.0,RAW_COUNTS
BCH-S200,AWGN,7.5,6,ON_SEGMENT_BOUNDARY,5000,1000000,30149,5000,0.030149,1.0,RAW_COUNTS
BCH-S200,AWGN,7.5,7,ONE_BEFORE_SEGMENT_BOUNDARY,5000,1000000,30387,5000,0.030387,1.0,RAW_COUNTS
BCH-S200,AWGN,7.5,7,ON_SEGMENT_BOUNDARY,5000,1000000,30265,5000,0.030265,1.0,RAW_COUNTS
BCH-S200,AWGN,7.5,8,ONE_BEFORE_SEGMENT_BOUNDARY,5000,1000000,30503,5000,0.030503,1.0,RAW_COUNTS
BCH-S200,AWGN,7.5,8,ON_SEGMENT_BOUNDARY,5000,1000000,44858,5000,0.044858,1.0,RAW_COUNTS
BCH-S200,AWGN,7.5,10,ONE_BEFORE_SEGMENT_BOUNDARY,5000,1000000,40397,5000,0.040397,1.0,RAW_COUNTS
BCH-S200,AWGN,7.5,10,ON_SEGMENT_BOUNDARY,5000,1000000,45148,5000,0.045148,1.0,RAW_COUNTS
BCH-S200,AWGN,7.5,12,ONE_BEFORE_SEGMENT_BOUNDARY,5000,1000000,50333,5000,0.050333,1.0,RAW_COUNTS
BCH-S200,AWGN,7.5,12,ON_SEGMENT_BOUNDARY,5000,1000000,50099,5000,0.050099,1.0,RAW_COUNTS
BCH-S200,AWGN,7.5,14,ONE_BEFORE_SEGMENT_BOUNDARY,5000,1000000,50334,5000,0.050334,1.0,RAW_COUNTS
BCH-S200,AWGN,7.5,14,ON_SEGMENT_BOUNDARY,5000,1000000,54917,5000,0.054917,1.0,RAW_COUNTS
BCH-S200,AWGN,7.5,15,ONE_BEFORE_SEGMENT_BOUNDARY,5000,1000000,55155,5000,0.055155,1.0,RAW_COUNTS
BCH-S200,AWGN,7.5,15,ON_SEGMENT_BOUNDARY,5000,1000000,55155,5000,0.055155,1.0,RAW_COUNTS
BCH-S200,AWGN,7.5,16,ONE_BEFORE_SEGMENT_BOUNDARY,5000,1000000,55393,5000,0.055393,1.0,RAW_COUNTS
BCH-S200,AWGN,7.5,16,ON_SEGMENT_BOUNDARY,5000,1000000,55576,5000,0.055576,1.0,RAW_COUNTS
BCH-S200,AWGN,7.5,20,ONE_BEFORE_SEGMENT_BOUNDARY,5000,1000000,80280,5000,0.08028,1.0,RAW_COUNTS
BCH-S200,AWGN,7.5,20,ON_SEGMENT_BOUNDARY,5000,1000000,80176,5000,0.080176,1.0,RAW_COUNTS
BCH-S200,AWGN,7.5,24,ONE_BEFORE_SEGMENT_BOUNDARY,5000,1000000,100093,5000,0.100093,1.0,RAW_COUNTS
BCH-S200,AWGN,7.5,24,ON_SEGMENT_BOUNDARY,5000,1000000,95181,5000,0.095181,1.0,RAW_COUNTS
BCH-S200,AWGN,7.5,29,ONE_BEFORE_SEGMENT_BOUNDARY,5000,1000000,105324,5000,0.105324,1.0,RAW_COUNTS
BCH-S200,AWGN,7.5,29,ON_SEGMENT_BOUNDARY,5000,1000000,109888,5000,0.109888,1.0,RAW_COUNTS
BCH-S200,AWGN,7.5,30,ONE_BEFORE_SEGMENT_BOUNDARY,5000,1000000,110126,5000,0.110126,1.0,RAW_COUNTS
BCH-S200,AWGN,7.5,30,ON_SEGMENT_BOUNDARY,5000,1000000,110151,5000,0.110151,1.0,RAW_COUNTS
BCH-S200,AWGN,7.5,31,ONE_BEFORE_SEGMENT_BOUNDARY,5000,1000000,110389,5000,0.110389,1.0,RAW_COUNTS
BCH-S200,AWGN,7.5,31,ON_SEGMENT_BOUNDARY,5000,1000000,110527,5000,0.110527,1.0,RAW_COUNTS
BCH-S200,AWGN,7.5,32,ONE_BEFORE_SEGMENT_BOUNDARY,5000,1000000,110765,5000,0.110765,1.0,RAW_COUNTS
BCH-S200,AWGN,7.5,32,ON_SEGMENT_BOUNDARY,5000,1000000,120312,5000,0.120312,1.0,RAW_COUNTS
BCH-S200,AWGN,7.5,48,ONE_BEFORE_SEGMENT_BOUNDARY,5000,1000000,175526,5000,0.175526,1.0,RAW_COUNTS
BCH-S200,AWGN,7.5,48,ON_SEGMENT_BOUNDARY,5000,1000000,185050,5000,0.18505,1.0,RAW_COUNTS
BCH-S200,AWGN,7.5,64,ONE_BEFORE_SEGMENT_BOUNDARY,5000,1000000,240246,5000,0.240246,1.0,RAW_COUNTS
BCH-S200,AWGN,7.5,64,ON_SEGMENT_BOUNDARY,5000,1000000,244980,5000,0.24498,1.0,RAW_COUNTS
BCH-S200,AWGN,8.5,1,ONE_BEFORE_SEGMENT_BOUNDARY,5000,1000000,91,58,9.1e-05,0.0116,RAW_COUNTS
BCH-S200,AWGN,8.5,1,ON_SEGMENT_BOUNDARY,5000,1000000,102,46,0.000102,0.0092,RAW_COUNTS
BCH-S200,AWGN,8.5,2,ONE_BEFORE_SEGMENT_BOUNDARY,5000,1000000,183,99,0.000183,0.0198,RAW_COUNTS
BCH-S200,AWGN,8.5,2,ON_SEGMENT_BOUNDARY,5000,1000000,10041,4991,0.010041,0.9982,RAW_COUNTS
BCH-S200,AWGN,8.5,3,ONE_BEFORE_SEGMENT_BOUNDARY,5000,1000000,10122,4992,0.010122,0.9984,RAW_COUNTS
BCH-S200,AWGN,8.5,3,ON_SEGMENT_BOUNDARY,5000,1000000,19991,5000,0.019991,1.0,RAW_COUNTS
BCH-S200,AWGN,8.5,4,ONE_BEFORE_SEGMENT_BOUNDARY,5000,1000000,20072,5000,0.020072,1.0,RAW_COUNTS
BCH-S200,AWGN,8.5,4,ON_SEGMENT_BOUNDARY,5000,1000000,24975,5000,0.024975,1.0,RAW_COUNTS
BCH-S200,AWGN,8.5,5,ONE_BEFORE_SEGMENT_BOUNDARY,5000,1000000,25056,5000,0.025056,1.0,RAW_COUNTS
BCH-S200,AWGN,8.5,5,ON_SEGMENT_BOUNDARY,5000,1000000,25017,5000,0.025017,1.0,RAW_COUNTS
BCH-S200,AWGN,8.5,6,ONE_BEFORE_SEGMENT_BOUNDARY,5000,1000000,25098,5000,0.025098,1.0,RAW_COUNTS
BCH-S200,AWGN,8.5,6,ON_SEGMENT_BOUNDARY,5000,1000000,30021,5000,0.030021,1.0,RAW_COUNTS
BCH-S200,AWGN,8.5,7,ONE_BEFORE_SEGMENT_BOUNDARY,5000,1000000,30102,5000,0.030102,1.0,RAW_COUNTS
BCH-S200,AWGN,8.5,7,ON_SEGMENT_BOUNDARY,5000,1000000,30052,5000,0.030052,1.0,RAW_COUNTS
BCH-S200,AWGN,8.5,8,ONE_BEFORE_SEGMENT_BOUNDARY,5000,1000000,30133,5000,0.030133,1.0,RAW_COUNTS
BCH-S200,AWGN,8.5,8,ON_SEGMENT_BOUNDARY,5000,1000000,44925,5000,0.044925,1.0,RAW_COUNTS
BCH-S200,AWGN,8.5,10,ONE_BEFORE_SEGMENT_BOUNDARY,5000,1000000,40102,5000,0.040102,1.0,RAW_COUNTS
BCH-S200,AWGN,8.5,10,ON_SEGMENT_BOUNDARY,5000,1000000,45012,5000,0.045012,1.0,RAW_COUNTS
BCH-S200,AWGN,8.5,12,ONE_BEFORE_SEGMENT_BOUNDARY,5000,1000000,50073,5000,0.050073,1.0,RAW_COUNTS
BCH-S200,AWGN,8.5,12,ON_SEGMENT_BOUNDARY,5000,1000000,49990,5000,0.04999,1.0,RAW_COUNTS
BCH-S200,AWGN,8.5,14,ONE_BEFORE_SEGMENT_BOUNDARY,5000,1000000,50075,5000,0.050075,1.0,RAW_COUNTS
BCH-S200,AWGN,8.5,14,ON_SEGMENT_BOUNDARY,5000,1000000,54950,5000,0.05495,1.0,RAW_COUNTS
BCH-S200,AWGN,8.5,15,ONE_BEFORE_SEGMENT_BOUNDARY,5000,1000000,55031,5000,0.055031,1.0,RAW_COUNTS
BCH-S200,AWGN,8.5,15,ON_SEGMENT_BOUNDARY,5000,1000000,55010,5000,0.05501,1.0,RAW_COUNTS
BCH-S200,AWGN,8.5,16,ONE_BEFORE_SEGMENT_BOUNDARY,5000,1000000,55091,5000,0.055091,1.0,RAW_COUNTS
BCH-S200,AWGN,8.5,16,ON_SEGMENT_BOUNDARY,5000,1000000,55145,5000,0.055145,1.0,RAW_COUNTS
BCH-S200,AWGN,8.5,20,ONE_BEFORE_SEGMENT_BOUNDARY,5000,1000000,80060,5000,0.08006,1.0,RAW_COUNTS
BCH-S200,AWGN,8.5,20,ON_SEGMENT_BOUNDARY,5000,1000000,80022,5000,0.080022,1.0,RAW_COUNTS
BCH-S200,AWGN,8.5,24,ONE_BEFORE_SEGMENT_BOUNDARY,5000,1000000,99995,5000,0.099995,1.0,RAW_COUNTS
BCH-S200,AWGN,8.5,24,ON_SEGMENT_BOUNDARY,5000,1000000,95021,5000,0.095021,1.0,RAW_COUNTS
BCH-S200,AWGN,8.5,29,ONE_BEFORE_SEGMENT_BOUNDARY,5000,1000000,105067,5000,0.105067,1.0,RAW_COUNTS
BCH-S200,AWGN,8.5,29,ON_SEGMENT_BOUNDARY,5000,1000000,109923,5000,0.109923,1.0,RAW_COUNTS
BCH-S200,AWGN,8.5,30,ONE_BEFORE_SEGMENT_BOUNDARY,5000,1000000,110004,5000,0.110004,1.0,RAW_COUNTS
BCH-S200,AWGN,8.5,30,ON_SEGMENT_BOUNDARY,5000,1000000,110006,5000,0.110006,1.0,RAW_COUNTS
BCH-S200,AWGN,8.5,31,ONE_BEFORE_SEGMENT_BOUNDARY,5000,1000000,110087,5000,0.110087,1.0,RAW_COUNTS
BCH-S200,AWGN,8.5,31,ON_SEGMENT_BOUNDARY,5000,1000000,110190,5000,0.11019,1.0,RAW_COUNTS
BCH-S200,AWGN,8.5,32,ONE_BEFORE_SEGMENT_BOUNDARY,5000,1000000,110271,5000,0.110271,1.0,RAW_COUNTS
BCH-S200,AWGN,8.5,32,ON_SEGMENT_BOUNDARY,5000,1000000,120091,5000,0.120091,1.0,RAW_COUNTS
BCH-S200,AWGN,8.5,48,ONE_BEFORE_SEGMENT_BOUNDARY,5000,1000000,175147,5000,0.175147,1.0,RAW_COUNTS
BCH-S200,AWGN,8.5,48,ON_SEGMENT_BOUNDARY,5000,1000000,184974,5000,0.184974,1.0,RAW_COUNTS
BCH-S200,AWGN,8.5,64,ONE_BEFORE_SEGMENT_BOUNDARY,5000,1000000,240052,5000,0.240052,1.0,RAW_COUNTS
BCH-S200,AWGN,8.5,64,ON_SEGMENT_BOUNDARY,5000,1000000,244968,5000,0.244968,1.0,RAW_COUNTS
BCH-B200,AWGN,5.2999999999999998,1,ONE_BEFORE_SEGMENT_BOUNDARY,5000,1000000,1160,186,0.00116,0.0372,RAW_COUNTS
BCH-B200,AWGN,5.2999999999999998,1,ON_SEGMENT_BOUNDARY,5000,1000000,1144,184,0.001144,0.0368,RAW_COUNTS
BCH-B200,AWGN,5.2999999999999998,2,ONE_BEFORE_SEGMENT_BOUNDARY,5000,1000000,3179,496,0.003179,0.0992,RAW_COUNTS
BCH-B200,AWGN,5.2999999999999998,2,ON_SEGMENT_BOUNDARY,5000,1000000,3198,497,0.003198,0.0994,RAW_COUNTS
BCH-B200,AWGN,5.2999999999999998,3,ONE_BEFORE_SEGMENT_BOUNDARY,5000,1000000,7301,1077,0.007301,0.2154,RAW_COUNTS
BCH-B200,AWGN,5.2999999999999998,3,ON_SEGMENT_BOUNDARY,5000,1000000,7321,1082,0.007321,0.2164,RAW_COUNTS
BCH-B200,AWGN,5.2999999999999998,4,ONE_BEFORE_SEGMENT_BOUNDARY,5000,1000000,14708,2068,0.014708,0.4136,RAW_COUNTS
BCH-B200,AWGN,5.2999999999999998,4,ON_SEGMENT_BOUNDARY,5000,1000000,14716,2072,0.014716,0.4144,RAW_COUNTS
BCH-B200,AWGN,5.2999999999999998,5,ONE_BEFORE_SEGMENT_BOUNDARY,5000,1000000,25233,3360,0.025233,0.672,RAW_COUNTS
BCH-B200,AWGN,5.2999999999999998,5,ON_SEGMENT_BOUNDARY,5000,1000000,25188,3356,0.025188,0.6712,RAW_COUNTS
BCH-B200,AWGN,5.2999999999999998,6,ONE_BEFORE_SEGMENT_BOUNDARY,5000,1000000,35820,4436,0.03582,0.8872,RAW_COUNTS
BCH-B200,AWGN,5.2999999999999998,6,ON_SEGMENT_BOUNDARY,5000,1000000,35749,4429,0.035749,0.8858,RAW_COUNTS
BCH-B200,AWGN,5.2999999999999998,7,ONE_BEFORE_SEGMENT_BOUNDARY,5000,1000000,43866,4968,0.043866,0.9936,RAW_COUNTS
BCH-B200,AWGN,5.2999999999999998,7,ON_SEGMENT_BOUNDARY,5000,1000000,43868,4969,0.043868,0.9938,RAW_COUNTS
BCH-B200,AWGN,5.2999999999999998,8,ONE_BEFORE_SEGMENT_BOUNDARY,5000,1000000,48971,4997,0.048971,0.9994,RAW_COUNTS
BCH-B200,AWGN,5.2999999999999998,8,ON_SEGMENT_BOUNDARY,5000,1000000,48966,4998,0.048966,0.9996,RAW_COUNTS
BCH-B200,AWGN,5.2999999999999998,10,ONE_BEFORE_SEGMENT_BOUNDARY,5000,1000000,58777,5000,0.058777,1.0,RAW_COUNTS
BCH-B200,AWGN,5.2999999999999998,10,ON_SEGMENT_BOUNDARY,5000,1000000,58791,5000,0.058791,1.0,RAW_COUNTS
BCH-B200,AWGN,5.2999999999999998,12,ONE_BEFORE_SEGMENT_BOUNDARY,5000,1000000,68594,5000,0.068594,1.0,RAW_COUNTS
BCH-B200,AWGN,5.2999999999999998,12,ON_SEGMENT_BOUNDARY,5000,1000000,68566,5000,0.068566,1.0,RAW_COUNTS
BCH-B200,AWGN,5.2999999999999998,14,ONE_BEFORE_SEGMENT_BOUNDARY,5000,1000000,78388,5000,0.078388,1.0,RAW_COUNTS
BCH-B200,AWGN,5.2999999999999998,14,ON_SEGMENT_BOUNDARY,5000,1000000,78369,5000,0.078369,1.0,RAW_COUNTS
BCH-B200,AWGN,5.2999999999999998,15,ONE_BEFORE_SEGMENT_BOUNDARY,5000,1000000,83299,5000,0.083299,1.0,RAW_COUNTS
BCH-B200,AWGN,5.2999999999999998,15,ON_SEGMENT_BOUNDARY,5000,1000000,83283,5000,0.083283,1.0,RAW_COUNTS
BCH-B200,AWGN,5.2999999999999998,16,ONE_BEFORE_SEGMENT_BOUNDARY,5000,1000000,88190,5000,0.08819,1.0,RAW_COUNTS
BCH-B200,AWGN,5.2999999999999998,16,ON_SEGMENT_BOUNDARY,5000,1000000,88144,5000,0.088144,1.0,RAW_COUNTS
BCH-B200,AWGN,5.2999999999999998,20,ONE_BEFORE_SEGMENT_BOUNDARY,5000,1000000,107772,5000,0.107772,1.0,RAW_COUNTS
BCH-B200,AWGN,5.2999999999999998,20,ON_SEGMENT_BOUNDARY,5000,1000000,107767,5000,0.107767,1.0,RAW_COUNTS
BCH-B200,AWGN,5.2999999999999998,24,ONE_BEFORE_SEGMENT_BOUNDARY,5000,1000000,127392,5000,0.127392,1.0,RAW_COUNTS
BCH-B200,AWGN,5.2999999999999998,24,ON_SEGMENT_BOUNDARY,5000,1000000,127389,5000,0.127389,1.0,RAW_COUNTS
BCH-B200,AWGN,5.2999999999999998,29,ONE_BEFORE_SEGMENT_BOUNDARY,5000,1000000,151958,5000,0.151958,1.0,RAW_COUNTS
BCH-B200,AWGN,5.2999999999999998,29,ON_SEGMENT_BOUNDARY,5000,1000000,151914,5000,0.151914,1.0,RAW_COUNTS
BCH-B200,AWGN,5.2999999999999998,30,ONE_BEFORE_SEGMENT_BOUNDARY,5000,1000000,156825,5000,0.156825,1.0,RAW_COUNTS
BCH-B200,AWGN,5.2999999999999998,30,ON_SEGMENT_BOUNDARY,5000,1000000,156794,5000,0.156794,1.0,RAW_COUNTS
BCH-B200,AWGN,5.2999999999999998,31,ONE_BEFORE_SEGMENT_BOUNDARY,5000,1000000,161697,5000,0.161697,1.0,RAW_COUNTS
BCH-B200,AWGN,5.2999999999999998,31,ON_SEGMENT_BOUNDARY,5000,1000000,161667,5000,0.161667,1.0,RAW_COUNTS
BCH-B200,AWGN,5.2999999999999998,32,ONE_BEFORE_SEGMENT_BOUNDARY,5000,1000000,166589,5000,0.166589,1.0,RAW_COUNTS
BCH-B200,AWGN,5.2999999999999998,32,ON_SEGMENT_BOUNDARY,5000,1000000,166585,5000,0.166585,1.0,RAW_COUNTS
BCH-B200,AWGN,5.2999999999999998,48,ONE_BEFORE_SEGMENT_BOUNDARY,5000,1000000,244980,5000,0.24498,1.0,RAW_COUNTS
BCH-B200,AWGN,5.2999999999999998,48,ON_SEGMENT_BOUNDARY,5000,1000000,244975,5000,0.244975,1.0,RAW_COUNTS
BCH-B200,AWGN,5.2999999999999998,64,ONE_BEFORE_SEGMENT_BOUNDARY,5000,1000000,323396,5000,0.323396,1.0,RAW_COUNTS
BCH-B200,AWGN,5.2999999999999998,64,ON_SEGMENT_BOUNDARY,5000,1000000,323389,5000,0.323389,1.0,RAW_COUNTS
BCH-B200,AWGN,6,1,ONE_BEFORE_SEGMENT_BOUNDARY,5000,1000000,115,19,0.000115,0.0038,RAW_COUNTS
BCH-B200,AWGN,6,1,ON_SEGMENT_BOUNDARY,5000,1000000,115,19,0.000115,0.0038,RAW_COUNTS
BCH-B200,AWGN,6,2,ONE_BEFORE_SEGMENT_BOUNDARY,5000,1000000,500,79,0.0005,0.0158,RAW_COUNTS
BCH-B200,AWGN,6,2,ON_SEGMENT_BOUNDARY,5000,1000000,494,78,0.000494,0.0156,RAW_COUNTS
BCH-B200,AWGN,6,3,ONE_BEFORE_SEGMENT_BOUNDARY,5000,1000000,1807,278,0.001807,0.0556,RAW_COUNTS
BCH-B200,AWGN,6,3,ON_SEGMENT_BOUNDARY,5000,1000000,1832,281,0.001832,0.0562,RAW_COUNTS
BCH-B200,AWGN,6,4,ONE_BEFORE_SEGMENT_BOUNDARY,5000,1000000,5500,810,0.0055,0.162,RAW_COUNTS
BCH-B200,AWGN,6,4,ON_SEGMENT_BOUNDARY,5000,1000000,5516,813,0.005516,0.1626,RAW_COUNTS
BCH-B200,AWGN,6,5,ONE_BEFORE_SEGMENT_BOUNDARY,5000,1000000,13787,1943,0.013787,0.3886,RAW_COUNTS
BCH-B200,AWGN,6,5,ON_SEGMENT_BOUNDARY,5000,1000000,13840,1951,0.01384,0.3902,RAW_COUNTS
BCH-B200,AWGN,6,6,ONE_BEFORE_SEGMENT_BOUNDARY,5000,1000000,27309,3655,0.027309,0.731,RAW_COUNTS
BCH-B200,AWGN,6,6,ON_SEGMENT_BOUNDARY,5000,1000000,27374,3661,0.027374,0.7322,RAW_COUNTS
BCH-B200,AWGN,6,7,ONE_BEFORE_SEGMENT_BOUNDARY,5000,1000000,40018,4955,0.040018,0.991,RAW_COUNTS
BCH-B200,AWGN,6,7,ON_SEGMENT_BOUNDARY,5000,1000000,40077,4958,0.040077,0.9916,RAW_COUNTS
BCH-B200,AWGN,6,8,ONE_BEFORE_SEGMENT_BOUNDARY,5000,1000000,45247,4999,0.045247,0.9998,RAW_COUNTS
BCH-B200,AWGN,6,8,ON_SEGMENT_BOUNDARY,5000,1000000,45278,4999,0.045278,0.9998,RAW_COUNTS
BCH-B200,AWGN,6,10,ONE_BEFORE_SEGMENT_BOUNDARY,5000,1000000,55153,5000,0.055153,1.0,RAW_COUNTS
BCH-B200,AWGN,6,10,ON_SEGMENT_BOUNDARY,5000,1000000,55177,5000,0.055177,1.0,RAW_COUNTS
BCH-B200,AWGN,6,12,ONE_BEFORE_SEGMENT_BOUNDARY,5000,1000000,65064,5000,0.065064,1.0,RAW_COUNTS
BCH-B200,AWGN,6,12,ON_SEGMENT_BOUNDARY,5000,1000000,65070,5000,0.06507,1.0,RAW_COUNTS
BCH-B200,AWGN,6,14,ONE_BEFORE_SEGMENT_BOUNDARY,5000,1000000,74924,5000,0.074924,1.0,RAW_COUNTS
BCH-B200,AWGN,6,14,ON_SEGMENT_BOUNDARY,5000,1000000,74956,5000,0.074956,1.0,RAW_COUNTS
BCH-B200,AWGN,6,15,ONE_BEFORE_SEGMENT_BOUNDARY,5000,1000000,79877,5000,0.079877,1.0,RAW_COUNTS
BCH-B200,AWGN,6,15,ON_SEGMENT_BOUNDARY,5000,1000000,79890,5000,0.07989,1.0,RAW_COUNTS
BCH-B200,AWGN,6,16,ONE_BEFORE_SEGMENT_BOUNDARY,5000,1000000,84815,5000,0.084815,1.0,RAW_COUNTS
BCH-B200,AWGN,6,16,ON_SEGMENT_BOUNDARY,5000,1000000,84829,5000,0.084829,1.0,RAW_COUNTS
BCH-B200,AWGN,6,20,ONE_BEFORE_SEGMENT_BOUNDARY,5000,1000000,104587,5000,0.104587,1.0,RAW_COUNTS
BCH-B200,AWGN,6,20,ON_SEGMENT_BOUNDARY,5000,1000000,104627,5000,0.104627,1.0,RAW_COUNTS
BCH-B200,AWGN,6,24,ONE_BEFORE_SEGMENT_BOUNDARY,5000,1000000,124365,5000,0.124365,1.0,RAW_COUNTS
BCH-B200,AWGN,6,24,ON_SEGMENT_BOUNDARY,5000,1000000,124401,5000,0.124401,1.0,RAW_COUNTS
BCH-B200,AWGN,6,29,ONE_BEFORE_SEGMENT_BOUNDARY,5000,1000000,149145,5000,0.149145,1.0,RAW_COUNTS
BCH-B200,AWGN,6,29,ON_SEGMENT_BOUNDARY,5000,1000000,149142,5000,0.149142,1.0,RAW_COUNTS
BCH-B200,AWGN,6,30,ONE_BEFORE_SEGMENT_BOUNDARY,5000,1000000,154055,5000,0.154055,1.0,RAW_COUNTS
BCH-B200,AWGN,6,30,ON_SEGMENT_BOUNDARY,5000,1000000,154064,5000,0.154064,1.0,RAW_COUNTS
BCH-B200,AWGN,6,31,ONE_BEFORE_SEGMENT_BOUNDARY,5000,1000000,158987,5000,0.158987,1.0,RAW_COUNTS
BCH-B200,AWGN,6,31,ON_SEGMENT_BOUNDARY,5000,1000000,159015,5000,0.159015,1.0,RAW_COUNTS
BCH-B200,AWGN,6,32,ONE_BEFORE_SEGMENT_BOUNDARY,5000,1000000,163950,5000,0.16395,1.0,RAW_COUNTS
BCH-B200,AWGN,6,32,ON_SEGMENT_BOUNDARY,5000,1000000,163969,5000,0.163969,1.0,RAW_COUNTS
BCH-B200,AWGN,6,48,ONE_BEFORE_SEGMENT_BOUNDARY,5000,1000000,242994,5000,0.242994,1.0,RAW_COUNTS
BCH-B200,AWGN,6,48,ON_SEGMENT_BOUNDARY,5000,1000000,243021,5000,0.243021,1.0,RAW_COUNTS
BCH-B200,AWGN,6,64,ONE_BEFORE_SEGMENT_BOUNDARY,5000,1000000,322027,5000,0.322027,1.0,RAW_COUNTS
BCH-B200,AWGN,6,64,ON_SEGMENT_BOUNDARY,5000,1000000,322049,5000,0.322049,1.0,RAW_COUNTS
BCH-S300,AWGN,7.7999999999999998,1,ONE_BEFORE_SEGMENT_BOUNDARY,5000,1500000,232,140,0.00015466666666666667,0.028,RAW_COUNTS
BCH-S300,AWGN,7.7999999999999998,1,ON_SEGMENT_BOUNDARY,5000,1500000,396,164,0.000264,0.0328,RAW_COUNTS
BCH-S300,AWGN,7.7999999999999998,2,ONE_BEFORE_SEGMENT_BOUNDARY,5000,1500000,541,258,0.0003606666666666667,0.0516,RAW_COUNTS
BCH-S300,AWGN,7.7999999999999998,2,ON_SEGMENT_BOUNDARY,5000,1500000,10231,4985,0.006820666666666667,0.997,RAW_COUNTS
BCH-S300,AWGN,7.7999999999999998,3,ONE_BEFORE_SEGMENT_BOUNDARY,5000,1500000,10376,4986,0.0069173333333333335,0.9972,RAW_COUNTS
BCH-S300,AWGN,7.7999999999999998,3,ON_SEGMENT_BOUNDARY,5000,1500000,20038,5000,0.013358666666666666,1.0,RAW_COUNTS
BCH-S300,AWGN,7.7999999999999998,4,ONE_BEFORE_SEGMENT_BOUNDARY,5000,1500000,20183,5000,0.013455333333333333,1.0,RAW_COUNTS
BCH-S300,AWGN,7.7999999999999998,4,ON_SEGMENT_BOUNDARY,5000,1500000,24989,5000,0.016659333333333335,1.0,RAW_COUNTS
BCH-S300,AWGN,7.7999999999999998,5,ONE_BEFORE_SEGMENT_BOUNDARY,5000,1500000,25134,5000,0.016756,1.0,RAW_COUNTS
BCH-S300,AWGN,7.7999999999999998,5,ON_SEGMENT_BOUNDARY,5000,1500000,25087,5000,0.016724666666666665,1.0,RAW_COUNTS
BCH-S300,AWGN,7.7999999999999998,6,ONE_BEFORE_SEGMENT_BOUNDARY,5000,1500000,25232,5000,0.016821333333333334,1.0,RAW_COUNTS
BCH-S300,AWGN,7.7999999999999998,6,ON_SEGMENT_BOUNDARY,5000,1500000,30052,5000,0.020034666666666666,1.0,RAW_COUNTS
BCH-S300,AWGN,7.7999999999999998,7,ONE_BEFORE_SEGMENT_BOUNDARY,5000,1500000,30197,5000,0.020131333333333334,1.0,RAW_COUNTS
BCH-S300,AWGN,7.7999999999999998,7,ON_SEGMENT_BOUNDARY,5000,1500000,30161,5000,0.020107333333333335,1.0,RAW_COUNTS
BCH-S300,AWGN,7.7999999999999998,8,ONE_BEFORE_SEGMENT_BOUNDARY,5000,1500000,30306,5000,0.020204,1.0,RAW_COUNTS
BCH-S300,AWGN,7.7999999999999998,8,ON_SEGMENT_BOUNDARY,5000,1500000,44839,5000,0.029892666666666668,1.0,RAW_COUNTS
BCH-S300,AWGN,7.7999999999999998,10,ONE_BEFORE_SEGMENT_BOUNDARY,5000,1500000,40231,5000,0.026820666666666666,1.0,RAW_COUNTS
BCH-S300,AWGN,7.7999999999999998,10,ON_SEGMENT_BOUNDARY,5000,1500000,45052,5000,0.030034666666666668,1.0,RAW_COUNTS
BCH-S300,AWGN,7.7999999999999998,12,ONE_BEFORE_SEGMENT_BOUNDARY,5000,1500000,50175,5000,0.03345,1.0,RAW_COUNTS
BCH-S300,AWGN,7.7999999999999998,12,ON_SEGMENT_BOUNDARY,5000,1500000,50025,5000,0.03335,1.0,RAW_COUNTS
BCH-S300,AWGN,7.7999999999999998,14,ONE_BEFORE_SEGMENT_BOUNDARY,5000,1500000,50170,5000,0.033446666666666666,1.0,RAW_COUNTS
BCH-S300,AWGN,7.7999999999999998,14,ON_SEGMENT_BOUNDARY,5000,1500000,54872,5000,0.036581333333333334,1.0,RAW_COUNTS
BCH-S300,AWGN,7.7999999999999998,15,ONE_BEFORE_SEGMENT_BOUNDARY,5000,1500000,55017,5000,0.036678,1.0,RAW_COUNTS
BCH-S300,AWGN,7.7999999999999998,15,ON_SEGMENT_BOUNDARY,5000,1500000,55073,5000,0.036715333333333336,1.0,RAW_COUNTS
BCH-S300,AWGN,7.7999999999999998,16,ONE_BEFORE_SEGMENT_BOUNDARY,5000,1500000,55218,5000,0.036812,1.0,RAW_COUNTS
BCH-S300,AWGN,7.7999999999999998,16,ON_SEGMENT_BOUNDARY,5000,1500000,55375,5000,0.03691666666666667,1.0,RAW_COUNTS
BCH-S300,AWGN,7.7999999999999998,20,ONE_BEFORE_SEGMENT_BOUNDARY,5000,1500000,80133,5000,0.053422,1.0,RAW_COUNTS
BCH-S300,AWGN,7.7999999999999998,20,ON_SEGMENT_BOUNDARY,5000,1500000,80091,5000,0.053394,1.0,RAW_COUNTS
BCH-S300,AWGN,7.7999999999999998,24,ONE_BEFORE_SEGMENT_BOUNDARY,5000,1500000,99991,5000,0.06666066666666666,1.0,RAW_COUNTS
BCH-S300,AWGN,7.7999999999999998,24,ON_SEGMENT_BOUNDARY,5000,1500000,95090,5000,0.06339333333333333,1.0,RAW_COUNTS
BCH-S300,AWGN,7.7999999999999998,29,ONE_BEFORE_SEGMENT_BOUNDARY,5000,1500000,105150,5000,0.0701,1.0,RAW_COUNTS
BCH-S300,AWGN,7.7999999999999998,29,ON_SEGMENT_BOUNDARY,5000,1500000,109866,5000,0.073244,1.0,RAW_COUNTS
BCH-S300,AWGN,7.7999999999999998,30,ONE_BEFORE_SEGMENT_BOUNDARY,5000,1500000,110011,5000,0.07334066666666667,1.0,RAW_COUNTS
BCH-S300,AWGN,7.7999999999999998,30,ON_SEGMENT_BOUNDARY,5000,1500000,110065,5000,0.07337666666666667,1.0,RAW_COUNTS
BCH-S300,AWGN,7.7999999999999998,31,ONE_BEFORE_SEGMENT_BOUNDARY,5000,1500000,110210,5000,0.07347333333333333,1.0,RAW_COUNTS
BCH-S300,AWGN,7.7999999999999998,31,ON_SEGMENT_BOUNDARY,5000,1500000,110355,5000,0.07357,1.0,RAW_COUNTS
BCH-S300,AWGN,7.7999999999999998,32,ONE_BEFORE_SEGMENT_BOUNDARY,5000,1500000,110500,5000,0.07366666666666667,1.0,RAW_COUNTS
BCH-S300,AWGN,7.7999999999999998,32,ON_SEGMENT_BOUNDARY,5000,1500000,120195,5000,0.08013,1.0,RAW_COUNTS
BCH-S300,AWGN,7.7999999999999998,48,ONE_BEFORE_SEGMENT_BOUNDARY,5000,1500000,175313,5000,0.11687533333333333,1.0,RAW_COUNTS
BCH-S300,AWGN,7.7999999999999998,48,ON_SEGMENT_BOUNDARY,5000,1500000,185013,5000,0.123342,1.0,RAW_COUNTS
BCH-S300,AWGN,7.7999999999999998,64,ONE_BEFORE_SEGMENT_BOUNDARY,5000,1500000,240152,5000,0.16010133333333335,1.0,RAW_COUNTS
BCH-S300,AWGN,7.7999999999999998,64,ON_SEGMENT_BOUNDARY,5000,1500000,244945,5000,0.16329666666666667,1.0,RAW_COUNTS
BCH-S300,AWGN,9,1,ONE_BEFORE_SEGMENT_BOUNDARY,5000,1500000,28,18,1.8666666666666665e-05,0.0036,RAW_COUNTS
BCH-S300,AWGN,9,1,ON_SEGMENT_BOUNDARY,5000,1500000,90,36,6e-05,0.0072,RAW_COUNTS
BCH-S300,AWGN,9,2,ONE_BEFORE_SEGMENT_BOUNDARY,5000,1500000,115,53,7.666666666666667e-05,0.0106,RAW_COUNTS
BCH-S300,AWGN,9,2,ON_SEGMENT_BOUNDARY,5000,1500000,10051,4998,0.006700666666666666,0.9996,RAW_COUNTS
BCH-S300,AWGN,9,3,ONE_BEFORE_SEGMENT_BOUNDARY,5000,1500000,10076,4998,0.006717333333333333,0.9996,RAW_COUNTS
BCH-S300,AWGN,9,3,ON_SEGMENT_BOUNDARY,5000,1500000,19998,5000,0.013332,1.0,RAW_COUNTS
BCH-S300,AWGN,9,4,ONE_BEFORE_SEGMENT_BOUNDARY,5000,1500000,20023,5000,0.013348666666666667,1.0,RAW_COUNTS
BCH-S300,AWGN,9,4,ON_SEGMENT_BOUNDARY,5000,1500000,24980,5000,0.016653333333333332,1.0,RAW_COUNTS
BCH-S300,AWGN,9,5,ONE_BEFORE_SEGMENT_BOUNDARY,5000,1500000,25005,5000,0.01667,1.0,RAW_COUNTS
BCH-S300,AWGN,9,5,ON_SEGMENT_BOUNDARY,5000,1500000,25001,5000,0.016667333333333333,1.0,RAW_COUNTS
BCH-S300,AWGN,9,6,ONE_BEFORE_SEGMENT_BOUNDARY,5000,1500000,25026,5000,0.016684,1.0,RAW_COUNTS
BCH-S300,AWGN,9,6,ON_SEGMENT_BOUNDARY,5000,1500000,29997,5000,0.019998,1.0,RAW_COUNTS
BCH-S300,AWGN,9,7,ONE_BEFORE_SEGMENT_BOUNDARY,5000,1500000,30022,5000,0.020014666666666667,1.0,RAW_COUNTS
BCH-S300,AWGN,9,7,ON_SEGMENT_BOUNDARY,5000,1500000,30024,5000,0.020016,1.0,RAW_COUNTS
BCH-S300,AWGN,9,8,ONE_BEFORE_SEGMENT_BOUNDARY,5000,1500000,30049,5000,0.020032666666666667,1.0,RAW_COUNTS
BCH-S300,AWGN,9,8,ON_SEGMENT_BOUNDARY,5000,1500000,44938,5000,0.029958666666666668,1.0,RAW_COUNTS
BCH-S300,AWGN,9,10,ONE_BEFORE_SEGMENT_BOUNDARY,5000,1500000,40027,5000,0.026684666666666666,1.0,RAW_COUNTS
BCH-S300,AWGN,9,10,ON_SEGMENT_BOUNDARY,5000,1500000,45006,5000,0.030004,1.0,RAW_COUNTS
BCH-S300,AWGN,9,12,ONE_BEFORE_SEGMENT_BOUNDARY,5000,1500000,50017,5000,0.03334466666666667,1.0,RAW_COUNTS
BCH-S300,AWGN,9,12,ON_SEGMENT_BOUNDARY,5000,1500000,49992,5000,0.033328,1.0,RAW_COUNTS
BCH-S300,AWGN,9,14,ONE_BEFORE_SEGMENT_BOUNDARY,5000,1500000,50013,5000,0.033342,1.0,RAW_COUNTS
BCH-S300,AWGN,9,14,ON_SEGMENT_BOUNDARY,5000,1500000,54951,5000,0.036634,1.0,RAW_COUNTS
BCH-S300,AWGN,9,15,ONE_BEFORE_SEGMENT_BOUNDARY,5000,1500000,54976,5000,0.036650666666666665,1.0,RAW_COUNTS
BCH-S300,AWGN,9,15,ON_SEGMENT_BOUNDARY,5000,1500000,55003,5000,0.03666866666666667,1.0,RAW_COUNTS
BCH-S300,AWGN,9,16,ONE_BEFORE_SEGMENT_BOUNDARY,5000,1500000,55028,5000,0.036685333333333334,1.0,RAW_COUNTS
BCH-S300,AWGN,9,16,ON_SEGMENT_BOUNDARY,5000,1500000,55086,5000,0.036724,1.0,RAW_COUNTS
BCH-S300,AWGN,9,20,ONE_BEFORE_SEGMENT_BOUNDARY,5000,1500000,79997,5000,0.053331333333333335,1.0,RAW_COUNTS
BCH-S300,AWGN,9,20,ON_SEGMENT_BOUNDARY,5000,1500000,80004,5000,0.053336,1.0,RAW_COUNTS
BCH-S300,AWGN,9,24,ONE_BEFORE_SEGMENT_BOUNDARY,5000,1500000,99957,5000,0.066638,1.0,RAW_COUNTS
BCH-S300,AWGN,9,24,ON_SEGMENT_BOUNDARY,5000,1500000,95003,5000,0.06333533333333333,1.0,RAW_COUNTS
BCH-S300,AWGN,9,29,ONE_BEFORE_SEGMENT_BOUNDARY,5000,1500000,105015,5000,0.07001,1.0,RAW_COUNTS
BCH-S300,AWGN,9,29,ON_SEGMENT_BOUNDARY,5000,1500000,109951,5000,0.07330066666666667,1.0,RAW_COUNTS
BCH-S300,AWGN,9,30,ONE_BEFORE_SEGMENT_BOUNDARY,5000,1500000,109976,5000,0.07331733333333333,1.0,RAW_COUNTS
BCH-S300,AWGN,9,30,ON_SEGMENT_BOUNDARY,5000,1500000,110003,5000,0.07333533333333334,1.0,RAW_COUNTS
BCH-S300,AWGN,9,31,ONE_BEFORE_SEGMENT_BOUNDARY,5000,1500000,110028,5000,0.073352,1.0,RAW_COUNTS
BCH-S300,AWGN,9,31,ON_SEGMENT_BOUNDARY,5000,1500000,110068,5000,0.07337866666666666,1.0,RAW_COUNTS
BCH-S300,AWGN,9,32,ONE_BEFORE_SEGMENT_BOUNDARY,5000,1500000,110093,5000,0.07339533333333334,1.0,RAW_COUNTS
BCH-S300,AWGN,9,32,ON_SEGMENT_BOUNDARY,5000,1500000,120028,5000,0.08001866666666667,1.0,RAW_COUNTS
BCH-S300,AWGN,9,48,ONE_BEFORE_SEGMENT_BOUNDARY,5000,1500000,175052,5000,0.11670133333333334,1.0,RAW_COUNTS
BCH-S300,AWGN,9,48,ON_SEGMENT_BOUNDARY,5000,1500000,184988,5000,0.12332533333333333,1.0,RAW_COUNTS
BCH-S300,AWGN,9,64,ONE_BEFORE_SEGMENT_BOUNDARY,5000,1500000,240008,5000,0.16000533333333333,1.0,RAW_COUNTS
BCH-S300,AWGN,9,64,ON_SEGMENT_BOUNDARY,5000,1500000,244970,5000,0.16331333333333334,1.0,RAW_COUNTS
BCH-B300,AWGN,5.2000000000000002,1,ONE_BEFORE_SEGMENT_BOUNDARY,5000,1500000,757,84,0.0005046666666666667,0.0168,RAW_COUNTS
BCH-B300,AWGN,5.2000000000000002,1,ON_SEGMENT_BOUNDARY,5000,1500000,748,83,0.0004986666666666667,0.0166,RAW_COUNTS
BCH-B300,AWGN,5.2000000000000002,2,ONE_BEFORE_SEGMENT_BOUNDARY,5000,1500000,1908,203,0.001272,0.0406,RAW_COUNTS
BCH-B300,AWGN,5.2000000000000002,2,ON_SEGMENT_BOUNDARY,5000,1500000,1914,204,0.001276,0.0408,RAW_COUNTS
BCH-B300,AWGN,5.2000000000000002,3,ONE_BEFORE_SEGMENT_BOUNDARY,5000,1500000,4398,454,0.002932,0.0908,RAW_COUNTS
BCH-B300,AWGN,5.2000000000000002,3,ON_SEGMENT_BOUNDARY,5000,1500000,4403,455,0.002935333333333333,0.091,RAW_COUNTS
BCH-B300,AWGN,5.2000000000000002,4,ONE_BEFORE_SEGMENT_BOUNDARY,5000,1500000,8659,862,0.005772666666666666,0.1724,RAW_COUNTS
BCH-B300,AWGN,5.2000000000000002,4,ON_SEGMENT_BOUNDARY,5000,1500000,8638,860,0.005758666666666666,0.172,RAW_COUNTS
BCH-B300,AWGN,5.2000000000000002,5,ONE_BEFORE_SEGMENT_BOUNDARY,5000,1500000,15871,1526,0.010580666666666667,0.3052,RAW_COUNTS
BCH-B300,AWGN,5.2000000000000002,5,ON_SEGMENT_BOUNDARY,5000,1500000,15933,1531,0.010622,0.3062,RAW_COUNTS
BCH-B300,AWGN,5.2000000000000002,6,ONE_BEFORE_SEGMENT_BOUNDARY,5000,1500000,26024,2408,0.017349333333333335,0.4816,RAW_COUNTS
BCH-B300,AWGN,5.2000000000000002,6,ON_SEGMENT_BOUNDARY,5000,1500000,25950,2401,0.0173,0.4802,RAW_COUNTS
BCH-B300,AWGN,5.2000000000000002,7,ONE_BEFORE_SEGMENT_BOUNDARY,5000,1500000,37690,3336,0.025126666666666665,0.6672,RAW_COUNTS
BCH-B300,AWGN,5.2000000000000002,7,ON_SEGMENT_BOUNDARY,5000,1500000,37683,3334,0.025122,0.6668,RAW_COUNTS
BCH-B300,AWGN,5.2000000000000002,8,ONE_BEFORE_SEGMENT_BOUNDARY,5000,1500000,49422,4159,0.032948,0.8318,RAW_COUNTS
BCH-B300,AWGN,5.2000000000000002,8,ON_SEGMENT_BOUNDARY,5000,1500000,49476,4163,0.032984,0.8326,RAW_COUNTS
BCH-B300,AWGN,5.2000000000000002,10,ONE_BEFORE_SEGMENT_BOUNDARY,5000,1500000,66101,4921,0.04406733333333333,0.9842,RAW_COUNTS
BCH-B300,AWGN,5.2000000000000002,10,ON_SEGMENT_BOUNDARY,5000,1500000,66090,4919,0.04406,0.9838,RAW_COUNTS
BCH-B300,AWGN,5.2000000000000002,12,ONE_BEFORE_SEGMENT_BOUNDARY,5000,1500000,76650,5000,0.0511,1.0,RAW_COUNTS
BCH-B300,AWGN,5.2000000000000002,12,ON_SEGMENT_BOUNDARY,5000,1500000,76632,5000,0.051088,1.0,RAW_COUNTS
BCH-B300,AWGN,5.2000000000000002,14,ONE_BEFORE_SEGMENT_BOUNDARY,5000,1500000,86398,5000,0.057598666666666666,1.0,RAW_COUNTS
BCH-B300,AWGN,5.2000000000000002,14,ON_SEGMENT_BOUNDARY,5000,1500000,86392,5000,0.05759466666666667,1.0,RAW_COUNTS
BCH-B300,AWGN,5.2000000000000002,15,ONE_BEFORE_SEGMENT_BOUNDARY,5000,1500000,91274,5000,0.06084933333333333,1.0,RAW_COUNTS
BCH-B300,AWGN,5.2000000000000002,15,ON_SEGMENT_BOUNDARY,5000,1500000,91260,5000,0.06084,1.0,RAW_COUNTS
BCH-B300,AWGN,5.2000000000000002,16,ONE_BEFORE_SEGMENT_BOUNDARY,5000,1500000,96142,5000,0.06409466666666666,1.0,RAW_COUNTS
BCH-B300,AWGN,5.2000000000000002,16,ON_SEGMENT_BOUNDARY,5000,1500000,96168,5000,0.064112,1.0,RAW_COUNTS
BCH-B300,AWGN,5.2000000000000002,20,ONE_BEFORE_SEGMENT_BOUNDARY,5000,1500000,115710,5000,0.07714,1.0,RAW_COUNTS
BCH-B300,AWGN,5.2000000000000002,20,ON_SEGMENT_BOUNDARY,5000,1500000,115728,5000,0.077152,1.0,RAW_COUNTS
BCH-B300,AWGN,5.2000000000000002,24,ONE_BEFORE_SEGMENT_BOUNDARY,5000,1500000,135252,5000,0.090168,1.0,RAW_COUNTS
BCH-B300,AWGN,5.2000000000000002,24,ON_SEGMENT_BOUNDARY,5000,1500000,135224,5000,0.09014933333333333,1.0,RAW_COUNTS
BCH-B300,AWGN,5.2000000000000002,29,ONE_BEFORE_SEGMENT_BOUNDARY,5000,1500000,159606,5000,0.106404,1.0,RAW_COUNTS
BCH-B300,AWGN,5.2000000000000002,29,ON_SEGMENT_BOUNDARY,5000,1500000,159648,5000,0.106432,1.0,RAW_COUNTS
BCH-B300,AWGN,5.2000000000000002,30,ONE_BEFORE_SEGMENT_BOUNDARY,5000,1500000,164530,5000,0.10968666666666667,1.0,RAW_COUNTS
BCH-B300,AWGN,5.2000000000000002,30,ON_SEGMENT_BOUNDARY,5000,1500000,164510,5000,0.10967333333333333,1.0,RAW_COUNTS
BCH-B300,AWGN,5.2000000000000002,31,ONE_BEFORE_SEGMENT_BOUNDARY,5000,1500000,169392,5000,0.112928,1.0,RAW_COUNTS
BCH-B300,AWGN,5.2000000000000002,31,ON_SEGMENT_BOUNDARY,5000,1500000,169382,5000,0.11292133333333333,1.0,RAW_COUNTS
BCH-B300,AWGN,5.2000000000000002,32,ONE_BEFORE_SEGMENT_BOUNDARY,5000,1500000,174264,5000,0.116176,1.0,RAW_COUNTS
BCH-B300,AWGN,5.2000000000000002,32,ON_SEGMENT_BOUNDARY,5000,1500000,174238,5000,0.11615866666666666,1.0,RAW_COUNTS
BCH-B300,AWGN,5.2000000000000002,48,ONE_BEFORE_SEGMENT_BOUNDARY,5000,1500000,252332,5000,0.16822133333333333,1.0,RAW_COUNTS
BCH-B300,AWGN,5.2000000000000002,48,ON_SEGMENT_BOUNDARY,5000,1500000,252336,5000,0.168224,1.0,RAW_COUNTS
BCH-B300,AWGN,5.2000000000000002,64,ONE_BEFORE_SEGMENT_BOUNDARY,5000,1500000,330380,5000,0.22025333333333333,1.0,RAW_COUNTS
BCH-B300,AWGN,5.2000000000000002,64,ON_SEGMENT_BOUNDARY,5000,1500000,330372,5000,0.220248,1.0,RAW_COUNTS
BCH-B300,AWGN,5.5,1,ONE_BEFORE_SEGMENT_BOUNDARY,5000,1500000,257,28,0.00017133333333333334,0.0056,RAW_COUNTS
BCH-B300,AWGN,5.5,1,ON_SEGMENT_BOUNDARY,5000,1500000,241,26,0.00016066666666666668,0.0052,RAW_COUNTS
BCH-B300,AWGN,5.5,2,ONE_BEFORE_SEGMENT_BOUNDARY,5000,1500000,703,76,0.00046866666666666666,0.0152,RAW_COUNTS
BCH-B300,AWGN,5.5,2,ON_SEGMENT_BOUNDARY,5000,1500000,710,77,0.0004733333333333333,0.0154,RAW_COUNTS
BCH-B300,AWGN,5.5,3,ONE_BEFORE_SEGMENT_BOUNDARY,5000,1500000,1874,197,0.0012493333333333334,0.0394,RAW_COUNTS
BCH-B300,AWGN,5.5,3,ON_SEGMENT_BOUNDARY,5000,1500000,1861,196,0.0012406666666666666,0.0392,RAW_COUNTS
BCH-B300,AWGN,5.5,4,ONE_BEFORE_SEGMENT_BOUNDARY,5000,1500000,4306,435,0.0028706666666666668,0.087,RAW_COUNTS
BCH-B300,AWGN,5.5,4,ON_SEGMENT_BOUNDARY,5000,1500000,4320,437,0.00288,0.0874,RAW_COUNTS
BCH-B300,AWGN,5.5,5,ONE_BEFORE_SEGMENT_BOUNDARY,5000,1500000,9014,881,0.0060093333333333335,0.1762,RAW_COUNTS
BCH-B300,AWGN,5.5,5,ON_SEGMENT_BOUNDARY,5000,1500000,9083,888,0.006055333333333334,0.1776,RAW_COUNTS
BCH-B300,AWGN,5.5,6,ONE_BEFORE_SEGMENT_BOUNDARY,5000,1500000,17045,1609,0.011363333333333333,0.3218,RAW_COUNTS
BCH-B300,AWGN,5.5,6,ON_SEGMENT_BOUNDARY,5000,1500000,17043,1608,0.011362,0.3216,RAW_COUNTS
BCH-B300,AWGN,5.5,7,ONE_BEFORE_SEGMENT_BOUNDARY,5000,1500000,27789,2523,0.018526,0.5046,RAW_COUNTS
BCH-B300,AWGN,5.5,7,ON_SEGMENT_BOUNDARY,5000,1500000,27829,2529,0.018552666666666665,0.5058,RAW_COUNTS
BCH-B300,AWGN,5.5,8,ONE_BEFORE_SEGMENT_BOUNDARY,5000,1500000,40796,3551,0.027197333333333334,0.7102,RAW_COUNTS
BCH-B300,AWGN,5.5,8,ON_SEGMENT_BOUNDARY,5000,1500000,40837,3555,0.027224666666666668,0.711,RAW_COUNTS
BCH-B300,AWGN,5.5,10,ONE_BEFORE_SEGMENT_BOUNDARY,5000,1500000,62115,4832,0.04141,0.9664,RAW_COUNTS
BCH-B300,AWGN,5.5,10,ON_SEGMENT_BOUNDARY,5000,1500000,62148,4835,0.041432,0.967,RAW_COUNTS
BCH-B300,AWGN,5.5,12,ONE_BEFORE_SEGMENT_BOUNDARY,5000,1500000,73588,5000,0.04905866666666667,1.0,RAW_COUNTS
BCH-B300,AWGN,5.5,12,ON_SEGMENT_BOUNDARY,5000,1500000,73626,5000,0.049084,1.0,RAW_COUNTS
BCH-B300,AWGN,5.5,14,ONE_BEFORE_SEGMENT_BOUNDARY,5000,1500000,83392,5000,0.05559466666666667,1.0,RAW_COUNTS
BCH-B300,AWGN,5.5,14,ON_SEGMENT_BOUNDARY,5000,1500000,83410,5000,0.055606666666666665,1.0,RAW_COUNTS
BCH-B300,AWGN,5.5,15,ONE_BEFORE_SEGMENT_BOUNDARY,5000,1500000,88300,5000,0.058866666666666664,1.0,RAW_COUNTS
BCH-B300,AWGN,5.5,15,ON_SEGMENT_BOUNDARY,5000,1500000,88304,5000,0.058869333333333336,1.0,RAW_COUNTS
BCH-B300,AWGN,5.5,16,ONE_BEFORE_SEGMENT_BOUNDARY,5000,1500000,93194,5000,0.062129333333333335,1.0,RAW_COUNTS
BCH-B300,AWGN,5.5,16,ON_SEGMENT_BOUNDARY,5000,1500000,93202,5000,0.062134666666666664,1.0,RAW_COUNTS
BCH-B300,AWGN,5.5,20,ONE_BEFORE_SEGMENT_BOUNDARY,5000,1500000,112808,5000,0.07520533333333333,1.0,RAW_COUNTS
BCH-B300,AWGN,5.5,20,ON_SEGMENT_BOUNDARY,5000,1500000,112826,5000,0.07521733333333333,1.0,RAW_COUNTS
BCH-B300,AWGN,5.5,24,ONE_BEFORE_SEGMENT_BOUNDARY,5000,1500000,132424,5000,0.08828266666666666,1.0,RAW_COUNTS
BCH-B300,AWGN,5.5,24,ON_SEGMENT_BOUNDARY,5000,1500000,132418,5000,0.08827866666666667,1.0,RAW_COUNTS
BCH-B300,AWGN,5.5,29,ONE_BEFORE_SEGMENT_BOUNDARY,5000,1500000,156868,5000,0.10457866666666667,1.0,RAW_COUNTS
BCH-B300,AWGN,5.5,29,ON_SEGMENT_BOUNDARY,5000,1500000,156896,5000,0.10459733333333333,1.0,RAW_COUNTS
BCH-B300,AWGN,5.5,30,ONE_BEFORE_SEGMENT_BOUNDARY,5000,1500000,161786,5000,0.10785733333333333,1.0,RAW_COUNTS
BCH-B300,AWGN,5.5,30,ON_SEGMENT_BOUNDARY,5000,1500000,161816,5000,0.10787733333333334,1.0,RAW_COUNTS
BCH-B300,AWGN,5.5,31,ONE_BEFORE_SEGMENT_BOUNDARY,5000,1500000,166706,5000,0.11113733333333334,1.0,RAW_COUNTS
BCH-B300,AWGN,5.5,31,ON_SEGMENT_BOUNDARY,5000,1500000,166742,5000,0.11116133333333333,1.0,RAW_COUNTS
BCH-B300,AWGN,5.5,32,ONE_BEFORE_SEGMENT_BOUNDARY,5000,1500000,171632,5000,0.11442133333333333,1.0,RAW_COUNTS
BCH-B300,AWGN,5.5,32,ON_SEGMENT_BOUNDARY,5000,1500000,171644,5000,0.11442933333333333,1.0,RAW_COUNTS
BCH-B300,AWGN,5.5,48,ONE_BEFORE_SEGMENT_BOUNDARY,5000,1500000,250106,5000,0.16673733333333332,1.0,RAW_COUNTS
BCH-B300,AWGN,5.5,48,ON_SEGMENT_BOUNDARY,5000,1500000,250138,5000,0.16675866666666667,1.0,RAW_COUNTS
BCH-B300,AWGN,5.5,64,ONE_BEFORE_SEGMENT_BOUNDARY,5000,1500000,328546,5000,0.21903066666666668,1.0,RAW_COUNTS
BCH-B300,AWGN,5.5,64,ON_SEGMENT_BOUNDARY,5000,1500000,328532,5000,0.21902133333333335,1.0,RAW_COUNTS
BCH-B300-426,AWGN,5,1,ONE_BEFORE_SEGMENT_BOUNDARY,5000,1500000,1044,93,0.000696,0.0186,RAW_COUNTS
BCH-B300-426,AWGN,5,1,ON_SEGMENT_BOUNDARY,5000,1500000,1071,95,0.000714,0.019,RAW_COUNTS
BCH-B300-426,AWGN,5,2,ONE_BEFORE_SEGMENT_BOUNDARY,5000,1500000,2183,187,0.0014553333333333334,0.0374,RAW_COUNTS
BCH-B300-426,AWGN,5,2,ON_SEGMENT_BOUNDARY,5000,1500000,2145,184,0.00143,0.0368,RAW_COUNTS
BCH-B300-426,AWGN,5,3,ONE_BEFORE_SEGMENT_BOUNDARY,5000,1500000,3980,332,0.0026533333333333335,0.0664,RAW_COUNTS
BCH-B300-426,AWGN,5,3,ON_SEGMENT_BOUNDARY,5000,1500000,4005,334,0.00267,0.0668,RAW_COUNTS
BCH-B300-426,AWGN,5,4,ONE_BEFORE_SEGMENT_BOUNDARY,5000,1500000,7333,598,0.004888666666666667,0.1196,RAW_COUNTS
BCH-B300-426,AWGN,5,4,ON_SEGMENT_BOUNDARY,5000,1500000,7396,602,0.0049306666666666665,0.1204,RAW_COUNTS
BCH-B300-426,AWGN,5,5,ONE_BEFORE_SEGMENT_BOUNDARY,5000,1500000,12279,962,0.008186,0.1924,RAW_COUNTS
BCH-B300-426,AWGN,5,5,ON_SEGMENT_BOUNDARY,5000,1500000,12257,960,0.008171333333333333,0.192,RAW_COUNTS
BCH-B300-426,AWGN,5,6,ONE_BEFORE_SEGMENT_BOUNDARY,5000,1500000,19558,1478,0.013038666666666667,0.2956,RAW_COUNTS
BCH-B300-426,AWGN,5,6,ON_SEGMENT_BOUNDARY,5000,1500000,19670,1488,0.013113333333333333,0.2976,RAW_COUNTS
BCH-B300-426,AWGN,5,7,ONE_BEFORE_SEGMENT_BOUNDARY,5000,1500000,29513,2159,0.019675333333333333,0.4318,RAW_COUNTS
BCH-B300-426,AWGN,5,7,ON_SEGMENT_BOUNDARY,5000,1500000,29372,2148,0.019581333333333333,0.4296,RAW_COUNTS
BCH-B300-426,AWGN,5,8,ONE_BEFORE_SEGMENT_BOUNDARY,5000,1500000,40552,2858,0.027034666666666665,0.5716,RAW_COUNTS
BCH-B300-426,AWGN,5,8,ON_SEGMENT_BOUNDARY,5000,1500000,40376,2845,0.026917333333333335,0.569,RAW_COUNTS
BCH-B300-426,AWGN,5,10,ONE_BEFORE_SEGMENT_BOUNDARY,5000,1500000,63230,4112,0.042153333333333334,0.8224,RAW_COUNTS
BCH-B300-426,AWGN,5,10,ON_SEGMENT_BOUNDARY,5000,1500000,62970,4094,0.04198,0.8188,RAW_COUNTS
BCH-B300-426,AWGN,5,12,ONE_BEFORE_SEGMENT_BOUNDARY,5000,1500000,81069,4802,0.054046,0.9604,RAW_COUNTS
BCH-B300-426,AWGN,5,12,ON_SEGMENT_BOUNDARY,5000,1500000,81132,4806,0.054088,0.9612,RAW_COUNTS
BCH-B300-426,AWGN,5,14,ONE_BEFORE_SEGMENT_BOUNDARY,5000,1500000,93211,4991,0.062140666666666663,0.9982,RAW_COUNTS
BCH-B300-426,AWGN,5,14,ON_SEGMENT_BOUNDARY,5000,1500000,93198,4989,0.062132,0.9978,RAW_COUNTS
BCH-B300-426,AWGN,5,15,ONE_BEFORE_SEGMENT_BOUNDARY,5000,1500000,98151,4998,0.065434,0.9996,RAW_COUNTS
BCH-B300-426,AWGN,5,15,ON_SEGMENT_BOUNDARY,5000,1500000,98145,4998,0.06543,0.9996,RAW_COUNTS
BCH-B300-426,AWGN,5,16,ONE_BEFORE_SEGMENT_BOUNDARY,5000,1500000,103004,5000,0.06866933333333333,1.0,RAW_COUNTS
BCH-B300-426,AWGN,5,16,ON_SEGMENT_BOUNDARY,5000,1500000,102972,5000,0.068648,1.0,RAW_COUNTS
BCH-B300-426,AWGN,5,20,ONE_BEFORE_SEGMENT_BOUNDARY,5000,1500000,122270,5000,0.08151333333333333,1.0,RAW_COUNTS
BCH-B300-426,AWGN,5,20,ON_SEGMENT_BOUNDARY,5000,1500000,122238,5000,0.081492,1.0,RAW_COUNTS
BCH-B300-426,AWGN,5,24,ONE_BEFORE_SEGMENT_BOUNDARY,5000,1500000,141526,5000,0.09435066666666667,1.0,RAW_COUNTS
BCH-B300-426,AWGN,5,24,ON_SEGMENT_BOUNDARY,5000,1500000,141496,5000,0.09433066666666666,1.0,RAW_COUNTS
BCH-B300-426,AWGN,5,29,ONE_BEFORE_SEGMENT_BOUNDARY,5000,1500000,165662,5000,0.11044133333333334,1.0,RAW_COUNTS
BCH-B300-426,AWGN,5,29,ON_SEGMENT_BOUNDARY,5000,1500000,165658,5000,0.11043866666666667,1.0,RAW_COUNTS
BCH-B300-426,AWGN,5,30,ONE_BEFORE_SEGMENT_BOUNDARY,5000,1500000,170490,5000,0.11366,1.0,RAW_COUNTS
BCH-B300-426,AWGN,5,30,ON_SEGMENT_BOUNDARY,5000,1500000,170462,5000,0.11364133333333333,1.0,RAW_COUNTS
BCH-B300-426,AWGN,5,31,ONE_BEFORE_SEGMENT_BOUNDARY,5000,1500000,175294,5000,0.11686266666666667,1.0,RAW_COUNTS
BCH-B300-426,AWGN,5,31,ON_SEGMENT_BOUNDARY,5000,1500000,175310,5000,0.11687333333333333,1.0,RAW_COUNTS
BCH-B300-426,AWGN,5,32,ONE_BEFORE_SEGMENT_BOUNDARY,5000,1500000,180142,5000,0.12009466666666667,1.0,RAW_COUNTS
BCH-B300-426,AWGN,5,32,ON_SEGMENT_BOUNDARY,5000,1500000,180118,5000,0.12007866666666667,1.0,RAW_COUNTS
BCH-B300-426,AWGN,5,48,ONE_BEFORE_SEGMENT_BOUNDARY,5000,1500000,257388,5000,0.171592,1.0,RAW_COUNTS
BCH-B300-426,AWGN,5,48,ON_SEGMENT_BOUNDARY,5000,1500000,257416,5000,0.17161066666666666,1.0,RAW_COUNTS
BCH-B300-426,AWGN,5,64,ONE_BEFORE_SEGMENT_BOUNDARY,5000,1500000,334664,5000,0.22310933333333333,1.0,RAW_COUNTS
BCH-B300-426,AWGN,5,64,ON_SEGMENT_BOUNDARY,5000,1500000,334674,5000,0.223116,1.0,RAW_COUNTS
BCH-B300-426,AWGN,5.5,1,ONE_BEFORE_SEGMENT_BOUNDARY,5000,1500000,104,9,6.933333333333333e-05,0.0018,RAW_COUNTS
BCH-B300-426,AWGN,5.5,1,ON_SEGMENT_BOUNDARY,5000,1500000,81,7,5.4e-05,0.0014,RAW_COUNTS
BCH-B300-426,AWGN,5.5,2,ONE_BEFORE_SEGMENT_BOUNDARY,5000,1500000,168,14,0.000112,0.0028,RAW_COUNTS
BCH-B300-426,AWGN,5.5,2,ON_SEGMENT_BOUNDARY,5000,1500000,168,14,0.000112,0.0028,RAW_COUNTS
BCH-B300-426,AWGN,5.5,3,ONE_BEFORE_SEGMENT_BOUNDARY,5000,1500000,393,32,0.000262,0.0064,RAW_COUNTS
BCH-B300-426,AWGN,5.5,3,ON_SEGMENT_BOUNDARY,5000,1500000,406,33,0.00027066666666666667,0.0066,RAW_COUNTS
BCH-B300-426,AWGN,5.5,4,ONE_BEFORE_SEGMENT_BOUNDARY,5000,1500000,976,81,0.0006506666666666667,0.0162,RAW_COUNTS
BCH-B300-426,AWGN,5.5,4,ON_SEGMENT_BOUNDARY,5000,1500000,1003,83,0.0006686666666666667,0.0166,RAW_COUNTS
BCH-B300-426,AWGN,5.5,5,ONE_BEFORE_SEGMENT_BOUNDARY,5000,1500000,2298,185,0.001532,0.037,RAW_COUNTS
BCH-B300-426,AWGN,5.5,5,ON_SEGMENT_BOUNDARY,5000,1500000,2276,183,0.0015173333333333334,0.0366,RAW_COUNTS
BCH-B300-426,AWGN,5.5,6,ONE_BEFORE_SEGMENT_BOUNDARY,5000,1500000,5115,404,0.00341,0.0808,RAW_COUNTS
BCH-B300-426,AWGN,5.5,6,ON_SEGMENT_BOUNDARY,5000,1500000,5108,404,0.003405333333333333,0.0808,RAW_COUNTS
BCH-B300-426,AWGN,5.5,7,ONE_BEFORE_SEGMENT_BOUNDARY,5000,1500000,10253,785,0.006835333333333333,0.157,RAW_COUNTS
BCH-B300-426,AWGN,5.5,7,ON_SEGMENT_BOUNDARY,5000,1500000,10335,792,0.00689,0.1584,RAW_COUNTS
BCH-B300-426,AWGN,5.5,8,ONE_BEFORE_SEGMENT_BOUNDARY,5000,1500000,18130,1337,0.012086666666666667,0.2674,RAW_COUNTS
BCH-B300-426,AWGN,5.5,8,ON_SEGMENT_BOUNDARY,5000,1500000,18096,1334,0.012064,0.2668,RAW_COUNTS
BCH-B300-426,AWGN,5.5,10,ONE_BEFORE_SEGMENT_BOUNDARY,5000,1500000,42226,2898,0.028150666666666668,0.5796,RAW_COUNTS
BCH-B300-426,AWGN,5.5,10,ON_SEGMENT_BOUNDARY,5000,1500000,42170,2895,0.028113333333333334,0.579,RAW_COUNTS
BCH-B300-426,AWGN,5.5,12,ONE_BEFORE_SEGMENT_BOUNDARY,5000,1500000,68859,4352,0.045906,0.8704,RAW_COUNTS
BCH-B300-426,AWGN,5.5,12,ON_SEGMENT_BOUNDARY,5000,1500000,68871,4353,0.045914,0.8706,RAW_COUNTS
BCH-B300-426,AWGN,5.5,14,ONE_BEFORE_SEGMENT_BOUNDARY,5000,1500000,86199,4937,0.057466,0.9874,RAW_COUNTS
BCH-B300-426,AWGN,5.5,14,ON_SEGMENT_BOUNDARY,5000,1500000,86229,4939,0.057486,0.9878,RAW_COUNTS
BCH-B300-426,AWGN,5.5,15,ONE_BEFORE_SEGMENT_BOUNDARY,5000,1500000,91838,4992,0.06122533333333333,0.9984,RAW_COUNTS
BCH-B300-426,AWGN,5.5,15,ON_SEGMENT_BOUNDARY,5000,1500000,91844,4994,0.06122933333333333,0.9988,RAW_COUNTS
BCH-B300-426,AWGN,5.5,16,ONE_BEFORE_SEGMENT_BOUNDARY,5000,1500000,96797,4999,0.06453133333333333,0.9998,RAW_COUNTS
BCH-B300-426,AWGN,5.5,16,ON_SEGMENT_BOUNDARY,5000,1500000,96783,4999,0.064522,0.9998,RAW_COUNTS
BCH-B300-426,AWGN,5.5,20,ONE_BEFORE_SEGMENT_BOUNDARY,5000,1500000,116329,5000,0.07755266666666667,1.0,RAW_COUNTS
BCH-B300-426,AWGN,5.5,20,ON_SEGMENT_BOUNDARY,5000,1500000,116313,5000,0.077542,1.0,RAW_COUNTS
BCH-B300-426,AWGN,5.5,24,ONE_BEFORE_SEGMENT_BOUNDARY,5000,1500000,135783,5000,0.090522,1.0,RAW_COUNTS
BCH-B300-426,AWGN,5.5,24,ON_SEGMENT_BOUNDARY,5000,1500000,135789,5000,0.090526,1.0,RAW_COUNTS
BCH-B300-426,AWGN,5.5,29,ONE_BEFORE_SEGMENT_BOUNDARY,5000,1500000,160189,5000,0.10679266666666666,1.0,RAW_COUNTS
BCH-B300-426,AWGN,5.5,29,ON_SEGMENT_BOUNDARY,5000,1500000,160169,5000,0.10677933333333334,1.0,RAW_COUNTS
BCH-B300-426,AWGN,5.5,30,ONE_BEFORE_SEGMENT_BOUNDARY,5000,1500000,165053,5000,0.11003533333333333,1.0,RAW_COUNTS
BCH-B300-426,AWGN,5.5,30,ON_SEGMENT_BOUNDARY,5000,1500000,165031,5000,0.11002066666666667,1.0,RAW_COUNTS
BCH-B300-426,AWGN,5.5,31,ONE_BEFORE_SEGMENT_BOUNDARY,5000,1500000,169915,5000,0.11327666666666666,1.0,RAW_COUNTS
BCH-B300-426,AWGN,5.5,31,ON_SEGMENT_BOUNDARY,5000,1500000,169877,5000,0.11325133333333333,1.0,RAW_COUNTS
BCH-B300-426,AWGN,5.5,32,ONE_BEFORE_SEGMENT_BOUNDARY,5000,1500000,174761,5000,0.11650733333333334,1.0,RAW_COUNTS
BCH-B300-426,AWGN,5.5,32,ON_SEGMENT_BOUNDARY,5000,1500000,174769,5000,0.11651266666666667,1.0,RAW_COUNTS
BCH-B300-426,AWGN,5.5,48,ONE_BEFORE_SEGMENT_BOUNDARY,5000,1500000,252733,5000,0.16848866666666668,1.0,RAW_COUNTS
BCH-B300-426,AWGN,5.5,48,ON_SEGMENT_BOUNDARY,5000,1500000,252733,5000,0.16848866666666668,1.0,RAW_COUNTS
BCH-B300-426,AWGN,5.5,64,ONE_BEFORE_SEGMENT_BOUNDARY,5000,1500000,330757,5000,0.22050466666666665,1.0,RAW_COUNTS
BCH-B300-426,AWGN,5.5,64,ON_SEGMENT_BOUNDARY,5000,1500000,330741,5000,0.220494,1.0,RAW_COUNTS
