caseId,configurationId,interleaverMode,interleaverDepth,burstLengthIndex,burstLengthBits,snrIndex,targetSnrDb,derivedEbN0Db,permutationSha256
K200_S15,NONE_L0,NONE,1,0,0,2,1,2.5381486434452905,4e5faa22aa4624526bfc7ba6cd69df14d8268dd64226d430f4fc43c2e2979f22
K200_S15,NONE_L0,NONE,1,0,0,6,3,4.5381486434452905,4e5faa22aa4624526bfc7ba6cd69df14d8268dd64226d430f4fc43c2e2979f22
K200_S15,NONE_L0,NONE,1,0,0,10,5,6.5381486434452905,4e5faa22aa4624526bfc7ba6cd69df14d8268dd64226d430f4fc43c2e2979f22
K200_S15,NONE_L0,NONE,1,0,0,14,7,8.5381486434452896,4e5faa22aa4624526bfc7ba6cd69df14d8268dd64226d430f4fc43c2e2979f22
K200_S15,NONE_L0,NONE,1,0,0,18,9,10.53814864344529,4e5faa22aa4624526bfc7ba6cd69df14d8268dd64226d430f4fc43c2e2979f22
K200_S15,NONE_L0,NONE,1,0,0,22,11,12.53814864344529,4e5faa22aa4624526bfc7ba6cd69df14d8268dd64226d430f4fc43c2e2979f22
K200_S15,NONE_L0,NONE,1,0,0,26,13,14.53814864344529,4e5faa22aa4624526bfc7ba6cd69df14d8268dd64226d430f4fc43c2e2979f22
K200_S15,NONE_L0,NONE,1,0,0,30,15,16.53814864344529,4e5faa22aa4624526bfc7ba6cd69df14d8268dd64226d430f4fc43c2e2979f22
K200_S15,NONE_L0,NONE,1,0,0,34,17,18.53814864344529,4e5faa22aa4624526bfc7ba6cd69df14d8268dd64226d430f4fc43c2e2979f22
K200_S15,NONE_LREP,NONE,1,1,12,1,0.5,2.0381486434452905,4e5faa22aa4624526bfc7ba6cd69df14d8268dd64226d430f4fc43c2e2979f22
K200_S15,NONE_LREP,NONE,1,1,12,5,2.5,4.0381486434452905,4e5faa22aa4624526bfc7ba6cd69df14d8268dd64226d430f4fc43c2e2979f22
K200_S15,NONE_LREP,NONE,1,1,12,9,4.5,6.0381486434452905,4e5faa22aa4624526bfc7ba6cd69df14d8268dd64226d430f4fc43c2e2979f22
K200_S15,NONE_LREP,NONE,1,1,12,13,6.5,8.0381486434452896,4e5faa22aa4624526bfc7ba6cd69df14d8268dd64226d430f4fc43c2e2979f22
K200_S15,NONE_LREP,NONE,1,1,12,17,8.5,10.03814864344529,4e5faa22aa4624526bfc7ba6cd69df14d8268dd64226d430f4fc43c2e2979f22
K200_S15,NONE_LREP,NONE,1,1,12,21,10.5,12.03814864344529,4e5faa22aa4624526bfc7ba6cd69df14d8268dd64226d430f4fc43c2e2979f22
K200_S15,NONE_LREP,NONE,1,1,12,25,12.5,14.03814864344529,4e5faa22aa4624526bfc7ba6cd69df14d8268dd64226d430f4fc43c2e2979f22
K200_S15,NONE_LREP,NONE,1,1,12,29,14.5,16.03814864344529,4e5faa22aa4624526bfc7ba6cd69df14d8268dd64226d430f4fc43c2e2979f22
K200_S15,NONE_LREP,NONE,1,1,12,33,16.5,18.03814864344529,4e5faa22aa4624526bfc7ba6cd69df14d8268dd64226d430f4fc43c2e2979f22
K200_S15,BEST_LREP,ROW_COLUMN,16,1,12,0,0,1.5381486434452905,3e176e22f2606ff990324081ee68cc2f588770bc0ecb7b9e0911f2b1505ef056
K200_S15,BEST_LREP,ROW_COLUMN,16,1,12,4,2,3.5381486434452905,3e176e22f2606ff990324081ee68cc2f588770bc0ecb7b9e0911f2b1505ef056
K200_S15,BEST_LREP,ROW_COLUMN,16,1,12,8,4,5.5381486434452905,3e176e22f2606ff990324081ee68cc2f588770bc0ecb7b9e0911f2b1505ef056
K200_S15,BEST_LREP,ROW_COLUMN,16,1,12,12,6,7.5381486434452905,3e176e22f2606ff990324081ee68cc2f588770bc0ecb7b9e0911f2b1505ef056
K200_S15,BEST_LREP,ROW_COLUMN,16,1,12,16,8,9.5381486434452896,3e176e22f2606ff990324081ee68cc2f588770bc0ecb7b9e0911f2b1505ef056
K200_S15,BEST_LREP,ROW_COLUMN,16,1,12,20,10,11.53814864344529,3e176e22f2606ff990324081ee68cc2f588770bc0ecb7b9e0911f2b1505ef056
K200_S15,BEST_LREP,ROW_COLUMN,16,1,12,24,12,13.53814864344529,3e176e22f2606ff990324081ee68cc2f588770bc0ecb7b9e0911f2b1505ef056
K200_S15,BEST_LREP,ROW_COLUMN,16,1,12,28,14,15.53814864344529,3e176e22f2606ff990324081ee68cc2f588770bc0ecb7b9e0911f2b1505ef056
K200_S15,BEST_LREP,ROW_COLUMN,16,1,12,32,16,17.53814864344529,3e176e22f2606ff990324081ee68cc2f588770bc0ecb7b9e0911f2b1505ef056
K200_S15,BEST_LREP,ROW_COLUMN,16,1,12,36,18,19.53814864344529,3e176e22f2606ff990324081ee68cc2f588770bc0ecb7b9e0911f2b1505ef056
K200_M255K207,NONE_L0,NONE,1,0,0,3,1.5,2.434216851622351,01aeb77782a2e6b0bac376fd888553f0b68e9ce200da0456fb5bed5a31560793
K200_M255K207,NONE_L0,NONE,1,0,0,7,3.5,4.4342168516223506,01aeb77782a2e6b0bac376fd888553f0b68e9ce200da0456fb5bed5a31560793
K200_M255K207,NONE_L0,NONE,1,0,0,11,5.5,6.4342168516223506,01aeb77782a2e6b0bac376fd888553f0b68e9ce200da0456fb5bed5a31560793
K200_M255K207,NONE_L0,NONE,1,0,0,15,7.5,8.4342168516223506,01aeb77782a2e6b0bac376fd888553f0b68e9ce200da0456fb5bed5a31560793
K200_M255K207,NONE_L0,NONE,1,0,0,19,9.5,10.434216851622351,01aeb77782a2e6b0bac376fd888553f0b68e9ce200da0456fb5bed5a31560793
K200_M255K207,NONE_L0,NONE,1,0,0,23,11.5,12.434216851622351,01aeb77782a2e6b0bac376fd888553f0b68e9ce200da0456fb5bed5a31560793
K200_M255K207,NONE_L0,NONE,1,0,0,27,13.5,14.434216851622351,01aeb77782a2e6b0bac376fd888553f0b68e9ce200da0456fb5bed5a31560793
K200_M255K207,NONE_L0,NONE,1,0,0,31,15.5,16.434216851622352,01aeb77782a2e6b0bac376fd888553f0b68e9ce200da0456fb5bed5a31560793
K200_M255K207,NONE_L0,NONE,1,0,0,35,17.5,18.434216851622352,01aeb77782a2e6b0bac376fd888553f0b68e9ce200da0456fb5bed5a31560793
K200_M255K207,NONE_LREP,NONE,1,1,12,2,1,1.934216851622351,01aeb77782a2e6b0bac376fd888553f0b68e9ce200da0456fb5bed5a31560793
K200_M255K207,NONE_LREP,NONE,1,1,12,6,3,3.934216851622351,01aeb77782a2e6b0bac376fd888553f0b68e9ce200da0456fb5bed5a31560793
K200_M255K207,NONE_LREP,NONE,1,1,12,10,5,5.9342168516223506,01aeb77782a2e6b0bac376fd888553f0b68e9ce200da0456fb5bed5a31560793
K200_M255K207,NONE_LREP,NONE,1,1,12,14,7,7.9342168516223506,01aeb77782a2e6b0bac376fd888553f0b68e9ce200da0456fb5bed5a31560793
K200_M255K207,NONE_LREP,NONE,1,1,12,18,9,9.9342168516223506,01aeb77782a2e6b0bac376fd888553f0b68e9ce200da0456fb5bed5a31560793
K200_M255K207,NONE_LREP,NONE,1,1,12,22,11,11.934216851622351,01aeb77782a2e6b0bac376fd888553f0b68e9ce200da0456fb5bed5a31560793
K200_M255K207,NONE_LREP,NONE,1,1,12,26,13,13.934216851622351,01aeb77782a2e6b0bac376fd888553f0b68e9ce200da0456fb5bed5a31560793
K200_M255K207,NONE_LREP,NONE,1,1,12,30,15,15.934216851622351,01aeb77782a2e6b0bac376fd888553f0b68e9ce200da0456fb5bed5a31560793
K200_M255K207,NONE_LREP,NONE,1,1,12,34,17,17.934216851622352,01aeb77782a2e6b0bac376fd888553f0b68e9ce200da0456fb5bed5a31560793
K200_M255K207,BEST_LREP,ROW_COLUMN,4,1,12,1,0.5,1.434216851622351,bb300a094e912b7f4f05e394521c66e9cb15f60ab7f673ff809e87cbddceb4e8
K200_M255K207,BEST_LREP,ROW_COLUMN,4,1,12,5,2.5,3.434216851622351,bb300a094e912b7f4f05e394521c66e9cb15f60ab7f673ff809e87cbddceb4e8
K200_M255K207,BEST_LREP,ROW_COLUMN,4,1,12,9,4.5,5.4342168516223506,bb300a094e912b7f4f05e394521c66e9cb15f60ab7f673ff809e87cbddceb4e8
K200_M255K207,BEST_LREP,ROW_COLUMN,4,1,12,13,6.5,7.4342168516223506,bb300a094e912b7f4f05e394521c66e9cb15f60ab7f673ff809e87cbddceb4e8
K200_M255K207,BEST_LREP,ROW_COLUMN,4,1,12,17,8.5,9.4342168516223506,bb300a094e912b7f4f05e394521c66e9cb15f60ab7f673ff809e87cbddceb4e8
K200_M255K207,BEST_LREP,ROW_COLUMN,4,1,12,21,10.5,11.434216851622351,bb300a094e912b7f4f05e394521c66e9cb15f60ab7f673ff809e87cbddceb4e8
K200_M255K207,BEST_LREP,ROW_COLUMN,4,1,12,25,12.5,13.434216851622351,bb300a094e912b7f4f05e394521c66e9cb15f60ab7f673ff809e87cbddceb4e8
K200_M255K207,BEST_LREP,ROW_COLUMN,4,1,12,29,14.5,15.434216851622351,bb300a094e912b7f4f05e394521c66e9cb15f60ab7f673ff809e87cbddceb4e8
K200_M255K207,BEST_LREP,ROW_COLUMN,4,1,12,33,16.5,17.434216851622352,bb300a094e912b7f4f05e394521c66e9cb15f60ab7f673ff809e87cbddceb4e8
K200_M511K421,NONE_L0,NONE,1,0,0,0,0,1.6136800223497485,12963ca35ab4094b767e55a8c018aef3caf7cb3defad556fc09ec032238f78d3
K200_M511K421,NONE_L0,NONE,1,0,0,4,2,3.6136800223497483,12963ca35ab4094b767e55a8c018aef3caf7cb3defad556fc09ec032238f78d3
K200_M511K421,NONE_L0,NONE,1,0,0,8,4,5.6136800223497483,12963ca35ab4094b767e55a8c018aef3caf7cb3defad556fc09ec032238f78d3
K200_M511K421,NONE_L0,NONE,1,0,0,12,6,7.6136800223497483,12963ca35ab4094b767e55a8c018aef3caf7cb3defad556fc09ec032238f78d3
K200_M511K421,NONE_L0,NONE,1,0,0,16,8,9.6136800223497492,12963ca35ab4094b767e55a8c018aef3caf7cb3defad556fc09ec032238f78d3
K200_M511K421,NONE_L0,NONE,1,0,0,20,10,11.613680022349749,12963ca35ab4094b767e55a8c018aef3caf7cb3defad556fc09ec032238f78d3
K200_M511K421,NONE_L0,NONE,1,0,0,24,12,13.613680022349749,12963ca35ab4094b767e55a8c018aef3caf7cb3defad556fc09ec032238f78d3
K200_M511K421,NONE_L0,NONE,1,0,0,28,14,15.613680022349749,12963ca35ab4094b767e55a8c018aef3caf7cb3defad556fc09ec032238f78d3
K200_M511K421,NONE_L0,NONE,1,0,0,32,16,17.613680022349747,12963ca35ab4094b767e55a8c018aef3caf7cb3defad556fc09ec032238f78d3
K200_M511K421,NONE_L0,NONE,1,0,0,36,18,19.613680022349747,12963ca35ab4094b767e55a8c018aef3caf7cb3defad556fc09ec032238f78d3
K200_M511K421,NONE_LREP,NONE,1,1,12,3,1.5,3.1136800223497483,12963ca35ab4094b767e55a8c018aef3caf7cb3defad556fc09ec032238f78d3
K200_M511K421,NONE_LREP,NONE,1,1,12,7,3.5,5.1136800223497483,12963ca35ab4094b767e55a8c018aef3caf7cb3defad556fc09ec032238f78d3
K200_M511K421,NONE_LREP,NONE,1,1,12,11,5.5,7.1136800223497483,12963ca35ab4094b767e55a8c018aef3caf7cb3defad556fc09ec032238f78d3
K200_M511K421,NONE_LREP,NONE,1,1,12,15,7.5,9.1136800223497492,12963ca35ab4094b767e55a8c018aef3caf7cb3defad556fc09ec032238f78d3
K200_M511K421,NONE_LREP,NONE,1,1,12,19,9.5,11.113680022349749,12963ca35ab4094b767e55a8c018aef3caf7cb3defad556fc09ec032238f78d3
K200_M511K421,NONE_LREP,NONE,1,1,12,23,11.5,13.113680022349749,12963ca35ab4094b767e55a8c018aef3caf7cb3defad556fc09ec032238f78d3
K200_M511K421,NONE_LREP,NONE,1,1,12,27,13.5,15.113680022349749,12963ca35ab4094b767e55a8c018aef3caf7cb3defad556fc09ec032238f78d3
K200_M511K421,NONE_LREP,NONE,1,1,12,31,15.5,17.113680022349747,12963ca35ab4094b767e55a8c018aef3caf7cb3defad556fc09ec032238f78d3
K200_M511K421,NONE_LREP,NONE,1,1,12,35,17.5,19.113680022349747,12963ca35ab4094b767e55a8c018aef3caf7cb3defad556fc09ec032238f78d3
K200_M511K421,BEST_LREP,ROW_COLUMN,16,1,12,2,1,2.6136800223497483,c33073850114663953bea2006362af5880a573405030b6ce08723895b15e287a
K200_M511K421,BEST_LREP,ROW_COLUMN,16,1,12,6,3,4.6136800223497483,c33073850114663953bea2006362af5880a573405030b6ce08723895b15e287a
K200_M511K421,BEST_LREP,ROW_COLUMN,16,1,12,10,5,6.6136800223497483,c33073850114663953bea2006362af5880a573405030b6ce08723895b15e287a
K200_M511K421,BEST_LREP,ROW_COLUMN,16,1,12,14,7,8.6136800223497492,c33073850114663953bea2006362af5880a573405030b6ce08723895b15e287a
K200_M511K421,BEST_LREP,ROW_COLUMN,16,1,12,18,9,10.613680022349749,c33073850114663953bea2006362af5880a573405030b6ce08723895b15e287a
K200_M511K421,BEST_LREP,ROW_COLUMN,16,1,12,22,11,12.613680022349749,c33073850114663953bea2006362af5880a573405030b6ce08723895b15e287a
K200_M511K421,BEST_LREP,ROW_COLUMN,16,1,12,26,13,14.613680022349749,c33073850114663953bea2006362af5880a573405030b6ce08723895b15e287a
K200_M511K421,BEST_LREP,ROW_COLUMN,16,1,12,30,15,16.613680022349747,c33073850114663953bea2006362af5880a573405030b6ce08723895b15e287a
K200_M511K421,BEST_LREP,ROW_COLUMN,16,1,12,34,17,18.613680022349747,c33073850114663953bea2006362af5880a573405030b6ce08723895b15e287a
K200_M511K385,NONE_L0,NONE,1,0,0,1,0.5,2.6218760440395781,e2bc32e7a16158dd54b740330af587b34410850a36ed6f038cc4317de3f50926
K200_M511K385,NONE_L0,NONE,1,0,0,5,2.5,4.6218760440395776,e2bc32e7a16158dd54b740330af587b34410850a36ed6f038cc4317de3f50926
K200_M511K385,NONE_L0,NONE,1,0,0,9,4.5,6.6218760440395776,e2bc32e7a16158dd54b740330af587b34410850a36ed6f038cc4317de3f50926
K200_M511K385,NONE_L0,NONE,1,0,0,13,6.5,8.6218760440395776,e2bc32e7a16158dd54b740330af587b34410850a36ed6f038cc4317de3f50926
K200_M511K385,NONE_L0,NONE,1,0,0,17,8.5,10.621876044039578,e2bc32e7a16158dd54b740330af587b34410850a36ed6f038cc4317de3f50926
K200_M511K385,NONE_L0,NONE,1,0,0,21,10.5,12.621876044039578,e2bc32e7a16158dd54b740330af587b34410850a36ed6f038cc4317de3f50926
K200_M511K385,NONE_L0,NONE,1,0,0,25,12.5,14.621876044039578,e2bc32e7a16158dd54b740330af587b34410850a36ed6f038cc4317de3f50926
K200_M511K385,NONE_L0,NONE,1,0,0,29,14.5,16.621876044039578,e2bc32e7a16158dd54b740330af587b34410850a36ed6f038cc4317de3f50926
K200_M511K385,NONE_L0,NONE,1,0,0,33,16.5,18.621876044039578,e2bc32e7a16158dd54b740330af587b34410850a36ed6f038cc4317de3f50926
K200_M511K385,NONE_LREP,NONE,1,1,12,0,0,2.1218760440395781,e2bc32e7a16158dd54b740330af587b34410850a36ed6f038cc4317de3f50926
K200_M511K385,NONE_LREP,NONE,1,1,12,4,2,4.1218760440395776,e2bc32e7a16158dd54b740330af587b34410850a36ed6f038cc4317de3f50926
K200_M511K385,NONE_LREP,NONE,1,1,12,8,4,6.1218760440395776,e2bc32e7a16158dd54b740330af587b34410850a36ed6f038cc4317de3f50926
K200_M511K385,NONE_LREP,NONE,1,1,12,12,6,8.1218760440395776,e2bc32e7a16158dd54b740330af587b34410850a36ed6f038cc4317de3f50926
K200_M511K385,NONE_LREP,NONE,1,1,12,16,8,10.121876044039578,e2bc32e7a16158dd54b740330af587b34410850a36ed6f038cc4317de3f50926
K200_M511K385,NONE_LREP,NONE,1,1,12,20,10,12.121876044039578,e2bc32e7a16158dd54b740330af587b34410850a36ed6f038cc4317de3f50926
K200_M511K385,NONE_LREP,NONE,1,1,12,24,12,14.121876044039578,e2bc32e7a16158dd54b740330af587b34410850a36ed6f038cc4317de3f50926
K200_M511K385,NONE_LREP,NONE,1,1,12,28,14,16.121876044039578,e2bc32e7a16158dd54b740330af587b34410850a36ed6f038cc4317de3f50926
K200_M511K385,NONE_LREP,NONE,1,1,12,32,16,18.121876044039578,e2bc32e7a16158dd54b740330af587b34410850a36ed6f038cc4317de3f50926
K200_M511K385,NONE_LREP,NONE,1,1,12,36,18,20.121876044039578,e2bc32e7a16158dd54b740330af587b34410850a36ed6f038cc4317de3f50926
K200_M511K385,BEST_LREP,ROW_COLUMN,16,1,12,3,1.5,3.6218760440395781,97606b25e01ee48903d8bbd38dde9e2efcea34c173c6fcb275d560500fab916f
K200_M511K385,BEST_LREP,ROW_COLUMN,16,1,12,7,3.5,5.6218760440395776,97606b25e01ee48903d8bbd38dde9e2efcea34c173c6fcb275d560500fab916f
K200_M511K385,BEST_LREP,ROW_COLUMN,16,1,12,11,5.5,7.6218760440395776,97606b25e01ee48903d8bbd38dde9e2efcea34c173c6fcb275d560500fab916f
K200_M511K385,BEST_LREP,ROW_COLUMN,16,1,12,15,7.5,9.6218760440395776,97606b25e01ee48903d8bbd38dde9e2efcea34c173c6fcb275d560500fab916f
K200_M511K385,BEST_LREP,ROW_COLUMN,16,1,12,19,9.5,11.621876044039578,97606b25e01ee48903d8bbd38dde9e2efcea34c173c6fcb275d560500fab916f
K200_M511K385,BEST_LREP,ROW_COLUMN,16,1,12,23,11.5,13.621876044039578,97606b25e01ee48903d8bbd38dde9e2efcea34c173c6fcb275d560500fab916f
K200_M511K385,BEST_LREP,ROW_COLUMN,16,1,12,27,13.5,15.621876044039578,97606b25e01ee48903d8bbd38dde9e2efcea34c173c6fcb275d560500fab916f
K200_M511K385,BEST_LREP,ROW_COLUMN,16,1,12,31,15.5,17.621876044039578,97606b25e01ee48903d8bbd38dde9e2efcea34c173c6fcb275d560500fab916f
K200_M511K385,BEST_LREP,ROW_COLUMN,16,1,12,35,17.5,19.621876044039578,97606b25e01ee48903d8bbd38dde9e2efcea34c173c6fcb275d560500fab916f
K300_S15,NONE_L0,NONE,1,0,0,2,1,2.46128035678238,9c90ef50a346fb5dbba66466d8e9ffa3c8244e51fd7406cedf20a2d0a714e5af
K300_S15,NONE_L0,NONE,1,0,0,6,3,4.46128035678238,9c90ef50a346fb5dbba66466d8e9ffa3c8244e51fd7406cedf20a2d0a714e5af
K300_S15,NONE_L0,NONE,1,0,0,10,5,6.46128035678238,9c90ef50a346fb5dbba66466d8e9ffa3c8244e51fd7406cedf20a2d0a714e5af
K300_S15,NONE_L0,NONE,1,0,0,14,7,8.46128035678238,9c90ef50a346fb5dbba66466d8e9ffa3c8244e51fd7406cedf20a2d0a714e5af
K300_S15,NONE_L0,NONE,1,0,0,18,9,10.46128035678238,9c90ef50a346fb5dbba66466d8e9ffa3c8244e51fd7406cedf20a2d0a714e5af
K300_S15,NONE_L0,NONE,1,0,0,22,11,12.46128035678238,9c90ef50a346fb5dbba66466d8e9ffa3c8244e51fd7406cedf20a2d0a714e5af
K300_S15,NONE_L0,NONE,1,0,0,26,13,14.46128035678238,9c90ef50a346fb5dbba66466d8e9ffa3c8244e51fd7406cedf20a2d0a714e5af
K300_S15,NONE_L0,NONE,1,0,0,30,15,16.461280356782382,9c90ef50a346fb5dbba66466d8e9ffa3c8244e51fd7406cedf20a2d0a714e5af
K300_S15,NONE_L0,NONE,1,0,0,34,17,18.461280356782382,9c90ef50a346fb5dbba66466d8e9ffa3c8244e51fd7406cedf20a2d0a714e5af
K300_S15,NONE_LREP,NONE,1,1,8,1,0.5,1.96128035678238,9c90ef50a346fb5dbba66466d8e9ffa3c8244e51fd7406cedf20a2d0a714e5af
K300_S15,NONE_LREP,NONE,1,1,8,5,2.5,3.96128035678238,9c90ef50a346fb5dbba66466d8e9ffa3c8244e51fd7406cedf20a2d0a714e5af
K300_S15,NONE_LREP,NONE,1,1,8,9,4.5,5.96128035678238,9c90ef50a346fb5dbba66466d8e9ffa3c8244e51fd7406cedf20a2d0a714e5af
K300_S15,NONE_LREP,NONE,1,1,8,13,6.5,7.96128035678238,9c90ef50a346fb5dbba66466d8e9ffa3c8244e51fd7406cedf20a2d0a714e5af
K300_S15,NONE_LREP,NONE,1,1,8,17,8.5,9.96128035678238,9c90ef50a346fb5dbba66466d8e9ffa3c8244e51fd7406cedf20a2d0a714e5af
K300_S15,NONE_LREP,NONE,1,1,8,21,10.5,11.96128035678238,9c90ef50a346fb5dbba66466d8e9ffa3c8244e51fd7406cedf20a2d0a714e5af
K300_S15,NONE_LREP,NONE,1,1,8,25,12.5,13.96128035678238,9c90ef50a346fb5dbba66466d8e9ffa3c8244e51fd7406cedf20a2d0a714e5af
K300_S15,NONE_LREP,NONE,1,1,8,29,14.5,15.96128035678238,9c90ef50a346fb5dbba66466d8e9ffa3c8244e51fd7406cedf20a2d0a714e5af
K300_S15,NONE_LREP,NONE,1,1,8,33,16.5,17.961280356782382,9c90ef50a346fb5dbba66466d8e9ffa3c8244e51fd7406cedf20a2d0a714e5af
K300_S15,BEST_LREP,ROW_COLUMN,16,1,8,0,0,1.46128035678238,2573f1519c22bb11e393cc09c4a1c0e3c27746bb99ce8b512a4823ecd6c58f7c
K300_S15,BEST_LREP,ROW_COLUMN,16,1,8,4,2,3.46128035678238,2573f1519c22bb11e393cc09c4a1c0e3c27746bb99ce8b512a4823ecd6c58f7c
K300_S15,BEST_LREP,ROW_COLUMN,16,1,8,8,4,5.46128035678238,2573f1519c22bb11e393cc09c4a1c0e3c27746bb99ce8b512a4823ecd6c58f7c
K300_S15,BEST_LREP,ROW_COLUMN,16,1,8,12,6,7.46128035678238,2573f1519c22bb11e393cc09c4a1c0e3c27746bb99ce8b512a4823ecd6c58f7c
K300_S15,BEST_LREP,ROW_COLUMN,16,1,8,16,8,9.46128035678238,2573f1519c22bb11e393cc09c4a1c0e3c27746bb99ce8b512a4823ecd6c58f7c
K300_S15,BEST_LREP,ROW_COLUMN,16,1,8,20,10,11.46128035678238,2573f1519c22bb11e393cc09c4a1c0e3c27746bb99ce8b512a4823ecd6c58f7c
K300_S15,BEST_LREP,ROW_COLUMN,16,1,8,24,12,13.46128035678238,2573f1519c22bb11e393cc09c4a1c0e3c27746bb99ce8b512a4823ecd6c58f7c
K300_S15,BEST_LREP,ROW_COLUMN,16,1,8,28,14,15.46128035678238,2573f1519c22bb11e393cc09c4a1c0e3c27746bb99ce8b512a4823ecd6c58f7c
K300_S15,BEST_LREP,ROW_COLUMN,16,1,8,32,16,17.461280356782382,2573f1519c22bb11e393cc09c4a1c0e3c27746bb99ce8b512a4823ecd6c58f7c
K300_S15,BEST_LREP,ROW_COLUMN,16,1,8,36,18,19.461280356782382,2573f1519c22bb11e393cc09c4a1c0e3c27746bb99ce8b512a4823ecd6c58f7c
K300_M255K207,NONE_L0,NONE,1,0,0,3,1.5,2.7057393120584985,2d8c7117e62f421ae96e2527354cd3cc91106fe1a2095a0b6134bb51e4695bdc
K300_M255K207,NONE_L0,NONE,1,0,0,7,3.5,4.7057393120584985,2d8c7117e62f421ae96e2527354cd3cc91106fe1a2095a0b6134bb51e4695bdc
K300_M255K207,NONE_L0,NONE,1,0,0,11,5.5,6.7057393120584985,2d8c7117e62f421ae96e2527354cd3cc91106fe1a2095a0b6134bb51e4695bdc
K300_M255K207,NONE_L0,NONE,1,0,0,15,7.5,8.7057393120584994,2d8c7117e62f421ae96e2527354cd3cc91106fe1a2095a0b6134bb51e4695bdc
K300_M255K207,NONE_L0,NONE,1,0,0,19,9.5,10.705739312058499,2d8c7117e62f421ae96e2527354cd3cc91106fe1a2095a0b6134bb51e4695bdc
K300_M255K207,NONE_L0,NONE,1,0,0,23,11.5,12.705739312058499,2d8c7117e62f421ae96e2527354cd3cc91106fe1a2095a0b6134bb51e4695bdc
K300_M255K207,NONE_L0,NONE,1,0,0,27,13.5,14.705739312058499,2d8c7117e62f421ae96e2527354cd3cc91106fe1a2095a0b6134bb51e4695bdc
K300_M255K207,NONE_L0,NONE,1,0,0,31,15.5,16.705739312058498,2d8c7117e62f421ae96e2527354cd3cc91106fe1a2095a0b6134bb51e4695bdc
K300_M255K207,NONE_L0,NONE,1,0,0,35,17.5,18.705739312058498,2d8c7117e62f421ae96e2527354cd3cc91106fe1a2095a0b6134bb51e4695bdc
K300_M255K207,NONE_LREP,NONE,1,1,8,2,1,2.2057393120584985,2d8c7117e62f421ae96e2527354cd3cc91106fe1a2095a0b6134bb51e4695bdc
K300_M255K207,NONE_LREP,NONE,1,1,8,6,3,4.2057393120584985,2d8c7117e62f421ae96e2527354cd3cc91106fe1a2095a0b6134bb51e4695bdc
K300_M255K207,NONE_LREP,NONE,1,1,8,10,5,6.2057393120584985,2d8c7117e62f421ae96e2527354cd3cc91106fe1a2095a0b6134bb51e4695bdc
K300_M255K207,NONE_LREP,NONE,1,1,8,14,7,8.2057393120584994,2d8c7117e62f421ae96e2527354cd3cc91106fe1a2095a0b6134bb51e4695bdc
K300_M255K207,NONE_LREP,NONE,1,1,8,18,9,10.205739312058499,2d8c7117e62f421ae96e2527354cd3cc91106fe1a2095a0b6134bb51e4695bdc
K300_M255K207,NONE_LREP,NONE,1,1,8,22,11,12.205739312058499,2d8c7117e62f421ae96e2527354cd3cc91106fe1a2095a0b6134bb51e4695bdc
K300_M255K207,NONE_LREP,NONE,1,1,8,26,13,14.205739312058499,2d8c7117e62f421ae96e2527354cd3cc91106fe1a2095a0b6134bb51e4695bdc
K300_M255K207,NONE_LREP,NONE,1,1,8,30,15,16.205739312058498,2d8c7117e62f421ae96e2527354cd3cc91106fe1a2095a0b6134bb51e4695bdc
K300_M255K207,NONE_LREP,NONE,1,1,8,34,17,18.205739312058498,2d8c7117e62f421ae96e2527354cd3cc91106fe1a2095a0b6134bb51e4695bdc
K300_M255K207,BEST_LREP,ROW_COLUMN,4,1,8,1,0.5,1.7057393120584987,55133fddbaae10a7021f5a1cb1503e6243b0a961df29e56c83719e139ff81dff
K300_M255K207,BEST_LREP,ROW_COLUMN,4,1,8,5,2.5,3.7057393120584985,55133fddbaae10a7021f5a1cb1503e6243b0a961df29e56c83719e139ff81dff
K300_M255K207,BEST_LREP,ROW_COLUMN,4,1,8,9,4.5,5.7057393120584985,55133fddbaae10a7021f5a1cb1503e6243b0a961df29e56c83719e139ff81dff
K300_M255K207,BEST_LREP,ROW_COLUMN,4,1,8,13,6.5,7.7057393120584985,55133fddbaae10a7021f5a1cb1503e6243b0a961df29e56c83719e139ff81dff
K300_M255K207,BEST_LREP,ROW_COLUMN,4,1,8,17,8.5,9.7057393120584994,55133fddbaae10a7021f5a1cb1503e6243b0a961df29e56c83719e139ff81dff
K300_M255K207,BEST_LREP,ROW_COLUMN,4,1,8,21,10.5,11.705739312058499,55133fddbaae10a7021f5a1cb1503e6243b0a961df29e56c83719e139ff81dff
K300_M255K207,BEST_LREP,ROW_COLUMN,4,1,8,25,12.5,13.705739312058499,55133fddbaae10a7021f5a1cb1503e6243b0a961df29e56c83719e139ff81dff
K300_M255K207,BEST_LREP,ROW_COLUMN,4,1,8,29,14.5,15.705739312058499,55133fddbaae10a7021f5a1cb1503e6243b0a961df29e56c83719e139ff81dff
K300_M255K207,BEST_LREP,ROW_COLUMN,4,1,8,33,16.5,17.705739312058498,55133fddbaae10a7021f5a1cb1503e6243b0a961df29e56c83719e139ff81dff
K300_M511K421,NONE_L0,NONE,1,0,0,0,0,1.1394335230683674,85bc0ce3b252e3095c17ae3953f7b77811671e87f532571ea7b63a9c457415d6
K300_M511K421,NONE_L0,NONE,1,0,0,4,2,3.1394335230683676,85bc0ce3b252e3095c17ae3953f7b77811671e87f532571ea7b63a9c457415d6
K300_M511K421,NONE_L0,NONE,1,0,0,8,4,5.1394335230683676,85bc0ce3b252e3095c17ae3953f7b77811671e87f532571ea7b63a9c457415d6
K300_M511K421,NONE_L0,NONE,1,0,0,12,6,7.1394335230683676,85bc0ce3b252e3095c17ae3953f7b77811671e87f532571ea7b63a9c457415d6
K300_M511K421,NONE_L0,NONE,1,0,0,16,8,9.1394335230683676,85bc0ce3b252e3095c17ae3953f7b77811671e87f532571ea7b63a9c457415d6
K300_M511K421,NONE_L0,NONE,1,0,0,20,10,11.139433523068368,85bc0ce3b252e3095c17ae3953f7b77811671e87f532571ea7b63a9c457415d6
K300_M511K421,NONE_L0,NONE,1,0,0,24,12,13.139433523068368,85bc0ce3b252e3095c17ae3953f7b77811671e87f532571ea7b63a9c457415d6
K300_M511K421,NONE_L0,NONE,1,0,0,28,14,15.139433523068368,85bc0ce3b252e3095c17ae3953f7b77811671e87f532571ea7b63a9c457415d6
K300_M511K421,NONE_L0,NONE,1,0,0,32,16,17.139433523068366,85bc0ce3b252e3095c17ae3953f7b77811671e87f532571ea7b63a9c457415d6
K300_M511K421,NONE_L0,NONE,1,0,0,36,18,19.139433523068366,85bc0ce3b252e3095c17ae3953f7b77811671e87f532571ea7b63a9c457415d6
K300_M511K421,NONE_LREP,NONE,1,1,8,3,1.5,2.6394335230683676,85bc0ce3b252e3095c17ae3953f7b77811671e87f532571ea7b63a9c457415d6
K300_M511K421,NONE_LREP,NONE,1,1,8,7,3.5,4.6394335230683676,85bc0ce3b252e3095c17ae3953f7b77811671e87f532571ea7b63a9c457415d6
K300_M511K421,NONE_LREP,NONE,1,1,8,11,5.5,6.6394335230683676,85bc0ce3b252e3095c17ae3953f7b77811671e87f532571ea7b63a9c457415d6
K300_M511K421,NONE_LREP,NONE,1,1,8,15,7.5,8.6394335230683676,85bc0ce3b252e3095c17ae3953f7b77811671e87f532571ea7b63a9c457415d6
K300_M511K421,NONE_LREP,NONE,1,1,8,19,9.5,10.639433523068368,85bc0ce3b252e3095c17ae3953f7b77811671e87f532571ea7b63a9c457415d6
K300_M511K421,NONE_LREP,NONE,1,1,8,23,11.5,12.639433523068368,85bc0ce3b252e3095c17ae3953f7b77811671e87f532571ea7b63a9c457415d6
K300_M511K421,NONE_LREP,NONE,1,1,8,27,13.5,14.639433523068368,85bc0ce3b252e3095c17ae3953f7b77811671e87f532571ea7b63a9c457415d6
K300_M511K421,NONE_LREP,NONE,1,1,8,31,15.5,16.639433523068366,85bc0ce3b252e3095c17ae3953f7b77811671e87f532571ea7b63a9c457415d6
K300_M511K421,NONE_LREP,NONE,1,1,8,35,17.5,18.639433523068366,85bc0ce3b252e3095c17ae3953f7b77811671e87f532571ea7b63a9c457415d6
K300_M511K421,BEST_LREP,ROW_COLUMN,16,1,8,2,1,2.1394335230683676,26a4baccd626788f0406a98ed6382a11bd05b1fc7851414b34a2da34300f621f
K300_M511K421,BEST_LREP,ROW_COLUMN,16,1,8,6,3,4.1394335230683676,26a4baccd626788f0406a98ed6382a11bd05b1fc7851414b34a2da34300f621f
K300_M511K421,BEST_LREP,ROW_COLUMN,16,1,8,10,5,6.1394335230683676,26a4baccd626788f0406a98ed6382a11bd05b1fc7851414b34a2da34300f621f
K300_M511K421,BEST_LREP,ROW_COLUMN,16,1,8,14,7,8.1394335230683676,26a4baccd626788f0406a98ed6382a11bd05b1fc7851414b34a2da34300f621f
K300_M511K421,BEST_LREP,ROW_COLUMN,16,1,8,18,9,10.139433523068368,26a4baccd626788f0406a98ed6382a11bd05b1fc7851414b34a2da34300f621f
K300_M511K421,BEST_LREP,ROW_COLUMN,16,1,8,22,11,12.139433523068368,26a4baccd626788f0406a98ed6382a11bd05b1fc7851414b34a2da34300f621f
K300_M511K421,BEST_LREP,ROW_COLUMN,16,1,8,26,13,14.139433523068368,26a4baccd626788f0406a98ed6382a11bd05b1fc7851414b34a2da34300f621f
K300_M511K421,BEST_LREP,ROW_COLUMN,16,1,8,30,15,16.139433523068366,26a4baccd626788f0406a98ed6382a11bd05b1fc7851414b34a2da34300f621f
K300_M511K421,BEST_LREP,ROW_COLUMN,16,1,8,34,17,18.139433523068366,26a4baccd626788f0406a98ed6382a11bd05b1fc7851414b34a2da34300f621f
K300_M511K385,NONE_L0,NONE,1,0,0,1,0.5,2.0228834438305654,a5c97b7dff1d2f1d564f8b2aa7f4d1af938b0ee8ac0ed8b5891451ed54876331
K300_M511K385,NONE_L0,NONE,1,0,0,5,2.5,4.0228834438305654,a5c97b7dff1d2f1d564f8b2aa7f4d1af938b0ee8ac0ed8b5891451ed54876331
K300_M511K385,NONE_L0,NONE,1,0,0,9,4.5,6.0228834438305654,a5c97b7dff1d2f1d564f8b2aa7f4d1af938b0ee8ac0ed8b5891451ed54876331
K300_M511K385,NONE_L0,NONE,1,0,0,13,6.5,8.0228834438305654,a5c97b7dff1d2f1d564f8b2aa7f4d1af938b0ee8ac0ed8b5891451ed54876331
K300_M511K385,NONE_L0,NONE,1,0,0,17,8.5,10.022883443830565,a5c97b7dff1d2f1d564f8b2aa7f4d1af938b0ee8ac0ed8b5891451ed54876331
K300_M511K385,NONE_L0,NONE,1,0,0,21,10.5,12.022883443830565,a5c97b7dff1d2f1d564f8b2aa7f4d1af938b0ee8ac0ed8b5891451ed54876331
K300_M511K385,NONE_L0,NONE,1,0,0,25,12.5,14.022883443830565,a5c97b7dff1d2f1d564f8b2aa7f4d1af938b0ee8ac0ed8b5891451ed54876331
K300_M511K385,NONE_L0,NONE,1,0,0,29,14.5,16.022883443830565,a5c97b7dff1d2f1d564f8b2aa7f4d1af938b0ee8ac0ed8b5891451ed54876331
K300_M511K385,NONE_L0,NONE,1,0,0,33,16.5,18.022883443830565,a5c97b7dff1d2f1d564f8b2aa7f4d1af938b0ee8ac0ed8b5891451ed54876331
K300_M511K385,NONE_LREP,NONE,1,1,8,0,0,1.5228834438305652,a5c97b7dff1d2f1d564f8b2aa7f4d1af938b0ee8ac0ed8b5891451ed54876331
K300_M511K385,NONE_LREP,NONE,1,1,8,4,2,3.5228834438305654,a5c97b7dff1d2f1d564f8b2aa7f4d1af938b0ee8ac0ed8b5891451ed54876331
K300_M511K385,NONE_LREP,NONE,1,1,8,8,4,5.5228834438305654,a5c97b7dff1d2f1d564f8b2aa7f4d1af938b0ee8ac0ed8b5891451ed54876331
K300_M511K385,NONE_LREP,NONE,1,1,8,12,6,7.5228834438305654,a5c97b7dff1d2f1d564f8b2aa7f4d1af938b0ee8ac0ed8b5891451ed54876331
K300_M511K385,NONE_LREP,NONE,1,1,8,16,8,9.5228834438305654,a5c97b7dff1d2f1d564f8b2aa7f4d1af938b0ee8ac0ed8b5891451ed54876331
K300_M511K385,NONE_LREP,NONE,1,1,8,20,10,11.522883443830565,a5c97b7dff1d2f1d564f8b2aa7f4d1af938b0ee8ac0ed8b5891451ed54876331
K300_M511K385,NONE_LREP,NONE,1,1,8,24,12,13.522883443830565,a5c97b7dff1d2f1d564f8b2aa7f4d1af938b0ee8ac0ed8b5891451ed54876331
K300_M511K385,NONE_LREP,NONE,1,1,8,28,14,15.522883443830565,a5c97b7dff1d2f1d564f8b2aa7f4d1af938b0ee8ac0ed8b5891451ed54876331
K300_M511K385,NONE_LREP,NONE,1,1,8,32,16,17.522883443830565,a5c97b7dff1d2f1d564f8b2aa7f4d1af938b0ee8ac0ed8b5891451ed54876331
K300_M511K385,NONE_LREP,NONE,1,1,8,36,18,19.522883443830565,a5c97b7dff1d2f1d564f8b2aa7f4d1af938b0ee8ac0ed8b5891451ed54876331
K300_M511K385,BEST_LREP,PSEUDORANDOM,16,1,8,3,1.5,3.0228834438305654,c52b070ba98e2c5b9d7bab8bc6a5c8f7054070b479fbe1fe427222459679a609
K300_M511K385,BEST_LREP,PSEUDORANDOM,16,1,8,7,3.5,5.0228834438305654,c52b070ba98e2c5b9d7bab8bc6a5c8f7054070b479fbe1fe427222459679a609
K300_M511K385,BEST_LREP,PSEUDORANDOM,16,1,8,11,5.5,7.0228834438305654,c52b070ba98e2c5b9d7bab8bc6a5c8f7054070b479fbe1fe427222459679a609
K300_M511K385,BEST_LREP,PSEUDORANDOM,16,1,8,15,7.5,9.0228834438305654,c52b070ba98e2c5b9d7bab8bc6a5c8f7054070b479fbe1fe427222459679a609
K300_M511K385,BEST_LREP,PSEUDORANDOM,16,1,8,19,9.5,11.022883443830565,c52b070ba98e2c5b9d7bab8bc6a5c8f7054070b479fbe1fe427222459679a609
K300_M511K385,BEST_LREP,PSEUDORANDOM,16,1,8,23,11.5,13.022883443830565,c52b070ba98e2c5b9d7bab8bc6a5c8f7054070b479fbe1fe427222459679a609
K300_M511K385,BEST_LREP,PSEUDORANDOM,16,1,8,27,13.5,15.022883443830565,c52b070ba98e2c5b9d7bab8bc6a5c8f7054070b479fbe1fe427222459679a609
K300_M511K385,BEST_LREP,PSEUDORANDOM,16,1,8,31,15.5,17.022883443830565,c52b070ba98e2c5b9d7bab8bc6a5c8f7054070b479fbe1fe427222459679a609
K300_M511K385,BEST_LREP,PSEUDORANDOM,16,1,8,35,17.5,19.022883443830565,c52b070ba98e2c5b9d7bab8bc6a5c8f7054070b479fbe1fe427222459679a609
