file,sha256
results/checkpoints/stage15_interleaving_formal_K200_M255K207_BLOCK_D8_L1.json,53991ed5a801d5fae988a7fba2b3fef7b10e27d83e4ddc04567ea96de49da108
results/checkpoints/stage15_interleaving_formal_K200_M255K207_BLOCK_D8_L10.json,7b7a3ab853b6c8e21861385e6eed40070e90125ea8e2de3aa9017a1a50aff137
results/checkpoints/stage15_interleaving_formal_K200_M255K207_BLOCK_D8_L15.json,8b000d02b8c23816eb028215186f0d62a72c110a1cf83f1c95a36c3b9b9ce003
results/checkpoints/stage15_interleaving_formal_K200_M255K207_BLOCK_D8_L2.json,b9d52e2b8134a7cebe7a5693cabd1e7b0eebd85a8def03471722af0541b2b686
results/checkpoints/stage15_interleaving_formal_K200_M255K207_BLOCK_D8_L20.json,a98e30447b110ac6dc5a3af18308ddd5e705c73456afa62a3b3860cf47844984
results/checkpoints/stage15_interleaving_formal_K200_M255K207_BLOCK_D8_L3.json,4b811a27d934a04d64d22fd2f39b7c8ceb2b73c53e8763d06a6549b0326cc435
results/checkpoints/stage15_interleaving_formal_K200_M255K207_BLOCK_D8_L30.json,b352fa051b0e6a82ce14e89700dff678190430d75a481d32768e00179b3f0580
results/checkpoints/stage15_interleaving_formal_K200_M255K207_BLOCK_D8_L5.json,ee0e2b5d58a189b71f8b77a018ffb2758983b71524f175e2da254ee34679986d
results/checkpoints/stage15_interleaving_formal_K200_M255K207_BLOCK_D8_L8.json,ba7e51404c09a1707706e22379cd120467c6d0d6c3d7d951806088d10703bff5
results/checkpoints/stage15_interleaving_formal_K200_M255K207_PSEUDORANDOM_D8_L1.json,a05346794c292ec57ff496d8206db7d278e6b4dc59fa374e44c7ffd16ce8067d
results/checkpoints/stage15_interleaving_formal_K200_M255K207_PSEUDORANDOM_D8_L10.json,cab15ff0d0cb30602b7757f7ef4ee9ff504a5c8207f14de20d99a7f3faa478eb
results/checkpoints/stage15_interleaving_formal_K200_M255K207_PSEUDORANDOM_D8_L15.json,f6159e17c222407775805803b1296ecfbf31a1004ed2f0297fc88d924c9d66e6
results/checkpoints/stage15_interleaving_formal_K200_M255K207_PSEUDORANDOM_D8_L2.json,0073bb79dcb869c65651622641f58d1e7ad910c4e7e6848869241536086cd118
results/checkpoints/stage15_interleaving_formal_K200_M255K207_PSEUDORANDOM_D8_L20.json,4b4add6c13bb1295c90c8be3ea6671229fcda9186f719b45b8ec6ea1982eab02
results/checkpoints/stage15_interleaving_formal_K200_M255K207_PSEUDORANDOM_D8_L3.json,f693ea512f7d367e7526e077a92743102be661648aedc9cc8e7d107dbfca6f3a
results/checkpoints/stage15_interleaving_formal_K200_M255K207_PSEUDORANDOM_D8_L30.json,4f98ab91063214db88baded56dda7975f5f7d8bbac47de90ffe3d864a8fc2ab0
results/checkpoints/stage15_interleaving_formal_K200_M255K207_PSEUDORANDOM_D8_L5.json,cc0e97f41cb3114898206f8221f8901ba1b575eb010214b2a2c875bd6c8df57d
results/checkpoints/stage15_interleaving_formal_K200_M255K207_PSEUDORANDOM_D8_L8.json,440d4bce4674972eee01917aadab5a3604672dc342776e0ab6265da7b69ae18b
results/checkpoints/stage15_interleaving_formal_K200_M255K207_ROW_COLUMN_D16_L10.json,8bcf431963b90efbb2210543a0a0650899965bfabc89114f6a282c2ceaeb8a7a
results/checkpoints/stage15_interleaving_formal_K200_M255K207_ROW_COLUMN_D16_L15.json,6fcce31937bc84529703501f5910ad79166485bcb57002c6d4118151fc6b56cd
results/checkpoints/stage15_interleaving_formal_K200_M255K207_ROW_COLUMN_D16_L20.json,eb5c1668e61ffe5619cc314c231c3acecdd0fc5ac2a13f0417d2978adc6f89f5
results/checkpoints/stage15_interleaving_formal_K200_M255K207_ROW_COLUMN_D16_L3.json,59e811bd836ff3ff378d0c84b4ffeaed23f7b9020ec81f8a688af0a59c1a37fa
results/checkpoints/stage15_interleaving_formal_K200_M255K207_ROW_COLUMN_D16_L30.json,81934b1dd730d6d6ef14dcf4846e20ae3e01a9d31ddfffc9216674b3ae89f175
results/checkpoints/stage15_interleaving_formal_K200_M255K207_ROW_COLUMN_D16_L5.json,9fb3e8908ff1b13d3d22c5f755e86a609cdaedf22fd0400cd1339092c90b8a14
results/checkpoints/stage15_interleaving_formal_K200_M255K207_ROW_COLUMN_D16_L8.json,cda28ca68da7765f3c3b7fc8b9c2c2031c66f1724b572d7a4d5cca79dc1a7e8f
results/checkpoints/stage15_interleaving_formal_K200_M255K207_ROW_COLUMN_D4_L10.json,8a0e537edd7d2b497cf36c20a0066e383a1d6aa581abe614c01edc3a7245ba5b
results/checkpoints/stage15_interleaving_formal_K200_M255K207_ROW_COLUMN_D4_L15.json,e53f0c3c5d1e0bdc2409fce80d110c0129f582a473f5125a0057216cdd57fa66
results/checkpoints/stage15_interleaving_formal_K200_M255K207_ROW_COLUMN_D4_L20.json,fccecedb05fc297ff02b9b981222bd39ed55c49205714de1e5fbea45221a5ea7
results/checkpoints/stage15_interleaving_formal_K200_M255K207_ROW_COLUMN_D4_L3.json,f7877033712c9e5b1d08082e577f967d289a29648e5ff709e72a51e166f79475
results/checkpoints/stage15_interleaving_formal_K200_M255K207_ROW_COLUMN_D4_L30.json,f62960b7e12acd6928b1422763c51d047879dd06e881f5967b607e378637f7a6
results/checkpoints/stage15_interleaving_formal_K200_M255K207_ROW_COLUMN_D4_L5.json,307c0a12421aa7f0b82913d7c9a9ed19f45fb805f84f2a609e46dfe954af583f
results/checkpoints/stage15_interleaving_formal_K200_M255K207_ROW_COLUMN_D4_L8.json,4cb4e03bfa2beedbce82d8f90b4e8d92aa5fbfb9aef4decc7b8974dc15f97e5c
results/checkpoints/stage15_interleaving_formal_K200_M255K207_ROW_COLUMN_D8_L1.json,e16a15b68c3fbf48574a2ee70f5adaa527867ea0737a09485f515634a3f400ce
results/checkpoints/stage15_interleaving_formal_K200_M255K207_ROW_COLUMN_D8_L10.json,880f2ac118d89ac4596dbb0b959b0ed75420b79ab6c798d1cc4df528889ff138
results/checkpoints/stage15_interleaving_formal_K200_M255K207_ROW_COLUMN_D8_L15.json,f90029ddd75d7914e657453fbcc413ac838905a589287edc8a7ee3976cb0db66
results/checkpoints/stage15_interleaving_formal_K200_M255K207_ROW_COLUMN_D8_L2.json,9ec751960fdd3f4e447ae7604bc9165aec42614e3ea45c52c73fd26ec6fb6155
results/checkpoints/stage15_interleaving_formal_K200_M255K207_ROW_COLUMN_D8_L20.json,5222fe9b259c7c59b59fd3ab26d40dcaa2a8373e4180c8e0d1cae7f8e1de8e0e
results/checkpoints/stage15_interleaving_formal_K200_M255K207_ROW_COLUMN_D8_L3.json,b7d18041c4a7ecb4037ab8de95d0745e63dd2daa33d602044776b73a0cfffaff
results/checkpoints/stage15_interleaving_formal_K200_M255K207_ROW_COLUMN_D8_L30.json,9b686e94ad2b4fa1037d228388a55db947f73a281395db0053f982d02415ac67
results/checkpoints/stage15_interleaving_formal_K200_M255K207_ROW_COLUMN_D8_L5.json,4d0bdfd664551e60947407681c0dcb60efb9ee37dfcebee2c3f715de97e7c192
results/checkpoints/stage15_interleaving_formal_K200_M255K207_ROW_COLUMN_D8_L8.json,a6d49fd7cc5bcdeddf2036e23f46c4dd315ae724e8caaedf029c1326767f9a3f
results/checkpoints/stage15_interleaving_formal_K200_M511K385_BLOCK_D8_L1.json,29c784f03a021af94b8b86c124af2a11a735c0dc926873a5d35ee5824ffe2227
results/checkpoints/stage15_interleaving_formal_K200_M511K385_BLOCK_D8_L10.json,a01f988a20c7da2cb9b843cdfa547e81ee894fcaf9fd2eac3a67eb768a854f29
results/checkpoints/stage15_interleaving_formal_K200_M511K385_BLOCK_D8_L15.json,5909b3314c9bdd59e1006bd28b48148c381e0022396d7efa4d11826cb7690e76
results/checkpoints/stage15_interleaving_formal_K200_M511K385_BLOCK_D8_L2.json,653d801503363222401fafadd3e9fd0e9e99fb3a365f2ccc4875d6bdaa378524
results/checkpoints/stage15_interleaving_formal_K200_M511K385_BLOCK_D8_L20.json,98cd058dba5e38e3266723900821a7e3bc8b249c9418e1b6cbef2c624fde64e6
results/checkpoints/stage15_interleaving_formal_K200_M511K385_BLOCK_D8_L3.json,cdd8791722bb29c01baa21adec8c65123e4a623a1286458093845c81a66d7a11
results/checkpoints/stage15_interleaving_formal_K200_M511K385_BLOCK_D8_L30.json,a1f4dcf9e54722e5ecfab0276174d8ebdaf3f12ecd37b6ac683a4a138b5ff2ce
results/checkpoints/stage15_interleaving_formal_K200_M511K385_BLOCK_D8_L5.json,59ad62798d303660fa23b72345d643ba48c1f5f4c20c9120a4ef6ebe7a19d206
results/checkpoints/stage15_interleaving_formal_K200_M511K385_BLOCK_D8_L8.json,a17404e73284dbe0b3a6ce4caef54a1ada0d0f3642a211b09de46a1f6a9e9e21
results/checkpoints/stage15_interleaving_formal_K200_M511K385_PSEUDORANDOM_D8_L1.json,b8b716ac8fbf55dbf5c9196c7b3df45654735d89efde35f01f1cc410af3e6f84
results/checkpoints/stage15_interleaving_formal_K200_M511K385_PSEUDORANDOM_D8_L10.json,0544bab4c69cc642ad4c05ca8e9b76c3b8a638fe0c08722456c3e365a251c3bc
results/checkpoints/stage15_interleaving_formal_K200_M511K385_PSEUDORANDOM_D8_L15.json,97d725bef7d461661a68f6803e5fdc8588fa31d8ae666f5b9244997decbea8ba
results/checkpoints/stage15_interleaving_formal_K200_M511K385_PSEUDORANDOM_D8_L2.json,4b91a50e2552b1cf4eec5c5b75dca68d3c5452cfc3370e589b8a17f66a7abf74
results/checkpoints/stage15_interleaving_formal_K200_M511K385_PSEUDORANDOM_D8_L20.json,9ebd0b3af6514c2409fe3bc23ecc5522e5af4dc34dd3beb01033324549f8ab82
results/checkpoints/stage15_interleaving_formal_K200_M511K385_PSEUDORANDOM_D8_L3.json,27e2f19ab88d638e9d39ecf8447d53757e4c851d2d6ed6f083b1cb913e48f7ac
results/checkpoints/stage15_interleaving_formal_K200_M511K385_PSEUDORANDOM_D8_L30.json,94a56b8776bb167c3bc0c02c9de86175440e39bae4fa19d121955737e5b10a42
results/checkpoints/stage15_interleaving_formal_K200_M511K385_PSEUDORANDOM_D8_L5.json,32c3be913172864f42c07cae70a2e1b5999406fc397f004ae973522d24155af0
results/checkpoints/stage15_interleaving_formal_K200_M511K385_PSEUDORANDOM_D8_L8.json,664235ceb08bdbba80ac32c6019db996eed75f2704f2831244cbe28387540222
results/checkpoints/stage15_interleaving_formal_K200_M511K385_ROW_COLUMN_D16_L10.json,761169bc757e473252a4e88b511096a8134206da9f840ea023da7c7d96832ed8
results/checkpoints/stage15_interleaving_formal_K200_M511K385_ROW_COLUMN_D16_L15.json,e9bd6fe2afbd4957d356453efc39124fdbd94a1c81a42725b4013001ab99a98b
results/checkpoints/stage15_interleaving_formal_K200_M511K385_ROW_COLUMN_D16_L20.json,ac8b12d6b2e22d4fdf656184e66e14f35071c8c6c45da490b95a14d15a05ad0c
results/checkpoints/stage15_interleaving_formal_K200_M511K385_ROW_COLUMN_D16_L3.json,f1980bf27860def0a1978ff4cb15d56f35177f60fd0fb9573ef187ce1945fae5
results/checkpoints/stage15_interleaving_formal_K200_M511K385_ROW_COLUMN_D16_L30.json,7d5572ffe6e199eb8f54ae6dca79dca45ae93ce8dff4c3ef48d156f48639c212
results/checkpoints/stage15_interleaving_formal_K200_M511K385_ROW_COLUMN_D16_L5.json,f270eab46af536b80bd75c780d1ea24d508aca8ef281207d4f4c5e1379841eb3
results/checkpoints/stage15_interleaving_formal_K200_M511K385_ROW_COLUMN_D16_L8.json,8111ca64ef3ab65a2cccaaeb42d3e22112be0a1bcf25fc633f3bbfeb646b2b81
results/checkpoints/stage15_interleaving_formal_K200_M511K385_ROW_COLUMN_D4_L10.json,b36148606f804a8870faf9580a61118053ea337107ff18e02f1ba25d34f42922
results/checkpoints/stage15_interleaving_formal_K200_M511K385_ROW_COLUMN_D4_L15.json,360fd1e4664743bb80ff37c2ed19d271f2500e3fc4a0dc9185272d528683d0df
results/checkpoints/stage15_interleaving_formal_K200_M511K385_ROW_COLUMN_D4_L20.json,360bfeae7cc45e08731872041d4e835e82ada63e9c69909b3ff48022d3472bb2
results/checkpoints/stage15_interleaving_formal_K200_M511K385_ROW_COLUMN_D4_L3.json,ea88ae3d69816a10d326ddb3c27644120f61ae8a01f55cd9ffc311a6f13757ad
results/checkpoints/stage15_interleaving_formal_K200_M511K385_ROW_COLUMN_D4_L30.json,456d1dee5fb8d61d228272b5351a041c60443948c0571ad9ece6487f2f857cc8
results/checkpoints/stage15_interleaving_formal_K200_M511K385_ROW_COLUMN_D4_L5.json,8a49645914554c95c440118beca87f5f38eb9820c3ca8f86c8bb154b65d06771
results/checkpoints/stage15_interleaving_formal_K200_M511K385_ROW_COLUMN_D4_L8.json,a9a98c6481e882b64d64bab58a346293ea3ed1faf2835a28a2080268bc28034a
results/checkpoints/stage15_interleaving_formal_K200_M511K385_ROW_COLUMN_D8_L1.json,1431c5e6214bf39fbffffc0b0c4d96381f147028cb5e9cd4f6f5034c9ab2f893
results/checkpoints/stage15_interleaving_formal_K200_M511K385_ROW_COLUMN_D8_L10.json,85a93c1501bb71265492c8bfaf13e593d6f244423234bb9647d9017a97a19f55
results/checkpoints/stage15_interleaving_formal_K200_M511K385_ROW_COLUMN_D8_L15.json,35052237c177a07476538f50d5f0ed81c43681c384be2758178a43a10e67368b
results/checkpoints/stage15_interleaving_formal_K200_M511K385_ROW_COLUMN_D8_L2.json,79958e2f102936834d54f8609f71910e8bce4e49f9c2dfb94aa7289200b2abdb
results/checkpoints/stage15_interleaving_formal_K200_M511K385_ROW_COLUMN_D8_L20.json,3edeb91182bf33add1eba20aa1459b7b9a69cb875725cf5f6a05959bb07d14a5
results/checkpoints/stage15_interleaving_formal_K200_M511K385_ROW_COLUMN_D8_L3.json,f6fe1e34c195528458803a9bb7b3f27a5dd57365eec3e48ef9b135c0708588fd
results/checkpoints/stage15_interleaving_formal_K200_M511K385_ROW_COLUMN_D8_L30.json,1bb6c85a7a70746455b6111a4297e4cd46e2f76a9d1a9b82560c11aa379ece4e
results/checkpoints/stage15_interleaving_formal_K200_M511K385_ROW_COLUMN_D8_L5.json,fcab1951113ae70bbeea93d1803fa315abb3bd23c345652b7c8c7874a8bcaefa
results/checkpoints/stage15_interleaving_formal_K200_M511K385_ROW_COLUMN_D8_L8.json,4270a19c4a532f4796552343b7355d7f57f615d0edf5cf6d24f04d32bf48608b
results/checkpoints/stage15_interleaving_formal_K200_M511K421_BLOCK_D8_L1.json,b99b8fc87ac87da24bf8cc5fba723dac6b75c8a6ccb8ed58cd925af9f2483e8a
results/checkpoints/stage15_interleaving_formal_K200_M511K421_BLOCK_D8_L10.json,b5cab5b801db50f43a48dff58ada9c7f3567f1ba7081275543c23a0e17d32236
results/checkpoints/stage15_interleaving_formal_K200_M511K421_BLOCK_D8_L15.json,72ac62f0dff13fb19846cf4dd23ff5f6139087c491a45396b58e33119fbaeeb5
results/checkpoints/stage15_interleaving_formal_K200_M511K421_BLOCK_D8_L2.json,92de25816cac5cf2f12a765f74c71114225258484ee28b0340c9a86e8edf1645
results/checkpoints/stage15_interleaving_formal_K200_M511K421_BLOCK_D8_L20.json,4cc8acae7f11042552018c2f25dd8ec559192edf09440bff301ff31616cc10c4
results/checkpoints/stage15_interleaving_formal_K200_M511K421_BLOCK_D8_L3.json,0623ca1148b9d15ef9cd75b11ae07dd225a5ed87ff360225cecfaa1bc73db2b6
results/checkpoints/stage15_interleaving_formal_K200_M511K421_BLOCK_D8_L30.json,a078a1320bd4bb033969a94a9802f664f1bc60c91aa334a66a14f46eded29240
results/checkpoints/stage15_interleaving_formal_K200_M511K421_BLOCK_D8_L5.json,12bc0860504f2db3dfb0afef2107ed97a23ba7797e656f379b009688c6143775
results/checkpoints/stage15_interleaving_formal_K200_M511K421_BLOCK_D8_L8.json,7bddc7b370fa187f4c01a0ce247921055809f6f116298d5bd06e92ba616ee4c3
results/checkpoints/stage15_interleaving_formal_K200_M511K421_PSEUDORANDOM_D8_L1.json,6dbef43ff148a30a4b40dbf9839070132cf512fae59e00bd81242c51cf6dd753
results/checkpoints/stage15_interleaving_formal_K200_M511K421_PSEUDORANDOM_D8_L10.json,178a4e6c16efc6033523b54545b4e1b9a1d76e290c410f5f7905b709ccec40d6
results/checkpoints/stage15_interleaving_formal_K200_M511K421_PSEUDORANDOM_D8_L15.json,90e5065414cffdc1626000e5c9b77b01934038acb5845a492d442d1d46b15cd1
results/checkpoints/stage15_interleaving_formal_K200_M511K421_PSEUDORANDOM_D8_L2.json,9ea6d2011ea165c010eca0d1dc2852cbc18d6963d68d672977bc7abbfac9e89c
results/checkpoints/stage15_interleaving_formal_K200_M511K421_PSEUDORANDOM_D8_L20.json,4187a06c3b84265af9da297f9a505206ce239deb52997be752de687a9d8b20f6
results/checkpoints/stage15_interleaving_formal_K200_M511K421_PSEUDORANDOM_D8_L3.json,5dff285a466ca519ebd44a807a831fe7727902eea01300f2303802011c035f23
results/checkpoints/stage15_interleaving_formal_K200_M511K421_PSEUDORANDOM_D8_L30.json,f3e393c93ccf8f790485532a8f19a8c6d52d802cc51e272fe4bdec586813dc25
results/checkpoints/stage15_interleaving_formal_K200_M511K421_PSEUDORANDOM_D8_L5.json,9e729cb8942346f4454df506fbf9e4f4f3cc9c0846348485043631d07f3c74b5
results/checkpoints/stage15_interleaving_formal_K200_M511K421_PSEUDORANDOM_D8_L8.json,de39e4b04f7f72477d192336b2cd00f9fb0e978e18d4d74c34c2eca21673a39e
results/checkpoints/stage15_interleaving_formal_K200_M511K421_ROW_COLUMN_D16_L10.json,ed222135afe82a8bb54b03a11e4f74c331c8f4dce70cd1cb61d5c8bd6930c041
results/checkpoints/stage15_interleaving_formal_K200_M511K421_ROW_COLUMN_D16_L15.json,24e01ba0c92e96ccc074b1caa42871d851e7413edba67f9f53d3498e3bae0e00
results/checkpoints/stage15_interleaving_formal_K200_M511K421_ROW_COLUMN_D16_L20.json,b5f285c50f7508ae63bf084259d44a5b1f120a7a950869bfe2a0756c55c8ed29
results/checkpoints/stage15_interleaving_formal_K200_M511K421_ROW_COLUMN_D16_L3.json,e1a868af11b60c0de1ef58bbee375022c3b807ee16d78b5014295bd2ab3060be
results/checkpoints/stage15_interleaving_formal_K200_M511K421_ROW_COLUMN_D16_L30.json,9226ecf02434dbf83af64a0947b8a01d38b376635dd134036ec132ada9b95690
results/checkpoints/stage15_interleaving_formal_K200_M511K421_ROW_COLUMN_D16_L5.json,de0b02810c4e475b3ccdd4ac4295a0176d4864462a2bb7e4da836daccd710f85
results/checkpoints/stage15_interleaving_formal_K200_M511K421_ROW_COLUMN_D16_L8.json,386157dcfcfaa03e5a2585353242c62c22cf128242890fb87a2dc08406c6dbeb
results/checkpoints/stage15_interleaving_formal_K200_M511K421_ROW_COLUMN_D4_L10.json,a5878f5fd1fa3bf88d041aa573e34aaba027cad547925af73f492798a9121239
results/checkpoints/stage15_interleaving_formal_K200_M511K421_ROW_COLUMN_D4_L15.json,988b3affe7f8fed11a767d02c1bb554a6962bd61d3d4e723de17449b37e66e9e
results/checkpoints/stage15_interleaving_formal_K200_M511K421_ROW_COLUMN_D4_L20.json,f47ff686812459d3b2306196f47f8d5d9e357c3e28e5fecf4b4fbe339c58cfe7
results/checkpoints/stage15_interleaving_formal_K200_M511K421_ROW_COLUMN_D4_L3.json,30be52a4939e91e68c83dd28bae4f5939285b188f7b2339358b238cc02362886
results/checkpoints/stage15_interleaving_formal_K200_M511K421_ROW_COLUMN_D4_L30.json,01abfa68a3c65e6389565f9fdedddb8ecead1598a232f19166a5a71141b3e80c
results/checkpoints/stage15_interleaving_formal_K200_M511K421_ROW_COLUMN_D4_L5.json,b515ec517635188b81cb9d77e67c552d55446559cbaa94d525dbe25de1b8804e
results/checkpoints/stage15_interleaving_formal_K200_M511K421_ROW_COLUMN_D4_L8.json,dee6962df63ca0295fe82866f3d92c5d2ffc12ca1de2f036edb002d489070aee
results/checkpoints/stage15_interleaving_formal_K200_M511K421_ROW_COLUMN_D8_L1.json,0bc0b554c9fbaa974c876e254d557705c9f5584eb3e09508f4ae5291c8c77505
results/checkpoints/stage15_interleaving_formal_K200_M511K421_ROW_COLUMN_D8_L10.json,55c205c7c340d2b818e5f938a8b97180fc48a7a8ab881436e84770479ce01e08
results/checkpoints/stage15_interleaving_formal_K200_M511K421_ROW_COLUMN_D8_L15.json,16ee4f0449ac2a44c81a575c8dc832b5fd67251f33ba5207a16f8f1906f8d84a
results/checkpoints/stage15_interleaving_formal_K200_M511K421_ROW_COLUMN_D8_L2.json,5ea172f9bc27f9bc59bc0d00e23125e6bc43a7239401f0acbe61e5cfaebb61c9
results/checkpoints/stage15_interleaving_formal_K200_M511K421_ROW_COLUMN_D8_L20.json,893e3ea5c46c52e90a1eec99c1a4f491c420e51868b731bb571be328dd75a0df
results/checkpoints/stage15_interleaving_formal_K200_M511K421_ROW_COLUMN_D8_L3.json,200b7d3bf46df021a192c92d57cb530eef19ced48393f459de3869634115dfc8
results/checkpoints/stage15_interleaving_formal_K200_M511K421_ROW_COLUMN_D8_L30.json,e8634224fe2c7dca8bdd96d936b1a0a8c2fa75891c9815e56f532a9bbe5095a1
results/checkpoints/stage15_interleaving_formal_K200_M511K421_ROW_COLUMN_D8_L5.json,4593d511d5353f1c7c4c63001ebcdb0269c5d06a172619ff4d7d75421f8f06f6
results/checkpoints/stage15_interleaving_formal_K200_M511K421_ROW_COLUMN_D8_L8.json,0fec50028504da9727991d4119481640d3cc0af4275021514b7ee1b5d5ef1b6f
results/checkpoints/stage15_interleaving_formal_K200_S15_BLOCK_D8_L1.json,ad5e99a7d6186e1a468b73dde9e31abfb74fb48b944a9c987ae1658ee3ce2d7a
results/checkpoints/stage15_interleaving_formal_K200_S15_BLOCK_D8_L10.json,c8515db9bd4dd18dbdce88d2fae7271d634364b2728516bebc6e3ed8b23c3c38
results/checkpoints/stage15_interleaving_formal_K200_S15_BLOCK_D8_L15.json,babfc619c365ee0cd8016bb1596aafeda86ab3f0afd820c6de99e55ee0c12236
results/checkpoints/stage15_interleaving_formal_K200_S15_BLOCK_D8_L2.json,b62fad28e714040f55c247cc31b797d2c99d30cf57bcd01dca8665fa9118dabf
results/checkpoints/stage15_interleaving_formal_K200_S15_BLOCK_D8_L20.json,bc9a3f5abcb7fbc7326ee282621bcaeae8a0816f889fc78dd76aae1f57419543
results/checkpoints/stage15_interleaving_formal_K200_S15_BLOCK_D8_L3.json,ae7f5a6f50f81c1e4ee881d6ed8ddaba779014459b6f1f87d2baaf114205229e
results/checkpoints/stage15_interleaving_formal_K200_S15_BLOCK_D8_L30.json,e7caa23c30d93c4b9ca43797d805b380bc7edbb3042dcc260cc413d11bd15622
results/checkpoints/stage15_interleaving_formal_K200_S15_BLOCK_D8_L5.json,3ba421aa3a80cb0b008b360257cd46284a1c50fcbf3ce84ac27d633ca1bbbc6e
results/checkpoints/stage15_interleaving_formal_K200_S15_BLOCK_D8_L8.json,e43e989bed4c1de42e732516d5478e7b72eef56e5d4de492224566dc025985ad
results/checkpoints/stage15_interleaving_formal_K200_S15_PSEUDORANDOM_D8_L1.json,3ccabb2ab0a51c4eaef314a79c53925a89580174ee0894bdee3ac727327a9604
results/checkpoints/stage15_interleaving_formal_K200_S15_PSEUDORANDOM_D8_L10.json,57ca02df44649958cb3613c8d8f9588730f5abd4a23cc74dc480a614e825d99c
results/checkpoints/stage15_interleaving_formal_K200_S15_PSEUDORANDOM_D8_L15.json,0d96ca41c0c91c53e64f53ec0b16a4066903b751b562c5593ab6168a7790e2d4
results/checkpoints/stage15_interleaving_formal_K200_S15_PSEUDORANDOM_D8_L2.json,a5bea6633449ae12250d09e8546902f8573893288c18aae45ff21d4d7b715cdc
results/checkpoints/stage15_interleaving_formal_K200_S15_PSEUDORANDOM_D8_L20.json,5887e7f5391773c499d2c3185a1d4204269331907b98bf5c94537fc18cf51080
results/checkpoints/stage15_interleaving_formal_K200_S15_PSEUDORANDOM_D8_L3.json,f98c5e88bf8a96db7929c831592751025e734c704146135cb1796443b4cc0baf
results/checkpoints/stage15_interleaving_formal_K200_S15_PSEUDORANDOM_D8_L30.json,78b190366eed4581cd67770a85047d2d5b42b20b75c28b3447056cf7597c0437
results/checkpoints/stage15_interleaving_formal_K200_S15_PSEUDORANDOM_D8_L5.json,e363ead1160fac9d2b057842ca5ee94ff518cc7264b8489d59aba3272a53caf9
results/checkpoints/stage15_interleaving_formal_K200_S15_PSEUDORANDOM_D8_L8.json,134e2f49a93cc8915ba9c84377d616020e54e16bb49dc7ff740caf1c854d951d
results/checkpoints/stage15_interleaving_formal_K200_S15_ROW_COLUMN_D16_L10.json,a19c174243acb88b05a211b0604ee725a58d7ce664fad83f3527f1ee98d58790
results/checkpoints/stage15_interleaving_formal_K200_S15_ROW_COLUMN_D16_L15.json,8c81814261f843123616d34aae0b552a6a94f754678d9a35ee03396668fe89f1
results/checkpoints/stage15_interleaving_formal_K200_S15_ROW_COLUMN_D16_L20.json,30fb511ffcbb676ba0b671564cf89b3707a819b86a1cfa0968c784a26117311f
results/checkpoints/stage15_interleaving_formal_K200_S15_ROW_COLUMN_D16_L3.json,104abab975defd7d30635956ab6d5908daac13b36c80e954a973a3603c3b67e2
results/checkpoints/stage15_interleaving_formal_K200_S15_ROW_COLUMN_D16_L30.json,ab71a6085508f278374ac1cf900e8a131d5488132f2a0e39c8bfe0f59a043981
results/checkpoints/stage15_interleaving_formal_K200_S15_ROW_COLUMN_D16_L5.json,2989d70518c4ad35a89633da5c355c40f40ed40e3cce315e2da438949c59e30a
results/checkpoints/stage15_interleaving_formal_K200_S15_ROW_COLUMN_D16_L8.json,6a5602d7d5129441425d68571ca6c82c1f304ae3c1d2866a5d3f7612a569ba75
results/checkpoints/stage15_interleaving_formal_K200_S15_ROW_COLUMN_D4_L10.json,8d60c0d563d5511721c2ec40887e3534e6c817afe3944123c86fe3128032280f
results/checkpoints/stage15_interleaving_formal_K200_S15_ROW_COLUMN_D4_L15.json,e0bc523b22ca49eccb90684a5c7b62221476c8d43943dc07d1a28b397b21d20b
results/checkpoints/stage15_interleaving_formal_K200_S15_ROW_COLUMN_D4_L20.json,882404641462bfd11ee509a59ef435fa04d48018361f6877fa0bd98502e6a53c
results/checkpoints/stage15_interleaving_formal_K200_S15_ROW_COLUMN_D4_L3.json,227410b16ae6c02ebc448234f950fa3b4133aa365990fef06249376f36d7ef5a
results/checkpoints/stage15_interleaving_formal_K200_S15_ROW_COLUMN_D4_L30.json,f705941618125653adf34cbb0c33a2cb68ab14b175d1682ed87a103aea6fdb64
results/checkpoints/stage15_interleaving_formal_K200_S15_ROW_COLUMN_D4_L5.json,22d20c795e3fe2c0e2b6d2de7f0e9afa0a7a633ef518e8d54a4a2b4a870dc598
results/checkpoints/stage15_interleaving_formal_K200_S15_ROW_COLUMN_D4_L8.json,2e24c4b9c44c85038841fb60f295c6bef0870773ab1cb2e5627d9017c62cbaba
results/checkpoints/stage15_interleaving_formal_K200_S15_ROW_COLUMN_D8_L1.json,af5354006c29e2afd94556df86cbfc5f4d0805da9767cfa1938cb6ca878c7361
results/checkpoints/stage15_interleaving_formal_K200_S15_ROW_COLUMN_D8_L10.json,d41968dcbbe00bba3be10462c29ca6e92cbbf019bce0693b21760726f7548f86
results/checkpoints/stage15_interleaving_formal_K200_S15_ROW_COLUMN_D8_L15.json,31693912be11a0ff9f16a5fc4b5786f79ef9bea006b9ffc0d77bbb5b2f517d55
results/checkpoints/stage15_interleaving_formal_K200_S15_ROW_COLUMN_D8_L2.json,56ad7ffc9eb6730c2d67a3c82fd3a21cb58f876c66ba3802e32417fd1d9ba5b1
results/checkpoints/stage15_interleaving_formal_K200_S15_ROW_COLUMN_D8_L20.json,89df4f47094b893b43db2399957493db73222214efab8b38a7c909559abb8fb6
results/checkpoints/stage15_interleaving_formal_K200_S15_ROW_COLUMN_D8_L3.json,d128089d34e5a30834e4896d7572fb16c81a696ac8b1de70e7f3309095d780f6
results/checkpoints/stage15_interleaving_formal_K200_S15_ROW_COLUMN_D8_L30.json,d81f149f0f0a8ad55df93d9aaf2fe81187d040f551af450f19c817082e8a8804
results/checkpoints/stage15_interleaving_formal_K200_S15_ROW_COLUMN_D8_L5.json,898d914a24f49fcb877bd5ff0440773706b37dc42a1e9953499b61600164b4fd
results/checkpoints/stage15_interleaving_formal_K200_S15_ROW_COLUMN_D8_L8.json,4e2e9a3887aeada580aa80f8dd47a33a154cf5b402d233dd549997ce3b40adc7
results/checkpoints/stage15_interleaving_formal_K300_M255K207_BLOCK_D8_L1.json,1ddc66a03d55de9645b59f447e36c4c186a8e01b4b6094aea20f3930baec5f60
results/checkpoints/stage15_interleaving_formal_K300_M255K207_BLOCK_D8_L10.json,1051c791b4ab0b0dc11525ca5b32322abd77c8b31f09fb7e488b34f4a7005fe4
results/checkpoints/stage15_interleaving_formal_K300_M255K207_BLOCK_D8_L15.json,2d34bd8a00d2d4d7aeb458daa65a43d4aa02238ad64d9b4d0e5206dd3a784c40
results/checkpoints/stage15_interleaving_formal_K300_M255K207_BLOCK_D8_L2.json,da313210e485a0cc651a8a626c93e8942b46a552baf7f2246159c34c9c14f503
results/checkpoints/stage15_interleaving_formal_K300_M255K207_BLOCK_D8_L20.json,db3827a52af511bf98b7a2e11f94047aef2f086f86f6fc2ad4ad8977f405a5c7
results/checkpoints/stage15_interleaving_formal_K300_M255K207_BLOCK_D8_L3.json,0007aa0dc72883896384866bf6dc2382b9b846ead1910b2e573e134195c40345
results/checkpoints/stage15_interleaving_formal_K300_M255K207_BLOCK_D8_L30.json,3fb4291728f70160951dbce876cc0be5556a35b04f1ae8b34728034591d56bfb
results/checkpoints/stage15_interleaving_formal_K300_M255K207_BLOCK_D8_L5.json,d974e8f9e2fc90d688fd811cad4daeb7b6925708aefa34fec633508928c3398a
results/checkpoints/stage15_interleaving_formal_K300_M255K207_BLOCK_D8_L8.json,ba6bbdd39f5a85a6bae63f2d6853dcc2c93561ad2b74bc4a8bdcbe74c832dca6
results/checkpoints/stage15_interleaving_formal_K300_M255K207_PSEUDORANDOM_D8_L1.json,2c8c010ec9eea4a865f5d12229db07665b855255d318a6639c45ca51d8953f49
results/checkpoints/stage15_interleaving_formal_K300_M255K207_PSEUDORANDOM_D8_L10.json,81f1861a162c872597ccdc2510cb19113dad8d9017b5ffc66c024327db95e5dd
results/checkpoints/stage15_interleaving_formal_K300_M255K207_PSEUDORANDOM_D8_L15.json,a7d4ec098279bedb65ec7b41fe9e0132c9662c3bb55b7ad4aaefc8a5b713bff1
results/checkpoints/stage15_interleaving_formal_K300_M255K207_PSEUDORANDOM_D8_L2.json,12cd07a0f16187467c40ffa5023f70dbc7cd060e1c30266b0c46f255b2875f87
results/checkpoints/stage15_interleaving_formal_K300_M255K207_PSEUDORANDOM_D8_L20.json,1ebb5c615c361ded00a2aac6f8297dc6a25aba465030e1038514d717f49b31d2
results/checkpoints/stage15_interleaving_formal_K300_M255K207_PSEUDORANDOM_D8_L3.json,01bd1e4e5c93c4233f73c4717ba19f3080fe41103e2c8c784f315feaec7ba75c
results/checkpoints/stage15_interleaving_formal_K300_M255K207_PSEUDORANDOM_D8_L30.json,98630f85a7ee71cf28c88a127e4c8b066d764da20aee23e9bf1f0e12ecc0704c
results/checkpoints/stage15_interleaving_formal_K300_M255K207_PSEUDORANDOM_D8_L5.json,b18430eec1a521b8deb9fe745a6e6d7f34182ba7d1771a9129e533bdb889fac7
results/checkpoints/stage15_interleaving_formal_K300_M255K207_PSEUDORANDOM_D8_L8.json,ac9d3492016548c34a7238c927fba509939c9b88d7bcdddbb6f1ce37d6a0df08
results/checkpoints/stage15_interleaving_formal_K300_M255K207_ROW_COLUMN_D16_L10.json,8a7fa52cc1d6fae8c761c0908608eb924af066b2c8b43fd03ff3205e4c0653a2
results/checkpoints/stage15_interleaving_formal_K300_M255K207_ROW_COLUMN_D16_L15.json,314e0155d483631496bc39d62a7ce92774bfdac373cf606a7ce9321e0e9fccfa
results/checkpoints/stage15_interleaving_formal_K300_M255K207_ROW_COLUMN_D16_L20.json,f938f92aef620219fc8fd3b9a6a03460f65091ef4b6ad2ed4603e7159ce8291d
results/checkpoints/stage15_interleaving_formal_K300_M255K207_ROW_COLUMN_D16_L3.json,9021874d964fce9924dd4187f78b738f1cafc8f7998a6cfb95e5123a3ca7db07
results/checkpoints/stage15_interleaving_formal_K300_M255K207_ROW_COLUMN_D16_L30.json,d677ca68164b00130798adeb611ea782a339a99743703d35bd7f1aab4cd58cf5
results/checkpoints/stage15_interleaving_formal_K300_M255K207_ROW_COLUMN_D16_L5.json,a2b536ad0892c3f6d69451161b8a6eb38ec79f4e71a0a912d74fb703a3057d4a
results/checkpoints/stage15_interleaving_formal_K300_M255K207_ROW_COLUMN_D16_L8.json,4165c0f47686ef55b839d0b800eee72f80cc5ca3b855427612332512a0e8d590
results/checkpoints/stage15_interleaving_formal_K300_M255K207_ROW_COLUMN_D4_L10.json,205ba8aa09ac066b31b264eccca3fef45f813e5de49fd3ac9ea95d29f60d8b7e
results/checkpoints/stage15_interleaving_formal_K300_M255K207_ROW_COLUMN_D4_L15.json,1ba3aed4f8d036de9fc39dbc7ff80a7d0b94c26189030f11f274436396b30356
results/checkpoints/stage15_interleaving_formal_K300_M255K207_ROW_COLUMN_D4_L20.json,6be8b77dbd4d1522f51c65a861ad5a3ce3d4e9cb2e3437f63e0cbadbf8d3433e
results/checkpoints/stage15_interleaving_formal_K300_M255K207_ROW_COLUMN_D4_L3.json,bac47ec84372525bdc4c8b5b000297cee4dfc5bd7cf5c868f08a0433e8074912
results/checkpoints/stage15_interleaving_formal_K300_M255K207_ROW_COLUMN_D4_L30.json,d7f3db5bf11927a08913565875ec606cc3083782d7e31e9cb235affc39cd4c9c
results/checkpoints/stage15_interleaving_formal_K300_M255K207_ROW_COLUMN_D4_L5.json,cb182c1128a4783a315b620e5521eba98f6a218c909df74ff6fe5603e645906f
results/checkpoints/stage15_interleaving_formal_K300_M255K207_ROW_COLUMN_D4_L8.json,2427e1c0b22e7a08d38f491a3e4b5fa5d4c601a9a1bd4c58b31b862a0bc2153c
results/checkpoints/stage15_interleaving_formal_K300_M255K207_ROW_COLUMN_D8_L1.json,f1aad463e8819868b099eabddfc205501f72d6016ad3d90011ee5f1907784d24
results/checkpoints/stage15_interleaving_formal_K300_M255K207_ROW_COLUMN_D8_L10.json,ebd0646a275fac20fbf333676d404c9ffd7ce51d274b08867492f9488d83f019
results/checkpoints/stage15_interleaving_formal_K300_M255K207_ROW_COLUMN_D8_L15.json,580242c19e6a7e2c40d523ba8dc7ed454ef54d0ee78844246e0ab76c40706908
results/checkpoints/stage15_interleaving_formal_K300_M255K207_ROW_COLUMN_D8_L2.json,d01a20e47f9ffbd160d844a9db85720a49fb1a7c69196787518b18e3ac1f4396
results/checkpoints/stage15_interleaving_formal_K300_M255K207_ROW_COLUMN_D8_L20.json,4e2ba44754733f7eb0f64570443238c7a1b099a501ca96d5e49e552be068d7d9
results/checkpoints/stage15_interleaving_formal_K300_M255K207_ROW_COLUMN_D8_L3.json,791ca587d63ae8e13a02fa6572eb98b5b4f11b673fbd62c71eae522da99adf56
results/checkpoints/stage15_interleaving_formal_K300_M255K207_ROW_COLUMN_D8_L30.json,1a31b9db7e0d515246117611fa3f222e782c4630302b38edd109519857d020ee
results/checkpoints/stage15_interleaving_formal_K300_M255K207_ROW_COLUMN_D8_L5.json,8c49510df679b079b87a91749ddb586323f19fb15bb41b505e21f26544b9ac44
results/checkpoints/stage15_interleaving_formal_K300_M255K207_ROW_COLUMN_D8_L8.json,470cf87838f6f779de65f22f750e9b02b9a672a822987f58d39dc12a77273ddd
results/checkpoints/stage15_interleaving_formal_K300_M511K385_BLOCK_D8_L1.json,833b68b82dc8fc9993b0c2f8edb4d08d64a2bd29082f2c81c8b7ddc7620b64e1
results/checkpoints/stage15_interleaving_formal_K300_M511K385_BLOCK_D8_L10.json,1f79ac221cc5d44127ad7bf5b9b75e1766a9663c844d1de9aebae856c828ec86
results/checkpoints/stage15_interleaving_formal_K300_M511K385_BLOCK_D8_L15.json,edef9006aa4ecb59a31412455c41f003004effe4526f30ac8f48685e3a246167
results/checkpoints/stage15_interleaving_formal_K300_M511K385_BLOCK_D8_L2.json,34e702c4a77f58d3a8bc69e09afd529ad77aa05244bc839e61cc7e65fdf19beb
results/checkpoints/stage15_interleaving_formal_K300_M511K385_BLOCK_D8_L20.json,7f48cf1217295fd93e5f0e25a2410bdfb93e410a744ed32f66fd41df88e318c1
results/checkpoints/stage15_interleaving_formal_K300_M511K385_BLOCK_D8_L3.json,e86c3745500954737be757c1a7906f963c66b663b633809b2af73b7fa58e33a8
results/checkpoints/stage15_interleaving_formal_K300_M511K385_BLOCK_D8_L30.json,11a25ada964fe675263dc7915cb742a1cb3562bfdcbd26b2adc01f5ec865f12a
results/checkpoints/stage15_interleaving_formal_K300_M511K385_BLOCK_D8_L5.json,92deea3293544d45dfa4edc936c9fff31c3a5784451486d78670778034317b1f
results/checkpoints/stage15_interleaving_formal_K300_M511K385_BLOCK_D8_L8.json,7009a8f456549e6af125f9e296783e59513312f26aae381cba98c7ed527769d9
results/checkpoints/stage15_interleaving_formal_K300_M511K385_PSEUDORANDOM_D16_L10.json,6d53bc263e77711797453037413eddd15ca4533284dc65b85527ad00923f4b86
results/checkpoints/stage15_interleaving_formal_K300_M511K385_PSEUDORANDOM_D16_L15.json,0cc949d04c39e8d185f379e1d8d658e299591be3fe6212f8035368a02a98e319
results/checkpoints/stage15_interleaving_formal_K300_M511K385_PSEUDORANDOM_D16_L20.json,03c09115abec3a9e39cb0237e1e3fc0e6fc2fd7a7cf2f2d76afed9a85386b2da
results/checkpoints/stage15_interleaving_formal_K300_M511K385_PSEUDORANDOM_D16_L3.json,0cbd3a6ca02aa00033dab56b8e1d7089d1158a4513fce82eeff1b8b3d9d606ca
results/checkpoints/stage15_interleaving_formal_K300_M511K385_PSEUDORANDOM_D16_L30.json,9f4fbfd7f1ce1a9cc6115e8c438200e7938145fce0808e3988f0aa9bfedf68db
results/checkpoints/stage15_interleaving_formal_K300_M511K385_PSEUDORANDOM_D16_L5.json,7cacaf039db509a9ede08dbaa049936623e222890298bb376c92eb1dc3d0b6d5
results/checkpoints/stage15_interleaving_formal_K300_M511K385_PSEUDORANDOM_D16_L8.json,a4b084863b01e1ed3f9fb309d73fa8b1fa4a3b9d38bb49105cb109fc68b9d0f4
results/checkpoints/stage15_interleaving_formal_K300_M511K385_PSEUDORANDOM_D4_L10.json,d46866e3d9d87e864170f0af8a4c0c5e69b7fb2c6ff4192471e0b8da0551a826
results/checkpoints/stage15_interleaving_formal_K300_M511K385_PSEUDORANDOM_D4_L15.json,c1050ce5d3f05621d10ac1e9aea2e9d0badc7ea43c473734374d577aa60cb16e
results/checkpoints/stage15_interleaving_formal_K300_M511K385_PSEUDORANDOM_D4_L20.json,f57fc107646e8e920d63501cd7e0b0f2d7d0a641cd201c5917a253cd360cb6b9
results/checkpoints/stage15_interleaving_formal_K300_M511K385_PSEUDORANDOM_D4_L3.json,71b45183b8dda4d4f94c1b65eb3ab492872588f1fba9fef2b395ca48d91b4031
results/checkpoints/stage15_interleaving_formal_K300_M511K385_PSEUDORANDOM_D4_L30.json,809108a14fb0d3ef772f983828a48f379133fe28adf70ea3f6fda735a08734af
results/checkpoints/stage15_interleaving_formal_K300_M511K385_PSEUDORANDOM_D4_L5.json,73b1d81cb6cd4ae06624693f602847cd01fb982b968b4f4a1b9adb4545ca41fa
results/checkpoints/stage15_interleaving_formal_K300_M511K385_PSEUDORANDOM_D4_L8.json,8ef2e25f762176bbece3875210242bd8e72c5eb9b79ab1dfa3f06570274be89b
results/checkpoints/stage15_interleaving_formal_K300_M511K385_PSEUDORANDOM_D8_L1.json,2789b8cf07edd4d6ac3650619ba9bb11872613b438edd4b79a971ee90b9d660a
results/checkpoints/stage15_interleaving_formal_K300_M511K385_PSEUDORANDOM_D8_L10.json,02993848eb0acf83c077db1fcb6061749846a0d401501bcb53292abb2bfa648c
results/checkpoints/stage15_interleaving_formal_K300_M511K385_PSEUDORANDOM_D8_L15.json,04fa8c1452592ceb687eafbbeb378768a5003d20ec0e9074dd348141d0f1cfbb
results/checkpoints/stage15_interleaving_formal_K300_M511K385_PSEUDORANDOM_D8_L2.json,8d856aac74652754c4793349efc998d0df1585d405968e9a402295db300a0405
results/checkpoints/stage15_interleaving_formal_K300_M511K385_PSEUDORANDOM_D8_L20.json,dc8ad11546ad0454cefcac01753a76c27756756235cff910204991f54a8c6204
results/checkpoints/stage15_interleaving_formal_K300_M511K385_PSEUDORANDOM_D8_L3.json,4028c6cb29f1150a90d54e33b15a0a158a27e23c9a3ea6cc5f3de7fcc6bf7824
results/checkpoints/stage15_interleaving_formal_K300_M511K385_PSEUDORANDOM_D8_L30.json,f0d7a311b5b92d70718a255bb751193409c73cb6ab3468d39dda09805fab18f7
results/checkpoints/stage15_interleaving_formal_K300_M511K385_PSEUDORANDOM_D8_L5.json,86cc78abac5e1712baf20a8530bf0b85f5721d01a806c9f4b268c8cd80f67371
results/checkpoints/stage15_interleaving_formal_K300_M511K385_PSEUDORANDOM_D8_L8.json,9fa99d94209291f3fca01e8481d513cf26037fa2b4f570e4b463aebdee7355a3
results/checkpoints/stage15_interleaving_formal_K300_M511K385_ROW_COLUMN_D8_L1.json,d719696087086be924b2df8ad8418c2bf1305520be463b55562e1929732bd6da
results/checkpoints/stage15_interleaving_formal_K300_M511K385_ROW_COLUMN_D8_L10.json,5eaf64c198c5afc8d595d220c11d069203dbfb83ed461a143f984343e794bdaf
results/checkpoints/stage15_interleaving_formal_K300_M511K385_ROW_COLUMN_D8_L15.json,d57293afddc5ac20d24a9701dc17bceea3a99616b9825d4d0be780dd4a2fa01e
results/checkpoints/stage15_interleaving_formal_K300_M511K385_ROW_COLUMN_D8_L2.json,f187c08e3ef7519d438f960b7e5987b1311b05746a0d9f50f64918f5593ba40d
results/checkpoints/stage15_interleaving_formal_K300_M511K385_ROW_COLUMN_D8_L20.json,6308ec7cac60572ab7d33ffd17549a4c735d99b930d9cd1028435c400dfe22e6
results/checkpoints/stage15_interleaving_formal_K300_M511K385_ROW_COLUMN_D8_L3.json,f56c06ba10a21107f96855284f5076f0a1e689865c663c42801209232204d992
results/checkpoints/stage15_interleaving_formal_K300_M511K385_ROW_COLUMN_D8_L30.json,5fafe12a86dfaa9e4699dc7495b72a672c9a787b12a1de71ffabddd4a20402e7
results/checkpoints/stage15_interleaving_formal_K300_M511K385_ROW_COLUMN_D8_L5.json,483898bacf07cc77b0bd72606c6a8d25191598cab831c9968007f84836e6840e
results/checkpoints/stage15_interleaving_formal_K300_M511K385_ROW_COLUMN_D8_L8.json,5c7e66dd388b129a818c3de8715ab174d64447e0e5532976caf67d56fce11f51
results/checkpoints/stage15_interleaving_formal_K300_M511K421_BLOCK_D8_L1.json,990a4d8609e233c0bf9cb7670e080b8a1c3ce61e1929a77d9dd561ce6976f8d9
results/checkpoints/stage15_interleaving_formal_K300_M511K421_BLOCK_D8_L10.json,7938298ac1ca513964209c6fe0cbf01e17af41abe48425d67ea9a92de567a54c
results/checkpoints/stage15_interleaving_formal_K300_M511K421_BLOCK_D8_L15.json,87f92d9112151065c1732369380d2b6948a6c384888c88a3c4a3a21aba151ede
results/checkpoints/stage15_interleaving_formal_K300_M511K421_BLOCK_D8_L2.json,1c3e363010a961a6bc35039858bc927dcedf786ce251f51a302f7623ba1474e8
results/checkpoints/stage15_interleaving_formal_K300_M511K421_BLOCK_D8_L20.json,a9ad57725284ad3b1e30a12db74458f156142b35db1bb956f0c265d22c0f537a
results/checkpoints/stage15_interleaving_formal_K300_M511K421_BLOCK_D8_L3.json,79b47328484287d695ff86e3dbc0a9fee2853dc470460e9be78e7c91b41aefd7
results/checkpoints/stage15_interleaving_formal_K300_M511K421_BLOCK_D8_L30.json,cb3ab74a615bd8057979e07e88dae488d234481135acc6943b66979e2cf029e0
results/checkpoints/stage15_interleaving_formal_K300_M511K421_BLOCK_D8_L5.json,21ce19e088b6c90ba6a2a9e3d15ed00fd1bb8c4389b79c2c496d3bbec5ff99d5
results/checkpoints/stage15_interleaving_formal_K300_M511K421_BLOCK_D8_L8.json,40027e41cdbd21de6a465643eb0de1d43d33964bd9f7272bd698c9fbd8f56d30
results/checkpoints/stage15_interleaving_formal_K300_M511K421_PSEUDORANDOM_D8_L1.json,38ebc07ee34af2809fca126eb8f98f96d8cec9b76380d71e0d2baef48e1bc4a2
results/checkpoints/stage15_interleaving_formal_K300_M511K421_PSEUDORANDOM_D8_L10.json,922b1a1951c6953539642282916fa2d731751e64426c7935491c2f6901b647d0
results/checkpoints/stage15_interleaving_formal_K300_M511K421_PSEUDORANDOM_D8_L15.json,d2557aa841fbac7b959cde35891499f708a44721e8198a9985ea63702b33f1ea
results/checkpoints/stage15_interleaving_formal_K300_M511K421_PSEUDORANDOM_D8_L2.json,d210e241da08b85745b14b824124fc33adf2afe6b03f93a3139a32167aab0d64
results/checkpoints/stage15_interleaving_formal_K300_M511K421_PSEUDORANDOM_D8_L20.json,8b4bc8e321fe356e090ae2199ff23507be3b0eaa856dbab43789d80e9203b5ba
results/checkpoints/stage15_interleaving_formal_K300_M511K421_PSEUDORANDOM_D8_L3.json,3cd62cf621a62289b6250923e6e20a7d99d8b485eae004d7a9dafee602f60a3f
results/checkpoints/stage15_interleaving_formal_K300_M511K421_PSEUDORANDOM_D8_L30.json,36c2dbdc162a5aeff99dafcb0035b1a7c2a4d1dc777338ad2bfbd54f35d909f3
results/checkpoints/stage15_interleaving_formal_K300_M511K421_PSEUDORANDOM_D8_L5.json,347cd97b1165e11116a0af3a867d50747d650692286240d8bc4695a2fd05a837
results/checkpoints/stage15_interleaving_formal_K300_M511K421_PSEUDORANDOM_D8_L8.json,5f7ec140417084302860b0cb49f041eb7bfb1568ca18542305d5fac0444634fe
results/checkpoints/stage15_interleaving_formal_K300_M511K421_ROW_COLUMN_D16_L10.json,d79c1c63dd5d87b98030b124f54302a7c9a3775270d6b86da5cfe519deb262c8
results/checkpoints/stage15_interleaving_formal_K300_M511K421_ROW_COLUMN_D16_L15.json,1d5b8440636ee983ff741045fb450337069bd508dbcc474b847b4f91b7512ede
results/checkpoints/stage15_interleaving_formal_K300_M511K421_ROW_COLUMN_D16_L20.json,9fc6790d2279e2dd35bc4b83d31cf3228174352e7fe2c3ef0a5c73ac98e21e63
results/checkpoints/stage15_interleaving_formal_K300_M511K421_ROW_COLUMN_D16_L3.json,37ab6bd288c1af4cbb3f035cd37948f28b53a6703f4c3b59fecfc2ca6b836073
results/checkpoints/stage15_interleaving_formal_K300_M511K421_ROW_COLUMN_D16_L30.json,4550c009c6b252de769ba07233f6e45ede5bbff695867897537d62a8b7aed79d
results/checkpoints/stage15_interleaving_formal_K300_M511K421_ROW_COLUMN_D16_L5.json,79acebe5ea42a7feec7a5f96b428bb9be251e2b4d73089a1ea74631a61420fcc
results/checkpoints/stage15_interleaving_formal_K300_M511K421_ROW_COLUMN_D16_L8.json,e7987a489a1be6c70147f398fca80cf6ec32284a59b8a52e9e5022961b358c90
results/checkpoints/stage15_interleaving_formal_K300_M511K421_ROW_COLUMN_D4_L10.json,50ceaa288189053e84d6b4619c41edcf7ba7618980213c77c55329c670e6f9ad
results/checkpoints/stage15_interleaving_formal_K300_M511K421_ROW_COLUMN_D4_L15.json,52b319b9a739f47c003962fdf87c997357a66bcea51ac3e4a60ca8043f8d0437
results/checkpoints/stage15_interleaving_formal_K300_M511K421_ROW_COLUMN_D4_L20.json,030a6e9917bc84ddf6466349bb1b56b41ec8b192165120e3e1c67dbcc8dd51c0
results/checkpoints/stage15_interleaving_formal_K300_M511K421_ROW_COLUMN_D4_L3.json,5e61be8ae2526f2ffccbcbc604e55af5433724c3cf6237aa028bd358369c2f87
results/checkpoints/stage15_interleaving_formal_K300_M511K421_ROW_COLUMN_D4_L30.json,73c146741dc4411ff27849e32d448559dc6ca0814343d8710d2fb26161f50570
results/checkpoints/stage15_interleaving_formal_K300_M511K421_ROW_COLUMN_D4_L5.json,420b358b6ad25daabef2baac32a4763c9d69b388f8420315b0380dda8d094c52
results/checkpoints/stage15_interleaving_formal_K300_M511K421_ROW_COLUMN_D4_L8.json,fe73cdf0cd6fe19151773969f5c8d52c09e44a359be0b5cf7deb7e20442528e5
results/checkpoints/stage15_interleaving_formal_K300_M511K421_ROW_COLUMN_D8_L1.json,36b5b0357f87e39b2a3b9cee4501e10c6b3b97e13380a2b36852540534cd459c
results/checkpoints/stage15_interleaving_formal_K300_M511K421_ROW_COLUMN_D8_L10.json,39ad10c2ccc7808c9db0d0e0ea023348f7e5077a96291f0c9fb3b47e4b03fec4
results/checkpoints/stage15_interleaving_formal_K300_M511K421_ROW_COLUMN_D8_L15.json,55d36dadebf119bdb301609e381647156e69d165fdf1fbe7765b20dfe615a271
results/checkpoints/stage15_interleaving_formal_K300_M511K421_ROW_COLUMN_D8_L2.json,15a2b2a476fcdc5e7ee965b54b908d2b6b8fef515181697ca8b8dae369c0943b
results/checkpoints/stage15_interleaving_formal_K300_M511K421_ROW_COLUMN_D8_L20.json,385da842665052595fba7a06d52fd70124bcc2e682ee9c5e7f38bd2126b6561a
results/checkpoints/stage15_interleaving_formal_K300_M511K421_ROW_COLUMN_D8_L3.json,899e210b5bf3d9cf448f2475549357e84030d00e5782f3f3719a8bc9b5597e2a
results/checkpoints/stage15_interleaving_formal_K300_M511K421_ROW_COLUMN_D8_L30.json,fa9f54f4719d4dd3edb1e7a3bf67b10e0f548d057ae7a53aa303232f20ed3f92
results/checkpoints/stage15_interleaving_formal_K300_M511K421_ROW_COLUMN_D8_L5.json,5616a3b141815e237a282d481aac6634ba2cfce03b72fd5c2268f00bb76896a4
results/checkpoints/stage15_interleaving_formal_K300_M511K421_ROW_COLUMN_D8_L8.json,8e45c9cbb27a61894234cc2da2fd2a7875a5b30617ce1795e1871bd94e398343
results/checkpoints/stage15_interleaving_formal_K300_S15_BLOCK_D8_L1.json,b9814a70557fb7d03c3d7aa4709606a651352b0747a93db2e82fbea8677093e6
results/checkpoints/stage15_interleaving_formal_K300_S15_BLOCK_D8_L10.json,f301497b87a81c41e59156c81a1181e06eb32272bd6d5f7a478ba3aa9d3e1ee4
results/checkpoints/stage15_interleaving_formal_K300_S15_BLOCK_D8_L15.json,30b607b5cbe818a0d7e44781c3692f2c41f0cdc274f824fb278245462edb5315
results/checkpoints/stage15_interleaving_formal_K300_S15_BLOCK_D8_L2.json,49e1837a5e49fc19adf06c3b50940dcd8bf92c5e7ad1ddf5ac6cb49db478ac34
results/checkpoints/stage15_interleaving_formal_K300_S15_BLOCK_D8_L20.json,e38cffb6d3fce2b34f7663472a56ca17570cd4a2dc841a897ab7e4d1ef062fda
results/checkpoints/stage15_interleaving_formal_K300_S15_BLOCK_D8_L3.json,80d9660756e6e2c95ba3b3940cea82c99d80a2ea2e41ee737080100daf71121f
results/checkpoints/stage15_interleaving_formal_K300_S15_BLOCK_D8_L30.json,a35ece2e50b7d553f24f1e09e45a431a75d96c5a109cd314d90841623156c4a1
results/checkpoints/stage15_interleaving_formal_K300_S15_BLOCK_D8_L5.json,4e4346259b262c8c2e315299541bdff2c57b80a8b9de7de1df680f94a44b01a7
results/checkpoints/stage15_interleaving_formal_K300_S15_BLOCK_D8_L8.json,31e3ad39045897565aef76bb266a7324c35da2669c2932b5fe65e5dfc88c2d20
results/checkpoints/stage15_interleaving_formal_K300_S15_PSEUDORANDOM_D8_L1.json,4a831528ba91e78f180d9f854511ce2af59bcfadc1e488f57038e0f4c0e90e22
results/checkpoints/stage15_interleaving_formal_K300_S15_PSEUDORANDOM_D8_L10.json,1349c14f429b2474c614a6366c61990b78ce7a652451fdf4df2bf0bb54e85a33
results/checkpoints/stage15_interleaving_formal_K300_S15_PSEUDORANDOM_D8_L15.json,7590d9a935c9aa734377992e0a57798b44da277a191f096d3f889bae750bd456
results/checkpoints/stage15_interleaving_formal_K300_S15_PSEUDORANDOM_D8_L2.json,9dbaa9820f24939cbb4e27ca7b2f771fc40504203a05c749f0362dbe7c4f1c88
results/checkpoints/stage15_interleaving_formal_K300_S15_PSEUDORANDOM_D8_L20.json,2f0439ebe6e496d0f322521f0a7dd830c07eebdfc8e8185da607db2772cb2211
results/checkpoints/stage15_interleaving_formal_K300_S15_PSEUDORANDOM_D8_L3.json,46589ff881213e54a247b9499ffd174784e6b10772cd0b4ee9dda083225d51fb
results/checkpoints/stage15_interleaving_formal_K300_S15_PSEUDORANDOM_D8_L30.json,3932926d553b3285c47e99c30577ea670a537ab4d285487b968a3b41710b2839
results/checkpoints/stage15_interleaving_formal_K300_S15_PSEUDORANDOM_D8_L5.json,c89eac1fdadf6c42e812b675fc007bb2c1c6d24814d99fe2e5e6112b38402560
results/checkpoints/stage15_interleaving_formal_K300_S15_PSEUDORANDOM_D8_L8.json,577f3a17c1247bbf9de19f5785b315028ffd332c171b3d2c89d3cda333990dc5
results/checkpoints/stage15_interleaving_formal_K300_S15_ROW_COLUMN_D16_L10.json,016d9a2a362941a6b8db34defd6176d47f6c3eedf531d559e24adffb869c81c8
results/checkpoints/stage15_interleaving_formal_K300_S15_ROW_COLUMN_D16_L15.json,6805936f7e06ba996e9721e26bbffd3ad966d1dd9839997fe459ac645c6fde96
results/checkpoints/stage15_interleaving_formal_K300_S15_ROW_COLUMN_D16_L20.json,91fb208ce4447588ed54a2c9b5759337dd277eefa17a713f927e39902ab14e24
results/checkpoints/stage15_interleaving_formal_K300_S15_ROW_COLUMN_D16_L3.json,e57ab0418945750cbde1d5ff21f0ce1d606a6e3fb29b8aac480e3b5175ba7b84
results/checkpoints/stage15_interleaving_formal_K300_S15_ROW_COLUMN_D16_L30.json,2fee7e308dacd7eaa0b120cf30fb43bb80c0a820c8766494f3cce25bea8f3f37
results/checkpoints/stage15_interleaving_formal_K300_S15_ROW_COLUMN_D16_L5.json,9a3ed8a3d8cec7a6eb48449c8f9235f2b35737baa3a0dbc997bf15fd18f52f89
results/checkpoints/stage15_interleaving_formal_K300_S15_ROW_COLUMN_D16_L8.json,4080baa77a5b87026c61bd0785a3e01e580e6f6168d72f91d15192331518fb8c
results/checkpoints/stage15_interleaving_formal_K300_S15_ROW_COLUMN_D4_L10.json,63d9664cea31e115809a134e4ae0498815f554cf61a257557e5441dd5f9a9752
results/checkpoints/stage15_interleaving_formal_K300_S15_ROW_COLUMN_D4_L15.json,1b3eee5a5e0eae5be1098e20ef8083e7a419129410525bf65e408fc362066fce
results/checkpoints/stage15_interleaving_formal_K300_S15_ROW_COLUMN_D4_L20.json,bb5d626dd95eac80d0ec814f8465cbaf21fe7aa3ba2779a8ac5bfab3d7cd8ab1
results/checkpoints/stage15_interleaving_formal_K300_S15_ROW_COLUMN_D4_L3.json,64b15932560f89a063de05f9c75205e9c1d2618ebe994d2c5caa5bde413fad40
results/checkpoints/stage15_interleaving_formal_K300_S15_ROW_COLUMN_D4_L30.json,64855b88ad7d02fd838b1abf2157469285ebc053cbd357b212d7def4e62e906d
results/checkpoints/stage15_interleaving_formal_K300_S15_ROW_COLUMN_D4_L5.json,3c5dac16dcb31950dac4e7a78394dd6eaaf5ba7e5e7bfe80d892adf173a2ed6f
results/checkpoints/stage15_interleaving_formal_K300_S15_ROW_COLUMN_D4_L8.json,a59e667c146fd46da31d8e35a9d29147d36b11dafdb09a831e2c9d3fa1edef10
results/checkpoints/stage15_interleaving_formal_K300_S15_ROW_COLUMN_D8_L1.json,1b472bccfebcf282bc370358a076009d1eff2444e39e3740c3e995fbe5954cc7
results/checkpoints/stage15_interleaving_formal_K300_S15_ROW_COLUMN_D8_L10.json,5f3abd82e50885ee82eddabc856a567168bc9e556effcdaff6d519593fb90e59
results/checkpoints/stage15_interleaving_formal_K300_S15_ROW_COLUMN_D8_L15.json,8917ef9f84b00282579c56b61c30302dc8e95ff5ec269d4b88b3fb8fa4e0e367
results/checkpoints/stage15_interleaving_formal_K300_S15_ROW_COLUMN_D8_L2.json,54d5eaadd0960edf55295c4f727cf231a7afeb5fba361ffa2055ce17c8847aff
results/checkpoints/stage15_interleaving_formal_K300_S15_ROW_COLUMN_D8_L20.json,6fe0941aaf3e545c71389144127d1d6274d1ea6758def3d303f8d5ac85466735
results/checkpoints/stage15_interleaving_formal_K300_S15_ROW_COLUMN_D8_L3.json,509e7d97e01a820b2007f9f7be278f3059ca7346b3330bd54ed22d862e3055d3
results/checkpoints/stage15_interleaving_formal_K300_S15_ROW_COLUMN_D8_L30.json,6a2126d97ba49c04473eefec852517363b52e4ad76301953e64064e14fc3e20d
results/checkpoints/stage15_interleaving_formal_K300_S15_ROW_COLUMN_D8_L5.json,8272ae826bba2e315ddfa8cf1291ea67c87e015a18d366609d6c2b37f094c61e
results/checkpoints/stage15_interleaving_formal_K300_S15_ROW_COLUMN_D8_L8.json,92e9cfd832eb27be5e0397ea8fa6c3add8558c1f704f8f5039a225893dd690c1
results/figure_data/stage15_interleaving_formal_error_spreading_figure_data.csv,b2ed0d6d2a62185b04a0fd961c199e879f1d98570f60c1479765c38c2314d7b8
results/figure_data/stage15_interleaving_formal_k200_fer_improvement_heatmap_figure_data.csv,38f4d7f22187ae0dcc06aafe2c4581b661201ce907cf74b313a3d9f41d2ab1d9
results/figure_data/stage15_interleaving_formal_k200_m255k207_ber_figure_data.csv,c2ad863e35781780445e3750a39323d540b79d9bd6a05d2ab5c4f638e28b838e
results/figure_data/stage15_interleaving_formal_k200_m255k207_depth_fer_figure_data.csv,cf5521daefb377b7b7c29f327a055d9372933e798029dc29d148c1fa88965ffb
results/figure_data/stage15_interleaving_formal_k200_m255k207_fer_figure_data.csv,1584880fab4779545b12f02d37c5dc923e771df6e1b69c4c082d4d8aa1a0d3ee
results/figure_data/stage15_interleaving_formal_k200_m511k385_ber_figure_data.csv,cfeac9a65193a65dfd46787a8e9808cb64aa9fa3d041bd6a30f7b3ccdfd2960d
results/figure_data/stage15_interleaving_formal_k200_m511k385_depth_fer_figure_data.csv,d856116433bf29fdca60e84f5658c058cd55046b923a759a587ce0b19a60a77e
results/figure_data/stage15_interleaving_formal_k200_m511k385_fer_figure_data.csv,23ca410c5ef95fe2649f1d49cb236bb4450d5aaf7183227c3e9121a2eb78018b
results/figure_data/stage15_interleaving_formal_k200_m511k421_ber_figure_data.csv,577fa3c9a7c057f64a2759b3525209487ce17e466c8e0cf1a37846a2bd3eefdc
results/figure_data/stage15_interleaving_formal_k200_m511k421_depth_fer_figure_data.csv,ee03b790e740b600169b37e263b0834f0b8e70f36e67e7d0858feab39c3d14fc
results/figure_data/stage15_interleaving_formal_k200_m511k421_fer_figure_data.csv,737d769f101492fa541adac2e27919f6f37a00b7f3c955b1ee277c2f04b43238
results/figure_data/stage15_interleaving_formal_k200_s15_ber_figure_data.csv,eafa906d11dd99ed49713f1a9f8e51f1a9942b2ce7c59da75ecad0c938d37f8a
results/figure_data/stage15_interleaving_formal_k200_s15_depth_fer_figure_data.csv,3fffc0d9d86c0933d2a7c2b95186702af669327353a634846145da53b5a9727d
results/figure_data/stage15_interleaving_formal_k200_s15_fer_figure_data.csv,2a37acd38ed17c533372326f4c2af6f0196161c160f48bb7c3d14e75e0ad0620
results/figure_data/stage15_interleaving_formal_k200_tolerance_bar_figure_data.csv,4c8875062e16b42cdb57ab1fe022caefaa59d0989d8c98936c64908836d220d7
results/figure_data/stage15_interleaving_formal_k300_fer_improvement_heatmap_figure_data.csv,5c9488e0f4703d6951e0f144159b399ada98ccb62d13ba30eba4b6f5ecea39ef
results/figure_data/stage15_interleaving_formal_k300_m255k207_ber_figure_data.csv,6f7121fd05c8637522d56e2c8df38ab22f4e611c006da6946fb9df8a890a7f50
results/figure_data/stage15_interleaving_formal_k300_m255k207_depth_fer_figure_data.csv,8ae78beb0ba5aab757c47a10000cdffb9e5679466c4b14368801bae86b9d1244
results/figure_data/stage15_interleaving_formal_k300_m255k207_fer_figure_data.csv,d44b5fd14991945b5c332acc904d0f0fc08ec7bae131a5220c86ac8cfe2e938b
results/figure_data/stage15_interleaving_formal_k300_m511k385_ber_figure_data.csv,205c188fd15876403f05aa1f59965902526072059c286dd3f317184d4a492ca3
results/figure_data/stage15_interleaving_formal_k300_m511k385_depth_fer_figure_data.csv,80c00afbdf0c80c8e15afd2263cb819d7628302a96698073dae9166e86fd06ff
results/figure_data/stage15_interleaving_formal_k300_m511k385_fer_figure_data.csv,f9ee00adc9de1b7abff236545c4114c0c50d47bdf4f53919684eff985731530c
results/figure_data/stage15_interleaving_formal_k300_m511k421_ber_figure_data.csv,1c4520513bf8c8a36ffa5d5a3aaaf5b4479b302fce70def254d646ca6c02e842
results/figure_data/stage15_interleaving_formal_k300_m511k421_depth_fer_figure_data.csv,950c35043e0462d1a9bc6835029ff0fc168252a53d2e34b634d24c1e5bbc2951
results/figure_data/stage15_interleaving_formal_k300_m511k421_fer_figure_data.csv,74b7e4b3c01dd9f03e0d3de178ff9ce5deea934c306b353dd41a6851c15fd463
results/figure_data/stage15_interleaving_formal_k300_s15_ber_figure_data.csv,4fbf67ad6be1723ff3d046d02838cc5bb8ded1a5321e39dc110758b8b1907303
results/figure_data/stage15_interleaving_formal_k300_s15_depth_fer_figure_data.csv,f110616301448ae715b7f5bf2cc82342364607dfbe719dc35670d14d94295301
results/figure_data/stage15_interleaving_formal_k300_s15_fer_figure_data.csv,21dc240e17ed3554ac73ceaba828903d9c8ffcd19705365cba04e81d27260f98
results/figure_data/stage15_interleaving_formal_k300_tolerance_bar_figure_data.csv,fc8b2957e5820af9757baac5a03a22c967d9e6d261218849d8210c8793ac9a64
results/figure_data/stage15_interleaving_formal_latency_overhead_figure_data.csv,c615e1df4463856f4f7eeda1ff97dcef12a36bb17dae1620870cf44e70d8dedd
results/logs/stage15_interleaving_formal_build_debug.log,9da174505bc54e704875e6ca9ecc08be3398dd37cce8181512f70d3e8379218c
results/logs/stage15_interleaving_formal_build_release.log,9da174505bc54e704875e6ca9ecc08be3398dd37cce8181512f70d3e8379218c
results/logs/stage15_interleaving_formal_check.log,d892ab599e2737ce15df0c922256b40aca472a2b5f51179bda81ec6f6bde99c0
results/logs/stage15_interleaving_formal_cmake_debug.log,945237de15042ecf22417e9c0be293990daeb8c02d0f3fbd86617da412dd2729
results/logs/stage15_interleaving_formal_cmake_release.log,21070c2d57d02d13fe42418a386a5c0a3bcf45ee53c50469ec91a421846df5e8
results/logs/stage15_interleaving_formal_ctest.log,bfae42fe04bb960b139930286610bccb8db85628e44caee1fc26947586a63c11
results/logs/stage15_interleaving_formal_depth_shard_0.log,85860407da099b0ad5bfb272fde6c5ad4e586fe71946e63ebda64460a2d07770
results/logs/stage15_interleaving_formal_depth_shard_1.log,457835edefcbfc2a13a3116490cc03317941983339ff82420a4dc8020b770cf2
results/logs/stage15_interleaving_formal_depth_shard_2.log,19910c6e8aa1ad7006a347c7993ab5372ba992faf7487f01e315872aa0f55a19
results/logs/stage15_interleaving_formal_depth_shard_3.log,a53a63ae3a5137054b160e5243500289995a0182c474788ac932c0b6155977fc
results/logs/stage15_interleaving_formal_finalize.log,87c88858c734d92e51a23dcda93dc03f81cf3b91c9882122e6e5b6f72fa97b4c
results/logs/stage15_interleaving_formal_matlab.log,d5821dd91a66579225ac6841959df89724bae87ad15a011ac3c2f50293d976a2
results/logs/stage15_interleaving_formal_method_shard_0.log,f53db67a085cb587ae6223be1906c8edc34f4b13ba47127e235ecbfa232af613
results/logs/stage15_interleaving_formal_method_shard_1.log,a07929afa5baa9277137a5f40df19797d269d91bd71c34791bc42f65a647750a
results/logs/stage15_interleaving_formal_method_shard_2.log,8656c4c23636b79bec79e07cd6df2786fe6b497ed6b1d5d1b86f752f6f7f701f
results/logs/stage15_interleaving_formal_method_shard_3.log,36709aa3e9285ce84dca77dff0af0612f8ecff8641bae3e51517f99095f91138
results/logs/stage15_interleaving_formal_plot.log,4f7c181a3195347f9be01a4b219b2f41f881b8470e94347369e82c7b08589baa
results/logs/stage15_interleaving_formal_selection.log,c341e3525cfc3316a7a5a8686fa9afd7f4662990c69f6f8956b43b1c726572f0
results/logs/stage15_interleaving_formal_smoke.log,ba518cba1a318bd6b3af9c79123d9c42911ab5f63f7de4e8dd941f0fb0ca8fae
results/manifests/stage15_interleaving_formal_error_spreading_plot_manifest.json,8988802b7779d4f89b487a7eaeb86885d163e354eb9979b66065d2492f695b2a
results/manifests/stage15_interleaving_formal_k200_fer_improvement_heatmap_plot_manifest.json,9d794bfe767f31380e6b1cd82626b4bffb43a78de944f49880b47d976e16a0b3
results/manifests/stage15_interleaving_formal_k200_m255k207_ber_plot_manifest.json,1974e9aa036911adf7dfc5e5eac42b32dc614162bd970b0585f19980946d6c39
results/manifests/stage15_interleaving_formal_k200_m255k207_depth_fer_plot_manifest.json,bab6360cfd0c8330477534b5efa5862c98bff6d7a77a316bb84bf166344fcaed
results/manifests/stage15_interleaving_formal_k200_m255k207_fer_plot_manifest.json,e41a69a768bd1b6b5fa392457d8f16c6706cdc605e719172ec780aec4a6dfcac
results/manifests/stage15_interleaving_formal_k200_m511k385_ber_plot_manifest.json,81a0724c977d0a6c47d660bf5c045ff39551241e55fb7896ec86012a624a274f
results/manifests/stage15_interleaving_formal_k200_m511k385_depth_fer_plot_manifest.json,4a67dfd33cbdae5302be19df8fd2f9b3ec1bbf4446f9ed55abf6b737287b08a1
results/manifests/stage15_interleaving_formal_k200_m511k385_fer_plot_manifest.json,ecc96c974b29bc4a2650224da132410211b138007213cea40f5faa61b71892fb
results/manifests/stage15_interleaving_formal_k200_m511k421_ber_plot_manifest.json,4ad93e483154abd07a161844996e88bcdec53cc5a55d6ce551872fafd0f66db5
results/manifests/stage15_interleaving_formal_k200_m511k421_depth_fer_plot_manifest.json,5fab6c9ef44f4d2b2cfcb40aa7c4916d0e7ad659d8a36a9bfc8e72f1d57fdbd5
results/manifests/stage15_interleaving_formal_k200_m511k421_fer_plot_manifest.json,3bbd3962ba98d6a15f87dcd151f9899cd8dbf70db2acd844aceac46eec933661
results/manifests/stage15_interleaving_formal_k200_s15_ber_plot_manifest.json,2f2050c6033a97f8c10661e69b45f9505232548c453aa3e75899e7e6c5587323
results/manifests/stage15_interleaving_formal_k200_s15_depth_fer_plot_manifest.json,1c11a821f37c1d7e4bbdf3ec2106ebf1a5029be13c60b8c55288ed4b8d3aea43
results/manifests/stage15_interleaving_formal_k200_s15_fer_plot_manifest.json,8370066d4accb72110a39e443a162ad5c8b0418bbcafd662560622deb2b773ec
results/manifests/stage15_interleaving_formal_k200_tolerance_bar_plot_manifest.json,2af4b1230f8011c5e6210534d6bd34ab378d2b72edad1ebe371d82c342c59bd0
results/manifests/stage15_interleaving_formal_k300_fer_improvement_heatmap_plot_manifest.json,6c0bde737b0380decd7e1ba4455fe1028238ca4f71db6fa5367790e1d6717b86
results/manifests/stage15_interleaving_formal_k300_m255k207_ber_plot_manifest.json,dabf11115931468015dc487c97481563d8abb0e2af03585052ce387cdc78e040
results/manifests/stage15_interleaving_formal_k300_m255k207_depth_fer_plot_manifest.json,792883685114848739958b97296dadfed69c5173c66943c53d2357be2cfbac9d
results/manifests/stage15_interleaving_formal_k300_m255k207_fer_plot_manifest.json,250c46171a46e0468a5c60720ea26b3e7a201c0f015c908d3810cd62fc6e23a3
results/manifests/stage15_interleaving_formal_k300_m511k385_ber_plot_manifest.json,ad62e623505152139f54c46d6f47e29ea8cf9907916edc8bda3ea06243a45238
results/manifests/stage15_interleaving_formal_k300_m511k385_depth_fer_plot_manifest.json,91a132b7c5f75d227c0a57754e25ff4423acfd902b9bff1fb49e1ebf8cf39e39
results/manifests/stage15_interleaving_formal_k300_m511k385_fer_plot_manifest.json,0b092ddb2c4f75a7733f8f7d6a40838e73d8a0506b81c2eb03da47cce3de4c33
results/manifests/stage15_interleaving_formal_k300_m511k421_ber_plot_manifest.json,e0a59616b60c8acd91c940f498b9553110b6ef44b229629be939814c22839186
results/manifests/stage15_interleaving_formal_k300_m511k421_depth_fer_plot_manifest.json,5b91e8839002963a1a6297ec48232fece4ac1f8bbca9e462cee88a27f0f755e1
results/manifests/stage15_interleaving_formal_k300_m511k421_fer_plot_manifest.json,525d5d55de7eeaf42860d009a2bcaf68525d015887314a23ddfd391c160e58bf
results/manifests/stage15_interleaving_formal_k300_s15_ber_plot_manifest.json,d5125a8974389f3620853107426ff1eef1157904515e6c93b9b9ada51d0bcdaf
results/manifests/stage15_interleaving_formal_k300_s15_depth_fer_plot_manifest.json,67357a905d138ea787f048f4f38342a9fa0bbf5fc7b1f0e72c0e845d1a396010
results/manifests/stage15_interleaving_formal_k300_s15_fer_plot_manifest.json,f321e48e1e81a9fbc0caf92918055ffb1d0cee536167e2cddb6d8d69753f23bf
results/manifests/stage15_interleaving_formal_k300_tolerance_bar_plot_manifest.json,c9abc3ee0fa9f21ff16ffad518d6f70aa416d86f5b85b74de31bd1593e7c2e53
results/manifests/stage15_interleaving_formal_latency_overhead_plot_manifest.json,db635c4c4a825527964ebe355b545d09172d5a4c8c0d044ced4009161869807c
results/plots/stage15_interleaving_formal_error_spreading.png,4fbf96699e24ac435d62feccd225a3f2cc9bdb5a349f479a913060bf086855d0
results/plots/stage15_interleaving_formal_k200_fer_improvement_heatmap.png,8d232fd5a1c29a3dd0e6d15e35b095ecc0e156ed3fa6df1b04a0911e2f19ba59
results/plots/stage15_interleaving_formal_k200_m255k207_ber.png,d6c73dc49a8ae5d03fb89ae32bc714990b8e4a3dc4a7f3102e2a04fdd0e524f4
results/plots/stage15_interleaving_formal_k200_m255k207_depth_fer.png,848492ecc5fac7ac862cef7c58198747dc5e8dbb2732ec99a7e3337e7e5842d4
results/plots/stage15_interleaving_formal_k200_m255k207_fer.png,fbcc3e1d116e58087901b890045d23bfd1d693c754d032ddb3532c5625a7132f
results/plots/stage15_interleaving_formal_k200_m511k385_ber.png,4a15418d8dcedbda31cd1711878568f184a148a62a4635a7bca27870be0f9932
results/plots/stage15_interleaving_formal_k200_m511k385_depth_fer.png,3f6cb24c1edeea99da2dafe5f64048884a8a94ca3dbae9801a553e85639e2144
results/plots/stage15_interleaving_formal_k200_m511k385_fer.png,dd94d32c8c4e65e9f259ed3190e23b12cab4d6e2d03cc56fd1d3dd1e7300d4e0
results/plots/stage15_interleaving_formal_k200_m511k421_ber.png,4bdc382230c5b6fc41d5415cde3a85f6e5627807a85f4e32fb4cadf8096ac273
results/plots/stage15_interleaving_formal_k200_m511k421_depth_fer.png,3058b8298c1ea10b0844a5fe79c7f602c446877e0106e4fe56f65bc3a8b84449
results/plots/stage15_interleaving_formal_k200_m511k421_fer.png,3e07f89a7e0c86988fa6278c45dbf4121b2f51597ff82f415131a2f4e30ee4f4
results/plots/stage15_interleaving_formal_k200_s15_ber.png,50df66dfabef5a820756f8de19bd99b9352a51dd9e65130708ee7247ceb948d1
results/plots/stage15_interleaving_formal_k200_s15_depth_fer.png,b8cb643e752d3ef9d755802ad056480f05ce6f944becda5ede82f48950d7b134
results/plots/stage15_interleaving_formal_k200_s15_fer.png,312cf63641c5b82fe8b04b126a56904799905b3475591b1849a28d686c2cb4f2
results/plots/stage15_interleaving_formal_k200_tolerance_bar.png,3a97f75dc9f1541fa234bb912d85518d182a387fc546cfe6490c11e38f22f048
results/plots/stage15_interleaving_formal_k300_fer_improvement_heatmap.png,e81e8aae300ff3e6cbbd60fcb65d511d949d23a1e2988c8c0b51253b5f0bb2bd
results/plots/stage15_interleaving_formal_k300_m255k207_ber.png,2d18eb089ae66548c53ea2e36d3f1a43922cf5936762323d01ea3e104c6f7510
results/plots/stage15_interleaving_formal_k300_m255k207_depth_fer.png,91d70714fef7399f759afada5a862254fd05f7bac568db207f24c87f4d1224e2
results/plots/stage15_interleaving_formal_k300_m255k207_fer.png,9d747e447511512a58ef1a83bacc408de287f07fda780c70e75681151e9d528b
results/plots/stage15_interleaving_formal_k300_m511k385_ber.png,f6a9c36617128bc0a8036b25a3f6392c4bdaea27df09ce5eac029730d905fdab
results/plots/stage15_interleaving_formal_k300_m511k385_depth_fer.png,f20be73e14f3df2f907933b4f70b801141e2f110cee87052c8dd5ea7f0fd57c6
results/plots/stage15_interleaving_formal_k300_m511k385_fer.png,afc7149e306b11f9b1f6a30722627eefd455ea0f40c1bf73c88feb60ecd1a8ac
results/plots/stage15_interleaving_formal_k300_m511k421_ber.png,901e2b69d366bcca3560a826632799dd203039cc9c9ffd22e03ffb79a5623f97
results/plots/stage15_interleaving_formal_k300_m511k421_depth_fer.png,2a2a7bdaf2b3ca0d2c41e2edbcf965f5d2e5ae1524cfe2d3c4cbf9db7badd327
results/plots/stage15_interleaving_formal_k300_m511k421_fer.png,6b3c6f6615c9d276613789426a3ca9bb8db8c54a024c9c37e762d95ea85c3d4f
results/plots/stage15_interleaving_formal_k300_s15_ber.png,69a1edd16614bd1b51ca4feb80f0971a57a57de0d8880ee0a54b4b2572e74a1f
results/plots/stage15_interleaving_formal_k300_s15_depth_fer.png,fc3fdbbb51ed3ad4cae70f22c3eb6ec693cc8c33a3e1b60d543d7574e71bb8ef
results/plots/stage15_interleaving_formal_k300_s15_fer.png,0e21c03a2074c3de2300f650d031bce59b4b245e7fb3e85ecb9e978a5a1aaab2
results/plots/stage15_interleaving_formal_k300_tolerance_bar.png,8cf43807f67ff3a698c4ca0460667448cb6f4b5580d5f6777a5e9f18d6c9e797
results/plots/stage15_interleaving_formal_latency_overhead.png,4104996f3a578d3586312fd0ff0e78a3369f58fb263d81dac73ab7fe77a15fcf
results/shards/stage15_interleaving_formal_depth_shard_0_points.csv,28dc39cb88ed4379a709425cb276ac2d170875420a670293f36a75b10ccc5036
results/shards/stage15_interleaving_formal_depth_shard_0_results.csv,ba107708b414099b757e1eba9d4f99387b58196479b684db0e9270651dcf3c22
results/shards/stage15_interleaving_formal_depth_shard_1_points.csv,a3519246186ead70ffb24e66a15b1f691061ac3b5793c666dace29461d406fea
results/shards/stage15_interleaving_formal_depth_shard_1_results.csv,626b0c18f85d4e41ba59a10256925dce022d721187f4c10a1d7cf5b6600790d2
results/shards/stage15_interleaving_formal_depth_shard_2_points.csv,e34181cba54f3ceb5b586cbfd9e16ca66ce81221c1a60df78b8a7c7bde9b1beb
results/shards/stage15_interleaving_formal_depth_shard_2_results.csv,537a08f3318bcf80e22f046433e16c117571165688f840e50059068b2c13ec21
results/shards/stage15_interleaving_formal_depth_shard_3_points.csv,e010a53cb6c27246e88fb8119ff48c2c07d2270e9ae03bcc29f2f28a811911cf
results/shards/stage15_interleaving_formal_depth_shard_3_results.csv,9d6b5e1d3edbbbf6c697e63b43874dc8e29ec18ff1272c4c6cec9a7080e52682
results/shards/stage15_interleaving_formal_method_shard_0_points.csv,b174d2cb0f3893cd5313797a25d0fec120edddc39ba9fc87ab72d2c215a87bd6
results/shards/stage15_interleaving_formal_method_shard_0_results.csv,2391f0a8d1c043f528173408cba4d1fce98aa21efab84736309265eebe54f8c0
results/shards/stage15_interleaving_formal_method_shard_1_points.csv,1631d0647ff975948f5b0367791d7a44d5fe733c0c0dffb8fcb8c77a0c7ea79c
results/shards/stage15_interleaving_formal_method_shard_1_results.csv,ea490f5fe067043356880269796831714aaec54d4ea5473b764bf0881d15a4fa
results/shards/stage15_interleaving_formal_method_shard_2_points.csv,82b853c55b307a7e4620cdd33a5ca556a9a83655ab0d38229f9cb33465a8d2b7
results/shards/stage15_interleaving_formal_method_shard_2_results.csv,1ebed99f6795ce25fb3742fcd650307cc0a90a5edbb091035d2e12e89edf2f82
results/shards/stage15_interleaving_formal_method_shard_3_points.csv,07d0da98aef4fee2e07ea266208d07b58b2047a0ff9dd6d2a516d013db807b88
results/shards/stage15_interleaving_formal_method_shard_3_results.csv,b29960de848d8b1c5bf3ce0caaedae76c672753e20ad7e4484d6b919183e6a02
results/smoke/checkpoints/stage15_interleaving_formal_K200_M255K207_ROW_COLUMN_D8_L10.json,6d10c34293fc60e41d65e565a83a3682859e26e61166bdcd00c18dd013ec6b64
results/smoke/checkpoints/stage15_interleaving_formal_K200_S15_BLOCK_D8_L5.json,8ae00598ddc7ac537cfff7ce1a3e1abf473cc781c1b13efe4d0b9c4e3a828586
results/smoke/checkpoints/stage15_interleaving_formal_K300_M511K385_PSEUDORANDOM_D16_L30.json,60ecc61cc6333baf1e04c5ff8952fbde52bdf2199daf8085805a6eb2a565f82b
results/smoke/checkpoints/stage15_interleaving_formal_K300_S15_PSEUDORANDOM_D4_L8.json,99f79544cf8e0d3528444c54b48b3f2e3f871a5f67c7fd5fe205b990575f154c
results/smoke/stage15_interleaving_formal_smoke_results.csv,e0a2756377119a8656116a58871bea5ac5e2b7b6ce3434f135c24b208bdd8752
results/stage15_interleaving_formal_best_interleaver_selection.csv,75cc8c30ee8c627736962bcdfa33a443dcf74ac118e7188298b24c5413583381
results/stage15_interleaving_formal_depth_new_results.csv,02162bec73feb336b10d70b774bc9dac4e9d354b882fa58b799870a9b3271bb0
results/stage15_interleaving_formal_depth_points.csv,90ecc6ea1536d792b433f9f8169e123c9937d05268f9fb012891ae6bb561c3ff
results/stage15_interleaving_formal_depth_results.csv,f3344b2520f4bebb4d4b1cc128e18ed4f368a64011a4dd0226c8d26465222a86
results/stage15_interleaving_formal_matlab_comparison.csv,2961f61e7a1a2a86661a7b8bee8940aabdecb6feae34ebe0cb8397a4dd86f157
results/stage15_interleaving_formal_merge_audit.csv,be9b966845bcc603ca17241b21e3af9c69f7fc682c43e958e2c42e740da33c26
results/stage15_interleaving_formal_method_new_results.csv,5c6fa03c1f0a73647a9666c13a383a1a39bcb7adaccf4d59583862dd64ac4678
results/stage15_interleaving_formal_method_points.csv,f1c13f047a82e8ee63a8108e5892a4300d7c5843365e67418abc6c7eaf921aa2
results/stage15_interleaving_formal_method_results.csv,314ee3786133817c3dc61c5fb0d53a658f7076afa5d442b34b8757c95e0701e8
results/stage15_interleaving_formal_raw_results.csv,ad76a1734e122af19a96fee77be385123b3fb4401066a35a577c6e1f486b6833
results/stage15_interleaving_formal_result_summary.csv,824bb7dff660e6c85c9697e0314597259243fa1fe52cbc3b02144b0d77cbcb84
results/stage15_interleaving_formal_shard_manifest.csv,cb5af61b933ac0e30da6bfa1b5a2de9045c48e132658cbfa64500c5cbd5a73bb
