caseId,algorithm,decoder,payloadBits,actualLength,actualRate,Zc,fillerBits,parityLength,rankHp,rateMatching,rateRecover,interleaving,maxIterations,earlyStopPolicy,alpha,esN0Db,ebN0Db,frames,bitErrors,frameErrors,BER,FER,avgIterations,medianIterations,p95Iterations,maxIterationsUsed,earlyStopRate,maxIterationRate,correctValid,wrongValid,correctInvalid,wrongInvalid,avgDecodeTimeUs,medianDecodeTimeUs,p95DecodeTimeUs,maxDecodeTimeUs,edgeMessageUpdates,checkNodeUpdates,variableNodeUpdates,tanhCount,atanhCount,atanhClampCount,absCount,comparisonCount,min1Min2Count,signCount,alphaScaleCount,decoderMemoryBytes,payloadHash,codewordHash,llrHash,configHash,sourceRunId,sourceFile,sourceSha256
LDPC_BG2_K300_N560,BP,DIRECT_LAYERED_SPA_BP,300,560,0.5357142857142857,56,148,112,112,false,false,false,32,SYNDROME_AFTER_FULL_ITERATION,0.0,-5.0,-2.28933227713462,1000,63552,1000,0.21184,1.0,32.0,32.0,32.0,32,0.0,1.0,0,0,0,1000,2171.8693,2039.6,3695.219999999999,17262.7,25088000,3584000,25088000,50176000,25088000,0,0,0,0,0,0,11312,14894215742951263112,9310751698180970364,9976599957625462209,7c571bfd784eb622ed7b51fbd286473bdf226b970668e6c605e5c4ebd0e1547e,140001,Task/LDPC/block/stages/stage23_s4_final_reintegration/results/s4_revised_formal_point_results.csv,6c72c89fbac5e846fc7a68483dc18fa5e2238cd9740e48b2d29163ea0c6e5e3e
LDPC_BG2_K300_N560,NMS,DIRECT_LAYERED_NMS,300,560,0.5357142857142857,56,148,112,112,false,false,false,32,SYNDROME_AFTER_FULL_ITERATION,0.95,-5.0,-2.28933227713462,1000,66438,1000,0.22146,1.0,28.464,32.0,32.0,32,0.123,0.877,0,123,0,877,468.75640000000004,488.3,854.2049999999998,9468.0,22315776,3187968,22315776,0,0,0,22315776,44631552,13327038,22315776,22315776,11312,14894215742951263112,9310751698180970364,9976599957625462209,7c571bfd784eb622ed7b51fbd286473bdf226b970668e6c605e5c4ebd0e1547e,140001,Task/LDPC/block/stages/stage23_s4_final_reintegration/results/s4_revised_formal_point_results.csv,6c72c89fbac5e846fc7a68483dc18fa5e2238cd9740e48b2d29163ea0c6e5e3e
LDPC_BG2_K300_N560,BP,DIRECT_LAYERED_SPA_BP,300,560,0.5357142857142857,56,148,112,112,false,false,false,32,SYNDROME_AFTER_FULL_ITERATION,0.0,-4.5,-1.78933227713462,1000,59266,1000,0.19755333333333333,1.0,32.0,32.0,32.0,32,0.0,1.0,0,0,0,1000,2315.7922999999996,2132.6,3596.2049999999995,27179.9,25088000,3584000,25088000,50176000,25088000,0,0,0,0,0,0,11312,14894215742951263112,9310751698180970364,9593830165433146620,7c571bfd784eb622ed7b51fbd286473bdf226b970668e6c605e5c4ebd0e1547e,140001,Task/LDPC/block/stages/stage23_s4_final_reintegration/results/s4_revised_formal_point_results.csv,6c72c89fbac5e846fc7a68483dc18fa5e2238cd9740e48b2d29163ea0c6e5e3e
LDPC_BG2_K300_N560,NMS,DIRECT_LAYERED_NMS,300,560,0.5357142857142857,56,148,112,112,false,false,false,32,SYNDROME_AFTER_FULL_ITERATION,0.95,-4.5,-1.78933227713462,1000,62131,1000,0.20710333333333333,1.0,28.114,32.0,32.0,32,0.135,0.865,0,135,0,865,492.7996,510.6,873.725,8418.4,22041376,3148768,22041376,0,0,0,22041376,44082752,13176657,22041376,22041376,11312,14894215742951263112,9310751698180970364,9593830165433146620,7c571bfd784eb622ed7b51fbd286473bdf226b970668e6c605e5c4ebd0e1547e,140001,Task/LDPC/block/stages/stage23_s4_final_reintegration/results/s4_revised_formal_point_results.csv,6c72c89fbac5e846fc7a68483dc18fa5e2238cd9740e48b2d29163ea0c6e5e3e
LDPC_BG2_K300_N560,BP,DIRECT_LAYERED_SPA_BP,300,560,0.5357142857142857,56,148,112,112,false,false,false,32,SYNDROME_AFTER_FULL_ITERATION,0.0,-4.0,-1.28933227713462,1000,54970,1000,0.18323333333333333,1.0,32.0,32.0,32.0,32,0.0,1.0,0,0,0,1000,2362.5528,2185.8500000000004,3727.315,34024.9,25088000,3584000,25088000,50176000,25088000,0,0,0,0,0,0,11312,14894215742951263112,9310751698180970364,17286745870199084197,7c571bfd784eb622ed7b51fbd286473bdf226b970668e6c605e5c4ebd0e1547e,140001,Task/LDPC/block/stages/stage23_s4_final_reintegration/results/s4_revised_formal_point_results.csv,6c72c89fbac5e846fc7a68483dc18fa5e2238cd9740e48b2d29163ea0c6e5e3e
LDPC_BG2_K300_N560,NMS,DIRECT_LAYERED_NMS,300,560,0.5357142857142857,56,148,112,112,false,false,false,32,SYNDROME_AFTER_FULL_ITERATION,0.95,-4.0,-1.28933227713462,1000,57563,1000,0.19187666666666667,1.0,28.19,32.0,32.0,32,0.132,0.868,0,132,0,868,493.0763,508.85,908.0399999999996,6807.3,22100960,3157280,22100960,0,0,0,22100960,44201920,13221693,22100960,22100960,11312,14894215742951263112,9310751698180970364,17286745870199084197,7c571bfd784eb622ed7b51fbd286473bdf226b970668e6c605e5c4ebd0e1547e,140001,Task/LDPC/block/stages/stage23_s4_final_reintegration/results/s4_revised_formal_point_results.csv,6c72c89fbac5e846fc7a68483dc18fa5e2238cd9740e48b2d29163ea0c6e5e3e
LDPC_BG2_K300_N560,BP,DIRECT_LAYERED_SPA_BP,300,560,0.5357142857142857,56,148,112,112,false,false,false,32,SYNDROME_AFTER_FULL_ITERATION,0.0,-3.5,-0.7893322771346201,1000,50434,1000,0.16811333333333334,1.0,32.0,32.0,32.0,32,0.0,1.0,0,0,0,1000,2070.4678,2117.15,3174.139999999999,6284.0,25088000,3584000,25088000,50176000,25088000,0,0,0,0,0,0,11312,14894215742951263112,9310751698180970364,4395511174343942536,7c571bfd784eb622ed7b51fbd286473bdf226b970668e6c605e5c4ebd0e1547e,140001,Task/LDPC/block/stages/stage23_s4_final_reintegration/results/s4_revised_formal_point_results.csv,6c72c89fbac5e846fc7a68483dc18fa5e2238cd9740e48b2d29163ea0c6e5e3e
LDPC_BG2_K300_N560,NMS,DIRECT_LAYERED_NMS,300,560,0.5357142857142857,56,148,112,112,false,false,false,32,SYNDROME_AFTER_FULL_ITERATION,0.95,-3.5,-0.7893322771346201,1000,52921,1000,0.17640333333333333,1.0,28.469,32.0,32.0,32,0.123,0.877,0,123,0,877,434.4758,485.1,672.4249999999998,4297.1,22319696,3188528,22319696,0,0,0,22319696,44639392,13353624,22319696,22319696,11312,14894215742951263112,9310751698180970364,4395511174343942536,7c571bfd784eb622ed7b51fbd286473bdf226b970668e6c605e5c4ebd0e1547e,140001,Task/LDPC/block/stages/stage23_s4_final_reintegration/results/s4_revised_formal_point_results.csv,6c72c89fbac5e846fc7a68483dc18fa5e2238cd9740e48b2d29163ea0c6e5e3e
LDPC_BG2_K300_N560,BP,DIRECT_LAYERED_SPA_BP,300,560,0.5357142857142857,56,148,112,112,false,false,false,32,SYNDROME_AFTER_FULL_ITERATION,0.0,-3.0,-0.28933227713462006,1000,45849,1000,0.15283,1.0,32.0,32.0,32.0,32,0.0,1.0,0,0,0,1000,2202.1946000000003,2165.9,3509.845,8181.5,25088000,3584000,25088000,50176000,25088000,0,0,0,0,0,0,11312,14894215742951263112,9310751698180970364,8286502632057559239,7c571bfd784eb622ed7b51fbd286473bdf226b970668e6c605e5c4ebd0e1547e,140001,Task/LDPC/block/stages/stage23_s4_final_reintegration/results/s4_revised_formal_point_results.csv,6c72c89fbac5e846fc7a68483dc18fa5e2238cd9740e48b2d29163ea0c6e5e3e
LDPC_BG2_K300_N560,NMS,DIRECT_LAYERED_NMS,300,560,0.5357142857142857,56,148,112,112,false,false,false,32,SYNDROME_AFTER_FULL_ITERATION,0.95,-3.0,-0.28933227713462006,1000,48020,1000,0.16006666666666666,1.0,28.165,32.0,32.0,32,0.133,0.867,0,133,0,867,448.1708,492.5,730.665,4685.5,22081360,3154480,22081360,0,0,0,22081360,44162720,13219920,22081360,22081360,11312,14894215742951263112,9310751698180970364,8286502632057559239,7c571bfd784eb622ed7b51fbd286473bdf226b970668e6c605e5c4ebd0e1547e,140001,Task/LDPC/block/stages/stage23_s4_final_reintegration/results/s4_revised_formal_point_results.csv,6c72c89fbac5e846fc7a68483dc18fa5e2238cd9740e48b2d29163ea0c6e5e3e
LDPC_BG2_K300_N560,BP,DIRECT_LAYERED_SPA_BP,300,560,0.5357142857142857,56,148,112,112,false,false,false,32,SYNDROME_AFTER_FULL_ITERATION,0.0,-2.5,0.21066772286537994,1000,41171,1000,0.13723666666666667,1.0,32.0,32.0,32.0,32,0.0,1.0,0,0,0,1000,2247.0137,2210.3,3508.17,6672.9,25088000,3584000,25088000,50176000,25088000,0,0,0,0,0,0,11312,14894215742951263112,9310751698180970364,7648873446890196973,7c571bfd784eb622ed7b51fbd286473bdf226b970668e6c605e5c4ebd0e1547e,140001,Task/LDPC/block/stages/stage23_s4_final_reintegration/results/s4_revised_formal_point_results.csv,6c72c89fbac5e846fc7a68483dc18fa5e2238cd9740e48b2d29163ea0c6e5e3e
LDPC_BG2_K300_N560,NMS,DIRECT_LAYERED_NMS,300,560,0.5357142857142857,56,148,112,112,false,false,false,32,SYNDROME_AFTER_FULL_ITERATION,0.95,-2.5,0.21066772286537994,1000,43237,1000,0.14412333333333333,1.0,27.986,32.0,32.0,32,0.139,0.861,0,139,0,861,437.0684,497.45,677.8499999999999,2125.1,21941024,3134432,21941024,0,0,0,21941024,43882048,13147702,21941024,21941024,11312,14894215742951263112,9310751698180970364,7648873446890196973,7c571bfd784eb622ed7b51fbd286473bdf226b970668e6c605e5c4ebd0e1547e,140001,Task/LDPC/block/stages/stage23_s4_final_reintegration/results/s4_revised_formal_point_results.csv,6c72c89fbac5e846fc7a68483dc18fa5e2238cd9740e48b2d29163ea0c6e5e3e
LDPC_BG2_K300_N560,BP,DIRECT_LAYERED_SPA_BP,300,560,0.5357142857142857,56,148,112,112,false,false,false,32,SYNDROME_AFTER_FULL_ITERATION,0.0,-2.0,0.7106677228653799,1000,36367,1000,0.12122333333333334,1.0,32.0,32.0,32.0,32,0.0,1.0,0,0,0,1000,2252.4512,2184.0,3581.0299999999993,5178.3,25088000,3584000,25088000,50176000,25088000,0,0,0,0,0,0,11312,14894215742951263112,9310751698180970364,10474111594519879137,7c571bfd784eb622ed7b51fbd286473bdf226b970668e6c605e5c4ebd0e1547e,140001,Task/LDPC/block/stages/stage23_s4_final_reintegration/results/s4_revised_formal_point_results.csv,6c72c89fbac5e846fc7a68483dc18fa5e2238cd9740e48b2d29163ea0c6e5e3e
LDPC_BG2_K300_N560,NMS,DIRECT_LAYERED_NMS,300,560,0.5357142857142857,56,148,112,112,false,false,false,32,SYNDROME_AFTER_FULL_ITERATION,0.95,-2.0,0.7106677228653799,1000,38362,1000,0.12787333333333334,1.0,27.478,32.0,32.0,32,0.156,0.844,0,156,0,844,428.228,480.55,764.0099999999996,1281.2,21542752,3077536,21542752,0,0,0,21542752,43085504,12918391,21542752,21542752,11312,14894215742951263112,9310751698180970364,10474111594519879137,7c571bfd784eb622ed7b51fbd286473bdf226b970668e6c605e5c4ebd0e1547e,140001,Task/LDPC/block/stages/stage23_s4_final_reintegration/results/s4_revised_formal_point_results.csv,6c72c89fbac5e846fc7a68483dc18fa5e2238cd9740e48b2d29163ea0c6e5e3e
LDPC_BG2_K300_N560,BP,DIRECT_LAYERED_SPA_BP,300,560,0.5357142857142857,56,148,112,112,false,false,false,32,SYNDROME_AFTER_FULL_ITERATION,0.0,-1.5,1.21066772286538,1000,31523,1000,0.10507666666666667,1.0,32.0,32.0,32.0,32,0.0,1.0,0,0,0,1000,2148.5082,2167.75,3248.0149999999994,5808.3,25088000,3584000,25088000,50176000,25088000,0,0,0,0,0,0,11312,14894215742951263112,9310751698180970364,8255564222417336838,7c571bfd784eb622ed7b51fbd286473bdf226b970668e6c605e5c4ebd0e1547e,140001,Task/LDPC/block/stages/stage23_s4_final_reintegration/results/s4_revised_formal_point_results.csv,6c72c89fbac5e846fc7a68483dc18fa5e2238cd9740e48b2d29163ea0c6e5e3e
LDPC_BG2_K300_N560,NMS,DIRECT_LAYERED_NMS,300,560,0.5357142857142857,56,148,112,112,false,false,false,32,SYNDROME_AFTER_FULL_ITERATION,0.95,-1.5,1.21066772286538,1000,33057,1000,0.11019,1.0,26.737,32.0,32.0,32,0.182,0.818,0,182,0,818,410.6692,480.8,701.8199999999994,1811.0,20961808,2994544,20961808,0,0,0,20961808,41923616,12590571,20961808,20961808,11312,14894215742951263112,9310751698180970364,8255564222417336838,7c571bfd784eb622ed7b51fbd286473bdf226b970668e6c605e5c4ebd0e1547e,140001,Task/LDPC/block/stages/stage23_s4_final_reintegration/results/s4_revised_formal_point_results.csv,6c72c89fbac5e846fc7a68483dc18fa5e2238cd9740e48b2d29163ea0c6e5e3e
LDPC_BG2_K300_N560,BP,DIRECT_LAYERED_SPA_BP,300,560,0.5357142857142857,56,148,112,112,false,false,false,32,SYNDROME_AFTER_FULL_ITERATION,0.0,-1.0,1.71066772286538,1000,26711,1000,0.08903666666666667,1.0,32.0,32.0,32.0,32,0.0,1.0,0,0,0,1000,2102.0011,2156.5,3110.4549999999995,11833.8,25088000,3584000,25088000,50176000,25088000,0,0,0,0,0,0,11312,14894215742951263112,9310751698180970364,5397032558257194880,7c571bfd784eb622ed7b51fbd286473bdf226b970668e6c605e5c4ebd0e1547e,140001,Task/LDPC/block/stages/stage23_s4_final_reintegration/results/s4_revised_formal_point_results.csv,6c72c89fbac5e846fc7a68483dc18fa5e2238cd9740e48b2d29163ea0c6e5e3e
LDPC_BG2_K300_N560,NMS,DIRECT_LAYERED_NMS,300,560,0.5357142857142857,56,148,112,112,false,false,false,32,SYNDROME_AFTER_FULL_ITERATION,0.95,-1.0,1.71066772286538,1000,27951,1000,0.09317,1.0,26.33,32.0,32.0,32,0.195,0.805,0,195,0,805,393.07590000000005,471.0,625.0799999999998,2007.6,20642720,2948960,20642720,0,0,0,20642720,41285440,12408755,20642720,20642720,11312,14894215742951263112,9310751698180970364,5397032558257194880,7c571bfd784eb622ed7b51fbd286473bdf226b970668e6c605e5c4ebd0e1547e,140001,Task/LDPC/block/stages/stage23_s4_final_reintegration/results/s4_revised_formal_point_results.csv,6c72c89fbac5e846fc7a68483dc18fa5e2238cd9740e48b2d29163ea0c6e5e3e
LDPC_BG2_K300_N560,BP,DIRECT_LAYERED_SPA_BP,300,560,0.5357142857142857,56,148,112,112,false,false,false,32,SYNDROME_AFTER_FULL_ITERATION,0.0,-0.5,2.21066772286538,1000,22109,1000,0.07369666666666666,1.0,32.0,32.0,32.0,32,0.0,1.0,0,0,0,1000,2076.4807,2164.7,3001.41,4844.2,25088000,3584000,25088000,50176000,25088000,0,0,0,0,0,0,11312,14894215742951263112,9310751698180970364,6699738050037949524,7c571bfd784eb622ed7b51fbd286473bdf226b970668e6c605e5c4ebd0e1547e,140001,Task/LDPC/block/stages/stage23_s4_final_reintegration/results/s4_revised_formal_point_results.csv,6c72c89fbac5e846fc7a68483dc18fa5e2238cd9740e48b2d29163ea0c6e5e3e
LDPC_BG2_K300_N560,NMS,DIRECT_LAYERED_NMS,300,560,0.5357142857142857,56,148,112,112,false,false,false,32,SYNDROME_AFTER_FULL_ITERATION,0.95,-0.5,2.21066772286538,1000,23072,1000,0.07690666666666666,1.0,25.319,32.0,32.0,32,0.229,0.771,0,229,0,771,376.4276,427.8,628.0049999999999,1232.2,19850096,2835728,19850096,0,0,0,19850096,39700192,11944109,19850096,19850096,11312,14894215742951263112,9310751698180970364,6699738050037949524,7c571bfd784eb622ed7b51fbd286473bdf226b970668e6c605e5c4ebd0e1547e,140001,Task/LDPC/block/stages/stage23_s4_final_reintegration/results/s4_revised_formal_point_results.csv,6c72c89fbac5e846fc7a68483dc18fa5e2238cd9740e48b2d29163ea0c6e5e3e
LDPC_BG2_K300_N560,BP,DIRECT_LAYERED_SPA_BP,300,560,0.5357142857142857,56,148,112,112,false,false,false,32,SYNDROME_AFTER_FULL_ITERATION,0.0,0.0,2.71066772286538,1000,17483,1000,0.058276666666666664,1.0,32.0,32.0,32.0,32,0.0,1.0,0,0,0,1000,2146.5536,2182.1,3169.465,4537.6,25088000,3584000,25088000,50176000,25088000,0,0,0,0,0,0,11312,14894215742951263112,9310751698180970364,16451782069040659358,7c571bfd784eb622ed7b51fbd286473bdf226b970668e6c605e5c4ebd0e1547e,140001,Task/LDPC/block/stages/stage23_s4_final_reintegration/results/s4_revised_formal_point_results.csv,6c72c89fbac5e846fc7a68483dc18fa5e2238cd9740e48b2d29163ea0c6e5e3e
LDPC_BG2_K300_N560,NMS,DIRECT_LAYERED_NMS,300,560,0.5357142857142857,56,148,112,112,false,false,false,32,SYNDROME_AFTER_FULL_ITERATION,0.95,0.0,2.71066772286538,1000,18189,1000,0.06063,1.0,23.391,32.0,32.0,32,0.295,0.705,0,295,0,705,371.4565,440.75,662.0249999999997,3269.3,18338544,2619792,18338544,0,0,0,18338544,36677088,11055721,18338544,18338544,11312,14894215742951263112,9310751698180970364,16451782069040659358,7c571bfd784eb622ed7b51fbd286473bdf226b970668e6c605e5c4ebd0e1547e,140001,Task/LDPC/block/stages/stage23_s4_final_reintegration/results/s4_revised_formal_point_results.csv,6c72c89fbac5e846fc7a68483dc18fa5e2238cd9740e48b2d29163ea0c6e5e3e
LDPC_BG2_K300_N560,BP,DIRECT_LAYERED_SPA_BP,300,560,0.5357142857142857,56,148,112,112,false,false,false,32,SYNDROME_AFTER_FULL_ITERATION,0.0,0.5,3.21066772286538,1000,13419,999,0.04473,0.999,31.94,32.0,32.0,32,0.002,0.998,0,2,1,997,2198.8428,2172.0,3322.209999999999,16938.8,25040960,3577280,25040960,50081920,25040960,0,0,0,0,0,0,11312,14894215742951263112,9310751698180970364,1847027228780840914,7c571bfd784eb622ed7b51fbd286473bdf226b970668e6c605e5c4ebd0e1547e,140001,Task/LDPC/block/stages/stage23_s4_final_reintegration/results/s4_revised_formal_point_results.csv,6c72c89fbac5e846fc7a68483dc18fa5e2238cd9740e48b2d29163ea0c6e5e3e
LDPC_BG2_K300_N560,NMS,DIRECT_LAYERED_NMS,300,560,0.5357142857142857,56,148,112,112,false,false,false,32,SYNDROME_AFTER_FULL_ITERATION,0.95,0.5,3.21066772286538,1000,13871,999,0.04623666666666667,0.999,21.803,32.0,32.0,32,0.347,0.653,1,346,0,653,339.6576,375.05,610.0049999999994,2604.6,17093552,2441936,17093552,0,0,0,17093552,34187104,10305206,17093552,17093552,11312,14894215742951263112,9310751698180970364,1847027228780840914,7c571bfd784eb622ed7b51fbd286473bdf226b970668e6c605e5c4ebd0e1547e,140001,Task/LDPC/block/stages/stage23_s4_final_reintegration/results/s4_revised_formal_point_results.csv,6c72c89fbac5e846fc7a68483dc18fa5e2238cd9740e48b2d29163ea0c6e5e3e
LDPC_BG2_K300_N560,BP,DIRECT_LAYERED_SPA_BP,300,560,0.5357142857142857,56,148,112,112,false,false,false,32,SYNDROME_AFTER_FULL_ITERATION,0.0,1.0,3.71066772286538,1000,9815,998,0.032716666666666665,0.998,31.285,32.0,32.0,32,0.024,0.976,1,23,1,975,2116.4814,2161.1,3133.3149999999996,6399.2,24527440,3503920,24527440,49054880,24527440,0,0,0,0,0,0,11312,14894215742951263112,9310751698180970364,12582115941906892720,7c571bfd784eb622ed7b51fbd286473bdf226b970668e6c605e5c4ebd0e1547e,140001,Task/LDPC/block/stages/stage23_s4_final_reintegration/results/s4_revised_formal_point_results.csv,6c72c89fbac5e846fc7a68483dc18fa5e2238cd9740e48b2d29163ea0c6e5e3e
LDPC_BG2_K300_N560,NMS,DIRECT_LAYERED_NMS,300,560,0.5357142857142857,56,148,112,112,false,false,false,32,SYNDROME_AFTER_FULL_ITERATION,0.95,1.0,3.71066772286538,1000,10054,999,0.03351333333333333,0.999,19.953,32.0,32.0,32,0.408,0.592,1,407,0,592,312.981,326.75,620.3699999999999,2594.1,15643152,2234736,15643152,0,0,0,15643152,31286304,9455101,15643152,15643152,11312,14894215742951263112,9310751698180970364,12582115941906892720,7c571bfd784eb622ed7b51fbd286473bdf226b970668e6c605e5c4ebd0e1547e,140001,Task/LDPC/block/stages/stage23_s4_final_reintegration/results/s4_revised_formal_point_results.csv,6c72c89fbac5e846fc7a68483dc18fa5e2238cd9740e48b2d29163ea0c6e5e3e
LDPC_BG2_K300_N560,BP,DIRECT_LAYERED_SPA_BP,300,560,0.5357142857142857,56,148,112,112,false,false,false,32,SYNDROME_AFTER_FULL_ITERATION,0.0,1.5,4.21066772286538,1000,6730,991,0.022433333333333333,0.991,28.991,32.0,32.0,32,0.101,0.899,6,95,3,896,1896.3573999999999,2103.1000000000004,3101.1349999999993,5735.6,22728944,3246992,22728944,45457888,22728944,0,0,0,0,0,0,11312,14894215742951263112,9310751698180970364,7533676419093219325,7c571bfd784eb622ed7b51fbd286473bdf226b970668e6c605e5c4ebd0e1547e,140001,Task/LDPC/block/stages/stage23_s4_final_reintegration/results/s4_revised_formal_point_results.csv,6c72c89fbac5e846fc7a68483dc18fa5e2238cd9740e48b2d29163ea0c6e5e3e
LDPC_BG2_K300_N560,NMS,DIRECT_LAYERED_NMS,300,560,0.5357142857142857,56,148,112,112,false,false,false,32,SYNDROME_AFTER_FULL_ITERATION,0.95,1.5,4.21066772286538,1000,6926,990,0.023086666666666665,0.99,15.824,3.0,32.0,32,0.544,0.456,9,535,1,455,238.2156,63.7,571.9849999999999,1136.1,12406016,1772288,12406016,0,0,0,12406016,24812032,7510499,12406016,12406016,11312,14894215742951263112,9310751698180970364,7533676419093219325,7c571bfd784eb622ed7b51fbd286473bdf226b970668e6c605e5c4ebd0e1547e,140001,Task/LDPC/block/stages/stage23_s4_final_reintegration/results/s4_revised_formal_point_results.csv,6c72c89fbac5e846fc7a68483dc18fa5e2238cd9740e48b2d29163ea0c6e5e3e
LDPC_BG2_K300_N560,BP,DIRECT_LAYERED_SPA_BP,300,560,0.5357142857142857,56,148,112,112,false,false,false,32,SYNDROME_AFTER_FULL_ITERATION,0.0,2.0,4.71066772286538,1000,4380,944,0.0146,0.944,23.021,32.0,32.0,32,0.3,0.7,36,264,20,680,1506.4432,1743.4499999999998,2914.7149999999992,6802.9,18048464,2578352,18048464,36096928,18048464,0,0,0,0,0,0,11312,14894215742951263112,9310751698180970364,17210875901085520301,7c571bfd784eb622ed7b51fbd286473bdf226b970668e6c605e5c4ebd0e1547e,140001,Task/LDPC/block/stages/stage23_s4_final_reintegration/results/s4_revised_formal_point_results.csv,6c72c89fbac5e846fc7a68483dc18fa5e2238cd9740e48b2d29163ea0c6e5e3e
LDPC_BG2_K300_N560,NMS,DIRECT_LAYERED_NMS,300,560,0.5357142857142857,56,148,112,112,false,false,false,32,SYNDROME_AFTER_FULL_ITERATION,0.95,2.0,4.71066772286538,1000,4453,944,0.014843333333333333,0.944,12.817,2.0,32.0,32,0.641,0.359,49,592,7,352,195.79420000000002,47.0,540.415,1467.4,10048528,1435504,10048528,0,0,0,10048528,20097056,6096680,10048528,10048528,11312,14894215742951263112,9310751698180970364,17210875901085520301,7c571bfd784eb622ed7b51fbd286473bdf226b970668e6c605e5c4ebd0e1547e,140001,Task/LDPC/block/stages/stage23_s4_final_reintegration/results/s4_revised_formal_point_results.csv,6c72c89fbac5e846fc7a68483dc18fa5e2238cd9740e48b2d29163ea0c6e5e3e
LDPC_BG2_K300_N560,BP,DIRECT_LAYERED_SPA_BP,300,560,0.5357142857142857,56,148,112,112,false,false,false,32,SYNDROME_AFTER_FULL_ITERATION,0.0,2.5,5.21066772286538,1000,2693,831,0.008976666666666668,0.831,14.441,2.0,32.0,32,0.584,0.416,135,449,34,382,803.8155,150.5,2204.505,5383.5,11321744,1617392,11321744,22643488,11321744,0,0,0,0,0,0,11312,14894215742951263112,9310751698180970364,10996885027300446659,7c571bfd784eb622ed7b51fbd286473bdf226b970668e6c605e5c4ebd0e1547e,140001,Task/LDPC/block/stages/stage23_s4_final_reintegration/results/s4_revised_formal_point_results.csv,6c72c89fbac5e846fc7a68483dc18fa5e2238cd9740e48b2d29163ea0c6e5e3e
LDPC_BG2_K300_N560,NMS,DIRECT_LAYERED_NMS,300,560,0.5357142857142857,56,148,112,112,false,false,false,32,SYNDROME_AFTER_FULL_ITERATION,0.95,2.5,5.21066772286538,1000,2728,830,0.009093333333333333,0.83,9.033,2.0,32.0,32,0.764,0.236,156,608,14,222,126.4194,37.8,503.55999999999995,1267.0,7081872,1011696,7081872,0,0,0,7081872,14163744,4300178,7081872,7081872,11312,14894215742951263112,9310751698180970364,10996885027300446659,7c571bfd784eb622ed7b51fbd286473bdf226b970668e6c605e5c4ebd0e1547e,140001,Task/LDPC/block/stages/stage23_s4_final_reintegration/results/s4_revised_formal_point_results.csv,6c72c89fbac5e846fc7a68483dc18fa5e2238cd9740e48b2d29163ea0c6e5e3e
LDPC_BG2_K300_N560,BP,DIRECT_LAYERED_SPA_BP,300,560,0.5357142857142857,56,148,112,112,false,false,false,32,SYNDROME_AFTER_FULL_ITERATION,0.0,3.0,5.71066772286538,1000,1472,626,0.004906666666666667,0.626,8.679,2.0,32.0,32,0.77,0.23,336,434,38,192,473.27770000000004,97.30000000000001,2065.6099999999997,3074.2,6804336,972048,6804336,13608672,6804336,0,0,0,0,0,0,11312,14894215742951263112,9310751698180970364,13458439868135765385,7c571bfd784eb622ed7b51fbd286473bdf226b970668e6c605e5c4ebd0e1547e,140001,Task/LDPC/block/stages/stage23_s4_final_reintegration/results/s4_revised_formal_point_results.csv,6c72c89fbac5e846fc7a68483dc18fa5e2238cd9740e48b2d29163ea0c6e5e3e
LDPC_BG2_K300_N560,NMS,DIRECT_LAYERED_NMS,300,560,0.5357142857142857,56,148,112,112,false,false,false,32,SYNDROME_AFTER_FULL_ITERATION,0.95,3.0,5.71066772286538,1000,1485,624,0.00495,0.624,7.375,2.0,32.0,32,0.813,0.187,343,470,33,154,98.7114,28.2,480.0,1167.8,5782000,826000,5782000,0,0,0,5782000,11564000,3515221,5782000,5782000,11312,14894215742951263112,9310751698180970364,13458439868135765385,7c571bfd784eb622ed7b51fbd286473bdf226b970668e6c605e5c4ebd0e1547e,140001,Task/LDPC/block/stages/stage23_s4_final_reintegration/results/s4_revised_formal_point_results.csv,6c72c89fbac5e846fc7a68483dc18fa5e2238cd9740e48b2d29163ea0c6e5e3e
LDPC_BG2_K300_N560,BP,DIRECT_LAYERED_SPA_BP,300,560,0.5357142857142857,56,148,112,112,false,false,false,32,SYNDROME_AFTER_FULL_ITERATION,0.0,3.5,6.21066772286538,1000,792,415,0.00264,0.415,3.948,2.0,32.0,32,0.92,0.08,567,353,18,62,228.5395,85.6,1565.6249999999989,4661.6,3095232,442176,3095232,6190464,3095232,0,0,0,0,0,0,11312,14894215742951263112,9310751698180970364,5487774989774882617,7c571bfd784eb622ed7b51fbd286473bdf226b970668e6c605e5c4ebd0e1547e,140001,Task/LDPC/block/stages/stage23_s4_final_reintegration/results/s4_revised_formal_point_results.csv,6c72c89fbac5e846fc7a68483dc18fa5e2238cd9740e48b2d29163ea0c6e5e3e
LDPC_BG2_K300_N560,NMS,DIRECT_LAYERED_NMS,300,560,0.5357142857142857,56,148,112,112,false,false,false,32,SYNDROME_AFTER_FULL_ITERATION,0.95,3.5,6.21066772286538,1000,801,419,0.00267,0.419,4.061,2.0,32.0,32,0.916,0.084,554,362,27,57,59.5751,25.8,325.74499999999995,1497.8,3183824,454832,3183824,0,0,0,3183824,6367648,1946899,3183824,3183824,11312,14894215742951263112,9310751698180970364,5487774989774882617,7c571bfd784eb622ed7b51fbd286473bdf226b970668e6c605e5c4ebd0e1547e,140001,Task/LDPC/block/stages/stage23_s4_final_reintegration/results/s4_revised_formal_point_results.csv,6c72c89fbac5e846fc7a68483dc18fa5e2238cd9740e48b2d29163ea0c6e5e3e
LDPC_BG2_K300_N560,BP,DIRECT_LAYERED_SPA_BP,300,560,0.5357142857142857,56,148,112,112,false,false,false,32,SYNDROME_AFTER_FULL_ITERATION,0.0,4.0,6.71066772286538,1000,387,242,0.00129,0.242,2.507,1.0,2.0,32,0.961,0.039,746,215,12,27,144.5213,71.05,188.51999999999998,2661.8,1965488,280784,1965488,3930976,1965488,0,0,0,0,0,0,11312,14894215742951263112,9310751698180970364,5131046967691711881,7c571bfd784eb622ed7b51fbd286473bdf226b970668e6c605e5c4ebd0e1547e,140001,Task/LDPC/block/stages/stage23_s4_final_reintegration/results/s4_revised_formal_point_results.csv,6c72c89fbac5e846fc7a68483dc18fa5e2238cd9740e48b2d29163ea0c6e5e3e
LDPC_BG2_K300_N560,NMS,DIRECT_LAYERED_NMS,300,560,0.5357142857142857,56,148,112,112,false,false,false,32,SYNDROME_AFTER_FULL_ITERATION,0.95,4.0,6.71066772286538,1000,392,245,0.0013066666666666667,0.245,3.079,1.0,32.0,32,0.942,0.058,738,204,17,41,44.621199999999995,21.1,288.4749999999999,731.0,2413936,344848,2413936,0,0,0,2413936,4827872,1478663,2413936,2413936,11312,14894215742951263112,9310751698180970364,5131046967691711881,7c571bfd784eb622ed7b51fbd286473bdf226b970668e6c605e5c4ebd0e1547e,140001,Task/LDPC/block/stages/stage23_s4_final_reintegration/results/s4_revised_formal_point_results.csv,6c72c89fbac5e846fc7a68483dc18fa5e2238cd9740e48b2d29163ea0c6e5e3e
LDPC_BG2_K300_N560,BP,DIRECT_LAYERED_SPA_BP,300,560,0.5357142857142857,56,148,112,112,false,false,false,32,SYNDROME_AFTER_FULL_ITERATION,0.0,4.5,7.21066772286538,1888,307,200,0.0005420197740112994,0.1059322033898305,1.5328389830508475,1.0,2.0,32,0.9878177966101694,0.012182203389830509,1680,185,8,15,82.5822563559322,50.650000000000006,132.365,2808.9,2268896,324128,2268896,4537792,2268896,0,0,0,0,0,0,11312,3627724900150674742,2575492546776614489,1690725611343439537,7c571bfd784eb622ed7b51fbd286473bdf226b970668e6c605e5c4ebd0e1547e,140001,Task/LDPC/block/stages/stage23_s4_final_reintegration/results/s4_revised_formal_point_results.csv,6c72c89fbac5e846fc7a68483dc18fa5e2238cd9740e48b2d29163ea0c6e5e3e
LDPC_BG2_K300_N560,NMS,DIRECT_LAYERED_NMS,300,560,0.5357142857142857,56,148,112,112,false,false,false,32,SYNDROME_AFTER_FULL_ITERATION,0.95,4.5,7.21066772286538,1888,316,211,0.000557909604519774,0.11175847457627118,2.0709745762711864,1.0,2.0,32,0.9703389830508474,0.029661016949152543,1655,177,22,34,29.58580508474576,16.55,38.46499999999999,750.6,3065440,437920,3065440,0,0,0,3065440,6130880,1891726,3065440,3065440,11312,3627724900150674742,2575492546776614489,1690725611343439537,7c571bfd784eb622ed7b51fbd286473bdf226b970668e6c605e5c4ebd0e1547e,140001,Task/LDPC/block/stages/stage23_s4_final_reintegration/results/s4_revised_formal_point_results.csv,6c72c89fbac5e846fc7a68483dc18fa5e2238cd9740e48b2d29163ea0c6e5e3e
LDPC_BG2_K300_N560,BP,DIRECT_LAYERED_SPA_BP,300,560,0.5357142857142857,56,148,112,112,false,false,false,32,SYNDROME_AFTER_FULL_ITERATION,0.0,5.0,7.71066772286538,3787,288,200,0.00025349881172432003,0.052812252442566675,1.2365988909426988,1.0,2.0,32,0.9949828360179561,0.005017163982043834,3581,187,6,13,76.297016107737,58.0,133.87,4068.7,3671472,524496,3671472,7342944,3671472,0,0,0,0,0,0,11312,1519644867615295185,14539858891088004406,12701103363845850189,7c571bfd784eb622ed7b51fbd286473bdf226b970668e6c605e5c4ebd0e1547e,140001,Task/LDPC/block/stages/stage23_s4_final_reintegration/results/s4_revised_formal_point_results.csv,6c72c89fbac5e846fc7a68483dc18fa5e2238cd9740e48b2d29163ea0c6e5e3e
LDPC_BG2_K300_N560,NMS,DIRECT_LAYERED_NMS,300,560,0.5357142857142857,56,148,112,112,false,false,false,32,SYNDROME_AFTER_FULL_ITERATION,0.95,5.0,7.71066772286538,3787,289,206,0.0002543790159316962,0.05439662001584367,1.5035648270398732,1.0,2.0,32,0.9862688143649326,0.013731185635067335,3560,175,21,31,24.732637972009506,17.6,38.3,597.6,4464096,637728,4464096,0,0,0,4464096,8928192,2777505,4464096,4464096,11312,1519644867615295185,14539858891088004406,12701103363845850189,7c571bfd784eb622ed7b51fbd286473bdf226b970668e6c605e5c4ebd0e1547e,140001,Task/LDPC/block/stages/stage23_s4_final_reintegration/results/s4_revised_formal_point_results.csv,6c72c89fbac5e846fc7a68483dc18fa5e2238cd9740e48b2d29163ea0c6e5e3e
LDPC_BG2_K300_N560,BP,DIRECT_LAYERED_SPA_BP,300,560,0.5357142857142857,56,148,112,112,false,false,false,32,SYNDROME_AFTER_FULL_ITERATION,0.0,5.5,8.21066772286538,10897,261,200,7.983848765715335e-05,0.018353675323483528,1.0774525098651004,1.0,1.0,32,0.9987152427273561,0.001284757272643847,10690,193,7,7,69.08819858676699,67.1,104.9,3677.7,9204944,1314992,9204944,18409888,9204944,0,0,0,0,0,0,11312,497163805738047522,4431023323622778240,5736707753108852237,7c571bfd784eb622ed7b51fbd286473bdf226b970668e6c605e5c4ebd0e1547e,140001,Task/LDPC/block/stages/stage23_s4_final_reintegration/results/s4_revised_formal_point_results.csv,6c72c89fbac5e846fc7a68483dc18fa5e2238cd9740e48b2d29163ea0c6e5e3e
LDPC_BG2_K300_N560,NMS,DIRECT_LAYERED_NMS,300,560,0.5357142857142857,56,148,112,112,false,false,false,32,SYNDROME_AFTER_FULL_ITERATION,0.95,5.5,8.21066772286538,10897,265,207,8.106206601205225e-05,0.018996053959805453,1.2158392218041663,1.0,1.0,32,0.9942185922731027,0.005781407726897311,10649,185,41,22,23.115885105992476,19.8,29.919999999999888,6092.8,10387216,1483888,10387216,0,0,0,10387216,20774432,6526387,10387216,10387216,11312,497163805738047522,4431023323622778240,5736707753108852237,7c571bfd784eb622ed7b51fbd286473bdf226b970668e6c605e5c4ebd0e1547e,140001,Task/LDPC/block/stages/stage23_s4_final_reintegration/results/s4_revised_formal_point_results.csv,6c72c89fbac5e846fc7a68483dc18fa5e2238cd9740e48b2d29163ea0c6e5e3e
LDPC_BG2_K300_N560,BP,DIRECT_LAYERED_SPA_BP,300,560,0.5357142857142857,56,148,112,112,false,false,false,32,SYNDROME_AFTER_FULL_ITERATION,0.0,6.0,8.71066772286538,24989,267,200,3.561567089519389e-05,0.008003521549481772,1.025451198527352,1.0,1.0,32,0.9996398415302733,0.0003601584697266797,24783,197,6,3,69.27753011324982,68.3,103.05999999999986,4398.7,20090000,2870000,20090000,40180000,20090000,0,0,0,0,0,0,11312,17028129769994802026,7316287284638424583,8530365526363902802,7c571bfd784eb622ed7b51fbd286473bdf226b970668e6c605e5c4ebd0e1547e,140001,Task/LDPC/block/stages/stage23_s4_final_reintegration/results/s4_revised_formal_point_results.csv,6c72c89fbac5e846fc7a68483dc18fa5e2238cd9740e48b2d29163ea0c6e5e3e
LDPC_BG2_K300_N560,NMS,DIRECT_LAYERED_NMS,300,560,0.5357142857142857,56,148,112,112,false,false,false,32,SYNDROME_AFTER_FULL_ITERATION,0.95,6.0,8.71066772286538,24989,265,202,3.534888684354449e-05,0.00808355676497659,1.0772740005602466,1.0,1.0,32,0.9979591020048821,0.0020408979951178517,24756,182,31,20,21.284133018528152,20.0,26.2,2122.4,21105280,3015040,21105280,0,0,0,21105280,42210560,13368839,21105280,21105280,11312,17028129769994802026,7316287284638424583,8530365526363902802,7c571bfd784eb622ed7b51fbd286473bdf226b970668e6c605e5c4ebd0e1547e,140001,Task/LDPC/block/stages/stage23_s4_final_reintegration/results/s4_revised_formal_point_results.csv,6c72c89fbac5e846fc7a68483dc18fa5e2238cd9740e48b2d29163ea0c6e5e3e
LDPC_BG2_K300_N560,BP,DIRECT_LAYERED_SPA_BP,300,560,0.5357142857142857,56,148,112,112,false,false,false,32,SYNDROME_AFTER_FULL_ITERATION,0.0,6.5,9.21066772286538,50000,177,138,1.18e-05,0.00276,1.00736,1.0,1.0,32,0.99994,6e-05,49860,137,2,1,70.700448,69.6,101.90499999999957,11282.8,39488512,5641216,39488512,78977024,39488512,0,0,0,0,0,0,11312,4478654089032902876,9800283097283357438,16006565695469023118,7c571bfd784eb622ed7b51fbd286473bdf226b970668e6c605e5c4ebd0e1547e,140001,Task/LDPC/block/stages/stage23_s4_final_reintegration/results/s4_revised_formal_point_results.csv,6c72c89fbac5e846fc7a68483dc18fa5e2238cd9740e48b2d29163ea0c6e5e3e
LDPC_BG2_K300_N560,NMS,DIRECT_LAYERED_NMS,300,560,0.5357142857142857,56,148,112,112,false,false,false,32,SYNDROME_AFTER_FULL_ITERATION,0.95,6.5,9.21066772286538,50000,182,147,1.2133333333333333e-05,0.00294,1.03704,1.0,1.0,32,0.99898,0.00102,49824,125,29,22,21.273324,20.3,26.1,2154.0,40651968,5807424,40651968,0,0,0,40651968,81303936,25875314,40651968,40651968,11312,4478654089032902876,9800283097283357438,16006565695469023118,7c571bfd784eb622ed7b51fbd286473bdf226b970668e6c605e5c4ebd0e1547e,140001,Task/LDPC/block/stages/stage23_s4_final_reintegration/results/s4_revised_formal_point_results.csv,6c72c89fbac5e846fc7a68483dc18fa5e2238cd9740e48b2d29163ea0c6e5e3e
LDPC_BG2_K300_N560,BP,DIRECT_LAYERED_SPA_BP,300,560,0.5357142857142857,56,148,112,112,false,false,false,32,SYNDROME_AFTER_FULL_ITERATION,0.0,7.0,9.71066772286538,50000,58,44,3.866666666666666e-06,0.00088,1.0018,1.0,1.0,2,1.0,0.0,49956,44,0,0,70.75361,69.9,102.4,5367.6,39270560,5610080,39270560,78541120,39270560,0,0,0,0,0,0,11312,4478654089032902876,9800283097283357438,16371363153164705913,7c571bfd784eb622ed7b51fbd286473bdf226b970668e6c605e5c4ebd0e1547e,140001,Task/LDPC/block/stages/stage23_s4_final_reintegration/results/s4_revised_formal_point_results.csv,6c72c89fbac5e846fc7a68483dc18fa5e2238cd9740e48b2d29163ea0c6e5e3e
LDPC_BG2_K300_N560,NMS,DIRECT_LAYERED_NMS,300,560,0.5357142857142857,56,148,112,112,false,false,false,32,SYNDROME_AFTER_FULL_ITERATION,0.95,7.0,9.71066772286538,50000,61,47,4.066666666666667e-06,0.00094,1.01102,1.0,1.0,32,0.9997,0.0003,49945,40,8,7,20.64955,20.1,25.8,1410.4,39631984,5661712,39631984,0,0,0,39631984,79263968,25339371,39631984,39631984,11312,4478654089032902876,9800283097283357438,16371363153164705913,7c571bfd784eb622ed7b51fbd286473bdf226b970668e6c605e5c4ebd0e1547e,140001,Task/LDPC/block/stages/stage23_s4_final_reintegration/results/s4_revised_formal_point_results.csv,6c72c89fbac5e846fc7a68483dc18fa5e2238cd9740e48b2d29163ea0c6e5e3e
LDPC_BG2_K300_N560,BP,DIRECT_LAYERED_SPA_BP,300,560,0.5357142857142857,56,148,112,112,false,false,false,32,SYNDROME_AFTER_FULL_ITERATION,0.0,7.5,10.21066772286538,50000,24,18,1.6e-06,0.00036,1.0005,1.0,1.0,2,1.0,0.0,49982,18,0,0,70.559146,70.1,100.9,5806.1,39219600,5602800,39219600,78439200,39219600,1,0,0,0,0,0,11312,4478654089032902876,9800283097283357438,14307686702926712228,7c571bfd784eb622ed7b51fbd286473bdf226b970668e6c605e5c4ebd0e1547e,140001,Task/LDPC/block/stages/stage23_s4_final_reintegration/results/s4_revised_formal_point_results.csv,6c72c89fbac5e846fc7a68483dc18fa5e2238cd9740e48b2d29163ea0c6e5e3e
LDPC_BG2_K300_N560,NMS,DIRECT_LAYERED_NMS,300,560,0.5357142857142857,56,148,112,112,false,false,false,32,SYNDROME_AFTER_FULL_ITERATION,0.95,7.5,10.21066772286538,50000,23,19,1.5333333333333334e-06,0.00038,1.00358,1.0,1.0,32,0.9999,0.0001,49980,15,1,4,20.335696000000002,20.0,25.3,1770.3,39340336,5620048,39340336,0,0,0,39340336,78680672,25230717,39340336,39340336,11312,4478654089032902876,9800283097283357438,14307686702926712228,7c571bfd784eb622ed7b51fbd286473bdf226b970668e6c605e5c4ebd0e1547e,140001,Task/LDPC/block/stages/stage23_s4_final_reintegration/results/s4_revised_formal_point_results.csv,6c72c89fbac5e846fc7a68483dc18fa5e2238cd9740e48b2d29163ea0c6e5e3e
LDPC_BG2_K300_N560,BP,DIRECT_LAYERED_SPA_BP,300,560,0.5357142857142857,56,148,112,112,false,false,false,32,SYNDROME_AFTER_FULL_ITERATION,0.0,8.0,10.71066772286538,50000,1,1,6.666666666666667e-08,2e-05,1.00012,1.0,1.0,2,1.0,0.0,49999,1,0,0,70.9893,70.3,101.1,3132.4,39204704,5600672,39204704,78409408,39204704,125,0,0,0,0,0,11312,4478654089032902876,9800283097283357438,1125236840665249864,7c571bfd784eb622ed7b51fbd286473bdf226b970668e6c605e5c4ebd0e1547e,140001,Task/LDPC/block/stages/stage23_s4_final_reintegration/results/s4_revised_formal_point_results.csv,6c72c89fbac5e846fc7a68483dc18fa5e2238cd9740e48b2d29163ea0c6e5e3e
LDPC_BG2_K300_N560,NMS,DIRECT_LAYERED_NMS,300,560,0.5357142857142857,56,148,112,112,false,false,false,32,SYNDROME_AFTER_FULL_ITERATION,0.95,8.0,10.71066772286538,50000,1,1,6.666666666666667e-08,2e-05,1.00012,1.0,1.0,2,1.0,0.0,49999,1,0,0,20.534622,20.0,25.4,3310.8,39204704,5600672,39204704,0,0,0,39204704,78409408,25207800,39204704,39204704,11312,4478654089032902876,9800283097283357438,1125236840665249864,7c571bfd784eb622ed7b51fbd286473bdf226b970668e6c605e5c4ebd0e1547e,140001,Task/LDPC/block/stages/stage23_s4_final_reintegration/results/s4_revised_formal_point_results.csv,6c72c89fbac5e846fc7a68483dc18fa5e2238cd9740e48b2d29163ea0c6e5e3e
LDPC_BG2_K300_N560,BP,DIRECT_LAYERED_SPA_BP,300,560,0.5357142857142857,56,148,112,112,false,false,false,32,SYNDROME_AFTER_FULL_ITERATION,0.0,8.5,11.21066772286538,50000,0,0,0.0,0.0,1.0,1.0,1.0,1,1.0,0.0,50000,0,0,0,69.59843599999999,68.8,100.6,11387.5,39200000,5600000,39200000,78400000,39200000,5953,0,0,0,0,0,11312,4478654089032902876,9800283097283357438,9508899631310120190,7c571bfd784eb622ed7b51fbd286473bdf226b970668e6c605e5c4ebd0e1547e,140001,Task/LDPC/block/stages/stage23_s4_final_reintegration/results/s4_revised_formal_point_results.csv,6c72c89fbac5e846fc7a68483dc18fa5e2238cd9740e48b2d29163ea0c6e5e3e
LDPC_BG2_K300_N560,NMS,DIRECT_LAYERED_NMS,300,560,0.5357142857142857,56,148,112,112,false,false,false,32,SYNDROME_AFTER_FULL_ITERATION,0.95,8.5,11.21066772286538,50000,0,0,0.0,0.0,1.0,1.0,1.0,1,1.0,0.0,50000,0,0,0,19.941314,19.7,25.2,2012.8,39200000,5600000,39200000,0,0,0,39200000,78400000,25253643,39200000,39200000,11312,4478654089032902876,9800283097283357438,9508899631310120190,7c571bfd784eb622ed7b51fbd286473bdf226b970668e6c605e5c4ebd0e1547e,140001,Task/LDPC/block/stages/stage23_s4_final_reintegration/results/s4_revised_formal_point_results.csv,6c72c89fbac5e846fc7a68483dc18fa5e2238cd9740e48b2d29163ea0c6e5e3e
LDPC_BG2_K300_N560,BP,DIRECT_LAYERED_SPA_BP,300,560,0.5357142857142857,56,148,112,112,false,false,false,32,SYNDROME_AFTER_FULL_ITERATION,0.0,9.0,11.71066772286538,50000,0,0,0.0,0.0,1.0,1.0,1.0,1,1.0,0.0,50000,0,0,0,68.627128,67.7,100.4,15868.2,39200000,5600000,39200000,78400000,39200000,114530,0,0,0,0,0,11312,4478654089032902876,9800283097283357438,15444455104662152651,7c571bfd784eb622ed7b51fbd286473bdf226b970668e6c605e5c4ebd0e1547e,140001,Task/LDPC/block/stages/stage23_s4_final_reintegration/results/s4_revised_formal_point_results.csv,6c72c89fbac5e846fc7a68483dc18fa5e2238cd9740e48b2d29163ea0c6e5e3e
LDPC_BG2_K300_N560,NMS,DIRECT_LAYERED_NMS,300,560,0.5357142857142857,56,148,112,112,false,false,false,32,SYNDROME_AFTER_FULL_ITERATION,0.95,9.0,11.71066772286538,50000,0,0,0.0,0.0,1.0,1.0,1.0,1,1.0,0.0,50000,0,0,0,19.5121,19.4,25.0,1756.4,39200000,5600000,39200000,0,0,0,39200000,78400000,25293263,39200000,39200000,11312,4478654089032902876,9800283097283357438,15444455104662152651,7c571bfd784eb622ed7b51fbd286473bdf226b970668e6c605e5c4ebd0e1547e,140001,Task/LDPC/block/stages/stage23_s4_final_reintegration/results/s4_revised_formal_point_results.csv,6c72c89fbac5e846fc7a68483dc18fa5e2238cd9740e48b2d29163ea0c6e5e3e
LDPC_BG2_K300_N560,BP,DIRECT_LAYERED_SPA_BP,300,560,0.5357142857142857,56,148,112,112,false,false,false,32,SYNDROME_AFTER_FULL_ITERATION,0.0,9.5,12.21066772286538,50000,0,0,0.0,0.0,1.0,1.0,1.0,1,1.0,0.0,50000,0,0,0,71.90053,71.0,103.60499999999955,3724.9,39200000,5600000,39200000,78400000,39200000,983673,0,0,0,0,0,11312,4478654089032902876,9800283097283357438,10579308004314285812,7c571bfd784eb622ed7b51fbd286473bdf226b970668e6c605e5c4ebd0e1547e,140001,Task/LDPC/block/stages/stage23_s4_final_reintegration/results/s4_revised_formal_point_results.csv,6c72c89fbac5e846fc7a68483dc18fa5e2238cd9740e48b2d29163ea0c6e5e3e
LDPC_BG2_K300_N560,NMS,DIRECT_LAYERED_NMS,300,560,0.5357142857142857,56,148,112,112,false,false,false,32,SYNDROME_AFTER_FULL_ITERATION,0.95,9.5,12.21066772286538,50000,0,0,0.0,0.0,1.0,1.0,1.0,1,1.0,0.0,50000,0,0,0,20.06224,20.0,25.3,3022.1,39200000,5600000,39200000,0,0,0,39200000,78400000,25324050,39200000,39200000,11312,4478654089032902876,9800283097283357438,10579308004314285812,7c571bfd784eb622ed7b51fbd286473bdf226b970668e6c605e5c4ebd0e1547e,140001,Task/LDPC/block/stages/stage23_s4_final_reintegration/results/s4_revised_formal_point_results.csv,6c72c89fbac5e846fc7a68483dc18fa5e2238cd9740e48b2d29163ea0c6e5e3e
LDPC_BG2_K300_N560,BP,DIRECT_LAYERED_SPA_BP,300,560,0.5357142857142857,56,148,112,112,false,false,false,32,SYNDROME_AFTER_FULL_ITERATION,0.0,10.0,12.71066772286538,50000,0,0,0.0,0.0,1.0,1.0,1.0,1,1.0,0.0,50000,0,0,0,74.91227599999999,72.0,103.30499999999955,7181.3,39200000,5600000,39200000,78400000,39200000,4620603,0,0,0,0,0,11312,4478654089032902876,9800283097283357438,11548080485788279381,7c571bfd784eb622ed7b51fbd286473bdf226b970668e6c605e5c4ebd0e1547e,140001,Task/LDPC/block/stages/stage23_s4_final_reintegration/results/s4_revised_formal_point_results.csv,6c72c89fbac5e846fc7a68483dc18fa5e2238cd9740e48b2d29163ea0c6e5e3e
LDPC_BG2_K300_N560,NMS,DIRECT_LAYERED_NMS,300,560,0.5357142857142857,56,148,112,112,false,false,false,32,SYNDROME_AFTER_FULL_ITERATION,0.95,10.0,12.71066772286538,50000,0,0,0.0,0.0,1.0,1.0,1.0,1,1.0,0.0,50000,0,0,0,21.034467999999997,20.4,25.6,4399.2,39200000,5600000,39200000,0,0,0,39200000,78400000,25346613,39200000,39200000,11312,4478654089032902876,9800283097283357438,11548080485788279381,7c571bfd784eb622ed7b51fbd286473bdf226b970668e6c605e5c4ebd0e1547e,140001,Task/LDPC/block/stages/stage23_s4_final_reintegration/results/s4_revised_formal_point_results.csv,6c72c89fbac5e846fc7a68483dc18fa5e2238cd9740e48b2d29163ea0c6e5e3e
