channelType,profileId,caseName,payloadGroup,payloadLength,encodedLength,frameRate,sourcePayloadEbN0Db,snrDb,processedFrames,decodedBitErrors,decodedFrameErrors,BER,FER,trueSuccessRate,miscorrectionRate,decoderFailureRate,channelHardBER,avgDecodeTimeUs,avgPreprocessingTimeUs,medianPreprocessingTimeUs,p95PreprocessingTimeUs,p99PreprocessingTimeUs,avgTotalReceiverTimeUs,medianReceiverTimeUs,p95ReceiverTimeUs,p99ReceiverTimeUs,timingSemantics,xSemantic,bandwidthConvention,plotStatus
BLOCKAGE_M,BLOCKAGE_M,BCH-S200,200,200,285,0.70175438596491224,5.3,3.7618513565547094,5000,22830,4790,0.02283,0.95799999999999996,0.042000000000000003,0.95799999999999996,0,0.030366315789473686,18.183119999999992,25.130039999999994,22.900000000000002,40.305000000000014,70.513000000000289,43.313159999999918,38.100000000000001,68.400000000000006,124.90600000000013,TIMING_ONLY_RERUN_PROFILE_PREINITIALIZED,NORMALIZED_WAVEFORM_SNR_PS_OVER_PN,Bn_EQUALS_Rs,PLOTTED
BLOCKAGE_M,BLOCKAGE_M,BCH-S200,200,200,285,0.70175438596491224,5.5,3.9618513565547095,5000,21588,4736,0.021588,0.94720000000000004,0.0528,0.94720000000000004,0,0.028178947368421053,18.183119999999992,25.130039999999994,22.900000000000002,40.305000000000014,70.513000000000289,43.313159999999918,38.100000000000001,68.400000000000006,124.90600000000013,TIMING_ONLY_RERUN_PROFILE_PREINITIALIZED,NORMALIZED_WAVEFORM_SNR_PS_OVER_PN,Bn_EQUALS_Rs,PLOTTED
BLOCKAGE_M,BLOCKAGE_M,BCH-S200,200,200,285,0.70175438596491224,5.7,4.16185135655471,5000,20464,4696,0.020464,0.93920000000000003,0.0608,0.93920000000000003,0,0.026526315789473683,18.183119999999992,25.130039999999994,22.900000000000002,40.305000000000014,70.513000000000289,43.313159999999918,38.100000000000001,68.400000000000006,124.90600000000013,TIMING_ONLY_RERUN_PROFILE_PREINITIALIZED,NORMALIZED_WAVEFORM_SNR_PS_OVER_PN,Bn_EQUALS_Rs,PLOTTED
BLOCKAGE_M,BLOCKAGE_M,BCH-S200,200,200,285,0.70175438596491224,5.9,4.36185135655471,5000,19301,4627,0.019300999999999999,0.9254,0.0746,0.9254,0,0.024736140350877192,18.183119999999992,25.130039999999994,22.900000000000002,40.305000000000014,70.513000000000289,43.313159999999918,38.100000000000001,68.400000000000006,124.90600000000013,TIMING_ONLY_RERUN_PROFILE_PREINITIALIZED,NORMALIZED_WAVEFORM_SNR_PS_OVER_PN,Bn_EQUALS_Rs,PLOTTED
BLOCKAGE_M,BLOCKAGE_M,BCH-S200,200,200,285,0.70175438596491224,6.1,4.561851356554709,5000,18893,4626,0.018893,0.92520000000000002,0.074800000000000005,0.92520000000000002,0,0.023070877192982456,18.183119999999992,25.130039999999994,22.900000000000002,40.305000000000014,70.513000000000289,43.313159999999918,38.100000000000001,68.400000000000006,124.90600000000013,TIMING_ONLY_RERUN_PROFILE_PREINITIALIZED,NORMALIZED_WAVEFORM_SNR_PS_OVER_PN,Bn_EQUALS_Rs,PLOTTED
BLOCKAGE_M,BLOCKAGE_M,BCH-S200,200,200,285,0.70175438596491224,6.3,4.761851356554709,5000,18042,4586,0.018041999999999999,0.91720000000000002,0.082799999999999999,0.91720000000000002,0,0.021825263157894736,18.183119999999992,25.130039999999994,22.900000000000002,40.305000000000014,70.513000000000289,43.313159999999918,38.100000000000001,68.400000000000006,124.90600000000013,TIMING_ONLY_RERUN_PROFILE_PREINITIALIZED,NORMALIZED_WAVEFORM_SNR_PS_OVER_PN,Bn_EQUALS_Rs,PLOTTED
BLOCKAGE_M,BLOCKAGE_M,BCH-S200,200,200,285,0.70175438596491224,6.5,4.9618513565547095,5000,17809,4547,0.017808999999999998,0.90939999999999999,0.0906,0.90939999999999999,0,0.020667368421052632,18.183119999999992,25.130039999999994,22.900000000000002,40.305000000000014,70.513000000000289,43.313159999999918,38.100000000000001,68.400000000000006,124.90600000000013,TIMING_ONLY_RERUN_PROFILE_PREINITIALIZED,NORMALIZED_WAVEFORM_SNR_PS_OVER_PN,Bn_EQUALS_Rs,PLOTTED
BLOCKAGE_M,BLOCKAGE_M,BCH-S200,200,200,285,0.70175438596491224,6.7,5.16185135655471,5000,17007,4507,0.017007000000000001,0.90139999999999998,0.098599999999999993,0.90139999999999998,0,0.019498245614035088,18.183119999999992,25.130039999999994,22.900000000000002,40.305000000000014,70.513000000000289,43.313159999999918,38.100000000000001,68.400000000000006,124.90600000000013,TIMING_ONLY_RERUN_PROFILE_PREINITIALIZED,NORMALIZED_WAVEFORM_SNR_PS_OVER_PN,Bn_EQUALS_Rs,PLOTTED
BLOCKAGE_M,BLOCKAGE_M,BCH-S200,200,200,285,0.70175438596491224,6.9,5.36185135655471,5000,16540,4478,0.016539999999999999,0.89559999999999995,0.10440000000000001,0.89559999999999995,0,0.018476491228070175,18.183119999999992,25.130039999999994,22.900000000000002,40.305000000000014,70.513000000000289,43.313159999999918,38.100000000000001,68.400000000000006,124.90600000000013,TIMING_ONLY_RERUN_PROFILE_PREINITIALIZED,NORMALIZED_WAVEFORM_SNR_PS_OVER_PN,Bn_EQUALS_Rs,PLOTTED
BLOCKAGE_M,BLOCKAGE_M,BCH-S200,200,200,285,0.70175438596491224,7.1,5.561851356554709,5000,16162,4405,0.016161999999999999,0.88100000000000001,0.11899999999999999,0.88100000000000001,0,0.017537543859649122,18.183119999999992,25.130039999999994,22.900000000000002,40.305000000000014,70.513000000000289,43.313159999999918,38.100000000000001,68.400000000000006,124.90600000000013,TIMING_ONLY_RERUN_PROFILE_PREINITIALIZED,NORMALIZED_WAVEFORM_SNR_PS_OVER_PN,Bn_EQUALS_Rs,PLOTTED
BLOCKAGE_M,BLOCKAGE_M,BCH-S200,200,200,285,0.70175438596491224,7.3,5.761851356554709,5000,15728,4403,0.015727999999999999,0.88060000000000005,0.11940000000000001,0.88060000000000005,0,0.01663017543859649,18.183119999999992,25.130039999999994,22.900000000000002,40.305000000000014,70.513000000000289,43.313159999999918,38.100000000000001,68.400000000000006,124.90600000000013,TIMING_ONLY_RERUN_PROFILE_PREINITIALIZED,NORMALIZED_WAVEFORM_SNR_PS_OVER_PN,Bn_EQUALS_Rs,PLOTTED
BLOCKAGE_M,BLOCKAGE_M,BCH-S200,200,200,285,0.70175438596491224,7.5,5.9618513565547095,5000,15253,4346,0.015252999999999999,0.86919999999999997,0.1308,0.86919999999999997,0,0.015851929824561403,18.183119999999992,25.130039999999994,22.900000000000002,40.305000000000014,70.513000000000289,43.313159999999918,38.100000000000001,68.400000000000006,124.90600000000013,TIMING_ONLY_RERUN_PROFILE_PREINITIALIZED,NORMALIZED_WAVEFORM_SNR_PS_OVER_PN,Bn_EQUALS_Rs,PLOTTED
BLOCKAGE_M,BLOCKAGE_M,BCH-S200,200,200,285,0.70175438596491224,7.7,6.16185135655471,5000,14705,4252,0.014704999999999999,0.85040000000000004,0.14960000000000001,0.85040000000000004,0,0.015105964912280702,18.183119999999992,25.130039999999994,22.900000000000002,40.305000000000014,70.513000000000289,43.313159999999918,38.100000000000001,68.400000000000006,124.90600000000013,TIMING_ONLY_RERUN_PROFILE_PREINITIALIZED,NORMALIZED_WAVEFORM_SNR_PS_OVER_PN,Bn_EQUALS_Rs,PLOTTED
BLOCKAGE_M,BLOCKAGE_M,BCH-S200,200,200,285,0.70175438596491224,7.9,6.36185135655471,5000,14389,4224,0.014389000000000001,0.8448,0.1552,0.8448,0,0.01444701754385965,18.183119999999992,25.130039999999994,22.900000000000002,40.305000000000014,70.513000000000289,43.313159999999918,38.100000000000001,68.400000000000006,124.90600000000013,TIMING_ONLY_RERUN_PROFILE_PREINITIALIZED,NORMALIZED_WAVEFORM_SNR_PS_OVER_PN,Bn_EQUALS_Rs,PLOTTED
BLOCKAGE_M,BLOCKAGE_M,BCH-S200,200,200,285,0.70175438596491224,8.1,6.561851356554709,5000,13862,4136,0.013861999999999999,0.82720000000000005,0.17280000000000001,0.82720000000000005,0,0.013799298245614036,18.183119999999992,25.130039999999994,22.900000000000002,40.305000000000014,70.513000000000289,43.313159999999918,38.100000000000001,68.400000000000006,124.90600000000013,TIMING_ONLY_RERUN_PROFILE_PREINITIALIZED,NORMALIZED_WAVEFORM_SNR_PS_OVER_PN,Bn_EQUALS_Rs,PLOTTED
BLOCKAGE_M,BLOCKAGE_M,BCH-S200,200,200,285,0.70175438596491224,8.3,6.76185135655471,5000,13714,4124,0.013714,0.82479999999999998,0.17519999999999999,0.82479999999999998,0,0.013359298245614035,18.183119999999992,25.130039999999994,22.900000000000002,40.305000000000014,70.513000000000289,43.313159999999918,38.100000000000001,68.400000000000006,124.90600000000013,TIMING_ONLY_RERUN_PROFILE_PREINITIALIZED,NORMALIZED_WAVEFORM_SNR_PS_OVER_PN,Bn_EQUALS_Rs,PLOTTED
BLOCKAGE_M,BLOCKAGE_M,BCH-S200,200,200,285,0.70175438596491224,8.5,6.9618513565547095,5000,12965,3994,0.012965000000000001,0.79879999999999995,0.20119999999999999,0.79879999999999995,0,0.012649122807017544,18.183119999999992,25.130039999999994,22.900000000000002,40.305000000000014,70.513000000000289,43.313159999999918,38.100000000000001,68.400000000000006,124.90600000000013,TIMING_ONLY_RERUN_PROFILE_PREINITIALIZED,NORMALIZED_WAVEFORM_SNR_PS_OVER_PN,Bn_EQUALS_Rs,PLOTTED
BLOCKAGE_H,BLOCKAGE_H,BCH-S200,200,200,285,0.70175438596491224,5.3,3.7618513565547094,5000,54948,5000,0.054947999999999997,1,0,1,0,0.05965473684210526,17.930599999999952,24.57195999999999,22.75,28.705000000000016,52.603000000000073,42.50255999999991,37.700000000000003,57.700000000000003,110.61100000000023,TIMING_ONLY_RERUN_PROFILE_PREINITIALIZED,NORMALIZED_WAVEFORM_SNR_PS_OVER_PN,Bn_EQUALS_Rs,PLOTTED
BLOCKAGE_H,BLOCKAGE_H,BCH-S200,200,200,285,0.70175438596491224,5.5,3.9618513565547095,5000,53428,5000,0.053428000000000003,1,0,1,0,0.057450526315789473,17.930599999999952,24.57195999999999,22.75,28.705000000000016,52.603000000000073,42.50255999999991,37.700000000000003,57.700000000000003,110.61100000000023,TIMING_ONLY_RERUN_PROFILE_PREINITIALIZED,NORMALIZED_WAVEFORM_SNR_PS_OVER_PN,Bn_EQUALS_Rs,PLOTTED
BLOCKAGE_H,BLOCKAGE_H,BCH-S200,200,200,285,0.70175438596491224,5.7,4.16185135655471,5000,52639,5000,0.052638999999999998,1,0,1,0,0.055960701754385965,17.930599999999952,24.57195999999999,22.75,28.705000000000016,52.603000000000073,42.50255999999991,37.700000000000003,57.700000000000003,110.61100000000023,TIMING_ONLY_RERUN_PROFILE_PREINITIALIZED,NORMALIZED_WAVEFORM_SNR_PS_OVER_PN,Bn_EQUALS_Rs,PLOTTED
BLOCKAGE_H,BLOCKAGE_H,BCH-S200,200,200,285,0.70175438596491224,5.9,4.36185135655471,5000,51924,5000,0.051923999999999998,1,0,1,0,0.05452842105263158,17.930599999999952,24.57195999999999,22.75,28.705000000000016,52.603000000000073,42.50255999999991,37.700000000000003,57.700000000000003,110.61100000000023,TIMING_ONLY_RERUN_PROFILE_PREINITIALIZED,NORMALIZED_WAVEFORM_SNR_PS_OVER_PN,Bn_EQUALS_Rs,PLOTTED
BLOCKAGE_H,BLOCKAGE_H,BCH-S200,200,200,285,0.70175438596491224,6.1,4.561851356554709,5000,51345,4999,0.051345000000000002,0.99980000000000002,0.00020000000000000001,0.99980000000000002,0,0.052957192982456137,17.930599999999952,24.57195999999999,22.75,28.705000000000016,52.603000000000073,42.50255999999991,37.700000000000003,57.700000000000003,110.61100000000023,TIMING_ONLY_RERUN_PROFILE_PREINITIALIZED,NORMALIZED_WAVEFORM_SNR_PS_OVER_PN,Bn_EQUALS_Rs,PLOTTED
BLOCKAGE_H,BLOCKAGE_H,BCH-S200,200,200,285,0.70175438596491224,6.3,4.761851356554709,5000,50249,5000,0.050249000000000002,1,0,1,0,0.051513684210526316,17.930599999999952,24.57195999999999,22.75,28.705000000000016,52.603000000000073,42.50255999999991,37.700000000000003,57.700000000000003,110.61100000000023,TIMING_ONLY_RERUN_PROFILE_PREINITIALIZED,NORMALIZED_WAVEFORM_SNR_PS_OVER_PN,Bn_EQUALS_Rs,PLOTTED
BLOCKAGE_H,BLOCKAGE_H,BCH-S200,200,200,285,0.70175438596491224,6.5,4.9618513565547095,5000,50187,5000,0.050187000000000002,1,0,1,0,0.050473684210526316,17.930599999999952,24.57195999999999,22.75,28.705000000000016,52.603000000000073,42.50255999999991,37.700000000000003,57.700000000000003,110.61100000000023,TIMING_ONLY_RERUN_PROFILE_PREINITIALIZED,NORMALIZED_WAVEFORM_SNR_PS_OVER_PN,Bn_EQUALS_Rs,PLOTTED
BLOCKAGE_H,BLOCKAGE_H,BCH-S200,200,200,285,0.70175438596491224,6.7,5.16185135655471,5000,49465,5000,0.049465000000000002,1,0,1,0,0.049319298245614034,17.930599999999952,24.57195999999999,22.75,28.705000000000016,52.603000000000073,42.50255999999991,37.700000000000003,57.700000000000003,110.61100000000023,TIMING_ONLY_RERUN_PROFILE_PREINITIALIZED,NORMALIZED_WAVEFORM_SNR_PS_OVER_PN,Bn_EQUALS_Rs,PLOTTED
BLOCKAGE_H,BLOCKAGE_H,BCH-S200,200,200,285,0.70175438596491224,6.9,5.36185135655471,5000,49252,5000,0.049251999999999997,1,0,1,0,0.048448421052631578,17.930599999999952,24.57195999999999,22.75,28.705000000000016,52.603000000000073,42.50255999999991,37.700000000000003,57.700000000000003,110.61100000000023,TIMING_ONLY_RERUN_PROFILE_PREINITIALIZED,NORMALIZED_WAVEFORM_SNR_PS_OVER_PN,Bn_EQUALS_Rs,PLOTTED
BLOCKAGE_H,BLOCKAGE_H,BCH-S200,200,200,285,0.70175438596491224,7.1,5.561851356554709,5000,48651,4999,0.048651,0.99980000000000002,0.00020000000000000001,0.99980000000000002,0,0.047347368421052631,17.930599999999952,24.57195999999999,22.75,28.705000000000016,52.603000000000073,42.50255999999991,37.700000000000003,57.700000000000003,110.61100000000023,TIMING_ONLY_RERUN_PROFILE_PREINITIALIZED,NORMALIZED_WAVEFORM_SNR_PS_OVER_PN,Bn_EQUALS_Rs,PLOTTED
BLOCKAGE_H,BLOCKAGE_H,BCH-S200,200,200,285,0.70175438596491224,7.3,5.761851356554709,5000,48375,4999,0.048375000000000001,0.99980000000000002,0.00020000000000000001,0.99980000000000002,0,0.046632280701754389,17.930599999999952,24.57195999999999,22.75,28.705000000000016,52.603000000000073,42.50255999999991,37.700000000000003,57.700000000000003,110.61100000000023,TIMING_ONLY_RERUN_PROFILE_PREINITIALIZED,NORMALIZED_WAVEFORM_SNR_PS_OVER_PN,Bn_EQUALS_Rs,PLOTTED
BLOCKAGE_H,BLOCKAGE_H,BCH-S200,200,200,285,0.70175438596491224,7.5,5.9618513565547095,5000,48039,5000,0.048038999999999998,1,0,1,0,0.046029473684210523,17.930599999999952,24.57195999999999,22.75,28.705000000000016,52.603000000000073,42.50255999999991,37.700000000000003,57.700000000000003,110.61100000000023,TIMING_ONLY_RERUN_PROFILE_PREINITIALIZED,NORMALIZED_WAVEFORM_SNR_PS_OVER_PN,Bn_EQUALS_Rs,PLOTTED
BLOCKAGE_H,BLOCKAGE_H,BCH-S200,200,200,285,0.70175438596491224,7.7,6.16185135655471,5000,47779,5000,0.047779000000000002,1,0,1,0,0.045157192982456143,17.930599999999952,24.57195999999999,22.75,28.705000000000016,52.603000000000073,42.50255999999991,37.700000000000003,57.700000000000003,110.61100000000023,TIMING_ONLY_RERUN_PROFILE_PREINITIALIZED,NORMALIZED_WAVEFORM_SNR_PS_OVER_PN,Bn_EQUALS_Rs,PLOTTED
BLOCKAGE_H,BLOCKAGE_H,BCH-S200,200,200,285,0.70175438596491224,7.9,6.36185135655471,5000,47128,5000,0.047128000000000003,1,0,1,0,0.044609824561403506,17.930599999999952,24.57195999999999,22.75,28.705000000000016,52.603000000000073,42.50255999999991,37.700000000000003,57.700000000000003,110.61100000000023,TIMING_ONLY_RERUN_PROFILE_PREINITIALIZED,NORMALIZED_WAVEFORM_SNR_PS_OVER_PN,Bn_EQUALS_Rs,PLOTTED
BLOCKAGE_H,BLOCKAGE_H,BCH-S200,200,200,285,0.70175438596491224,8.1,6.561851356554709,5000,47038,5000,0.047038000000000003,1,0,1,0,0.044070877192982458,17.930599999999952,24.57195999999999,22.75,28.705000000000016,52.603000000000073,42.50255999999991,37.700000000000003,57.700000000000003,110.61100000000023,TIMING_ONLY_RERUN_PROFILE_PREINITIALIZED,NORMALIZED_WAVEFORM_SNR_PS_OVER_PN,Bn_EQUALS_Rs,PLOTTED
BLOCKAGE_H,BLOCKAGE_H,BCH-S200,200,200,285,0.70175438596491224,8.3,6.76185135655471,5000,46761,4999,0.046760999999999997,0.99980000000000002,0.00020000000000000001,0.99980000000000002,0,0.043571929824561401,17.930599999999952,24.57195999999999,22.75,28.705000000000016,52.603000000000073,42.50255999999991,37.700000000000003,57.700000000000003,110.61100000000023,TIMING_ONLY_RERUN_PROFILE_PREINITIALIZED,NORMALIZED_WAVEFORM_SNR_PS_OVER_PN,Bn_EQUALS_Rs,PLOTTED
BLOCKAGE_H,BLOCKAGE_H,BCH-S200,200,200,285,0.70175438596491224,8.5,6.9618513565547095,5000,46348,5000,0.046348,1,0,1,0,0.042880701754385964,17.930599999999952,24.57195999999999,22.75,28.705000000000016,52.603000000000073,42.50255999999991,37.700000000000003,57.700000000000003,110.61100000000023,TIMING_ONLY_RERUN_PROFILE_PREINITIALIZED,NORMALIZED_WAVEFORM_SNR_PS_OVER_PN,Bn_EQUALS_Rs,PLOTTED
BLOCKAGE_M,BLOCKAGE_M,BCH-B200,200,200,248,0.80645161290322576,3.5,2.565783148377649,5000,46680,4813,0.046679999999999999,0.96260000000000001,0.037400000000000003,0.00059999999999999995,0.96199999999999997,0.047217741935483871,32.946899999999971,21.00989999999998,19.299999999999997,23.799999999999997,39.304000000000094,53.956800000000023,49,68.505000000000024,121.81200000000025,TIMING_ONLY_RERUN_PROFILE_PREINITIALIZED,NORMALIZED_WAVEFORM_SNR_PS_OVER_PN,Bn_EQUALS_Rs,PLOTTED
BLOCKAGE_M,BLOCKAGE_M,BCH-B200,200,200,248,0.80645161290322576,3.7,2.765783148377649,5000,43443,4694,0.043443000000000002,0.93879999999999997,0.061199999999999997,0.0011999999999999999,0.93799999999999994,0.044641935483870965,32.946899999999971,21.00989999999998,19.299999999999997,23.799999999999997,39.304000000000094,53.956800000000023,49,68.505000000000024,121.81200000000025,TIMING_ONLY_RERUN_PROFILE_PREINITIALIZED,NORMALIZED_WAVEFORM_SNR_PS_OVER_PN,Bn_EQUALS_Rs,PLOTTED
BLOCKAGE_M,BLOCKAGE_M,BCH-B200,200,200,248,0.80645161290322576,3.9,2.965783148377649,5000,39996,4556,0.039995999999999997,0.91120000000000001,0.088800000000000004,0.00059999999999999995,0.91159999999999997,0.041709677419354836,32.946899999999971,21.00989999999998,19.299999999999997,23.799999999999997,39.304000000000094,53.956800000000023,49,68.505000000000024,121.81200000000025,TIMING_ONLY_RERUN_PROFILE_PREINITIALIZED,NORMALIZED_WAVEFORM_SNR_PS_OVER_PN,Bn_EQUALS_Rs,PLOTTED
BLOCKAGE_M,BLOCKAGE_M,BCH-B200,200,200,248,0.80645161290322576,4.1,3.1657831483776486,5000,36596,4345,0.036595999999999997,0.86899999999999999,0.13100000000000001,0.00080000000000000004,0.86860000000000004,0.039238709677419353,32.946899999999971,21.00989999999998,19.299999999999997,23.799999999999997,39.304000000000094,53.956800000000023,49,68.505000000000024,121.81200000000025,TIMING_ONLY_RERUN_PROFILE_PREINITIALIZED,NORMALIZED_WAVEFORM_SNR_PS_OVER_PN,Bn_EQUALS_Rs,PLOTTED
BLOCKAGE_M,BLOCKAGE_M,BCH-B200,200,200,248,0.80645161290322576,4.3,3.365783148377649,5000,33454,4121,0.033453999999999998,0.82420000000000004,0.17580000000000001,0,0.8256,0.036808870967741936,32.946899999999971,21.00989999999998,19.299999999999997,23.799999999999997,39.304000000000094,53.956800000000023,49,68.505000000000024,121.81200000000025,TIMING_ONLY_RERUN_PROFILE_PREINITIALIZED,NORMALIZED_WAVEFORM_SNR_PS_OVER_PN,Bn_EQUALS_Rs,PLOTTED
BLOCKAGE_M,BLOCKAGE_M,BCH-B200,200,200,248,0.80645161290322576,4.5,3.565783148377649,5000,30319,3887,0.030318999999999999,0.77739999999999998,0.22259999999999999,0.0011999999999999999,0.77759999999999996,0.034596774193548389,32.946899999999971,21.00989999999998,19.299999999999997,23.799999999999997,39.304000000000094,53.956800000000023,49,68.505000000000024,121.81200000000025,TIMING_ONLY_RERUN_PROFILE_PREINITIALIZED,NORMALIZED_WAVEFORM_SNR_PS_OVER_PN,Bn_EQUALS_Rs,PLOTTED
BLOCKAGE_M,BLOCKAGE_M,BCH-B200,200,200,248,0.80645161290322576,4.7,3.765783148377649,5000,26778,3555,0.026778,0.71099999999999997,0.28899999999999998,0.0018,0.71120000000000005,0.032459677419354842,32.946899999999971,21.00989999999998,19.299999999999997,23.799999999999997,39.304000000000094,53.956800000000023,49,68.505000000000024,121.81200000000025,TIMING_ONLY_RERUN_PROFILE_PREINITIALIZED,NORMALIZED_WAVEFORM_SNR_PS_OVER_PN,Bn_EQUALS_Rs,PLOTTED
BLOCKAGE_M,BLOCKAGE_M,BCH-B200,200,200,248,0.80645161290322576,4.9,3.9657831483776493,5000,23814,3261,0.023813999999999998,0.6522,0.3478,0.00020000000000000001,0.65480000000000005,0.030408064516129034,32.946899999999971,21.00989999999998,19.299999999999997,23.799999999999997,39.304000000000094,53.956800000000023,49,68.505000000000024,121.81200000000025,TIMING_ONLY_RERUN_PROFILE_PREINITIALIZED,NORMALIZED_WAVEFORM_SNR_PS_OVER_PN,Bn_EQUALS_Rs,PLOTTED
BLOCKAGE_M,BLOCKAGE_M,BCH-B200,200,200,248,0.80645161290322576,5.1,4.165783148377649,5000,20973,2911,0.020972999999999999,0.58220000000000005,0.4178,0.00059999999999999995,0.58540000000000003,0.02874516129032258,32.946899999999971,21.00989999999998,19.299999999999997,23.799999999999997,39.304000000000094,53.956800000000023,49,68.505000000000024,121.81200000000025,TIMING_ONLY_RERUN_PROFILE_PREINITIALIZED,NORMALIZED_WAVEFORM_SNR_PS_OVER_PN,Bn_EQUALS_Rs,PLOTTED
BLOCKAGE_M,BLOCKAGE_M,BCH-B200,200,200,248,0.80645161290322576,5.3,4.365783148377649,5000,18301,2612,0.018301000000000001,0.52239999999999998,0.47760000000000002,0.001,0.52500000000000002,0.027240322580645161,32.946899999999971,21.00989999999998,19.299999999999997,23.799999999999997,39.304000000000094,53.956800000000023,49,68.505000000000024,121.81200000000025,TIMING_ONLY_RERUN_PROFILE_PREINITIALIZED,NORMALIZED_WAVEFORM_SNR_PS_OVER_PN,Bn_EQUALS_Rs,PLOTTED
BLOCKAGE_M,BLOCKAGE_M,BCH-B200,200,200,248,0.80645161290322576,5.5,4.565783148377649,5000,14906,2157,0.014906000000000001,0.43140000000000001,0.56859999999999999,0.00020000000000000001,0.43580000000000002,0.025298387096774195,32.946899999999971,21.00989999999998,19.299999999999997,23.799999999999997,39.304000000000094,53.956800000000023,49,68.505000000000024,121.81200000000025,TIMING_ONLY_RERUN_PROFILE_PREINITIALIZED,NORMALIZED_WAVEFORM_SNR_PS_OVER_PN,Bn_EQUALS_Rs,PLOTTED
BLOCKAGE_M,BLOCKAGE_M,BCH-B200,200,200,248,0.80645161290322576,5.7,4.76578314837765,5000,12636,1858,0.012636,0.37159999999999999,0.62839999999999996,0.00020000000000000001,0.37759999999999999,0.023881451612903226,32.946899999999971,21.00989999999998,19.299999999999997,23.799999999999997,39.304000000000094,53.956800000000023,49,68.505000000000024,121.81200000000025,TIMING_ONLY_RERUN_PROFILE_PREINITIALIZED,NORMALIZED_WAVEFORM_SNR_PS_OVER_PN,Bn_EQUALS_Rs,PLOTTED
BLOCKAGE_M,BLOCKAGE_M,BCH-B200,200,200,248,0.80645161290322576,5.9,4.96578314837765,5000,11155,1649,0.011155,0.32979999999999998,0.67020000000000002,0.00020000000000000001,0.33700000000000002,0.022815322580645163,32.946899999999971,21.00989999999998,19.299999999999997,23.799999999999997,39.304000000000094,53.956800000000023,49,68.505000000000024,121.81200000000025,TIMING_ONLY_RERUN_PROFILE_PREINITIALIZED,NORMALIZED_WAVEFORM_SNR_PS_OVER_PN,Bn_EQUALS_Rs,PLOTTED
BLOCKAGE_M,BLOCKAGE_M,BCH-B200,200,200,248,0.80645161290322576,6.1,5.165783148377649,5000,9556,1422,0.0095560000000000003,0.28439999999999999,0.71560000000000001,0.00020000000000000001,0.2908,0.021810483870967741,32.946899999999971,21.00989999999998,19.299999999999997,23.799999999999997,39.304000000000094,53.956800000000023,49,68.505000000000024,121.81200000000025,TIMING_ONLY_RERUN_PROFILE_PREINITIALIZED,NORMALIZED_WAVEFORM_SNR_PS_OVER_PN,Bn_EQUALS_Rs,PLOTTED
BLOCKAGE_M,BLOCKAGE_M,BCH-B200,200,200,248,0.80645161290322576,6.3,5.365783148377649,5000,7499,1129,0.0074989999999999996,0.2258,0.7742,0,0.2334,0.020576612903225808,32.946899999999971,21.00989999999998,19.299999999999997,23.799999999999997,39.304000000000094,53.956800000000023,49,68.505000000000024,121.81200000000025,TIMING_ONLY_RERUN_PROFILE_PREINITIALIZED,NORMALIZED_WAVEFORM_SNR_PS_OVER_PN,Bn_EQUALS_Rs,PLOTTED
BLOCKAGE_H,BLOCKAGE_H,BCH-B200,200,200,248,0.80645161290322576,3.5,2.565783148377649,5000,82755,5000,0.082754999999999995,1,0,0.00080000000000000004,0.99919999999999998,0.07962338709677419,34.865959999999916,21.397280000000016,19.700000000000003,24.499999999999993,41.209000000000188,56.263240000000074,50.799999999999997,72.010000000000034,122.90200000000004,TIMING_ONLY_RERUN_PROFILE_PREINITIALIZED,NORMALIZED_WAVEFORM_SNR_PS_OVER_PN,Bn_EQUALS_Rs,PLOTTED
BLOCKAGE_H,BLOCKAGE_H,BCH-B200,200,200,248,0.80645161290322576,3.7,2.765783148377649,5000,80185,4998,0.080185000000000006,0.99960000000000004,0.00040000000000000002,0.001,0.999,0.077214516129032254,34.865959999999916,21.397280000000016,19.700000000000003,24.499999999999993,41.209000000000188,56.263240000000074,50.799999999999997,72.010000000000034,122.90200000000004,TIMING_ONLY_RERUN_PROFILE_PREINITIALIZED,NORMALIZED_WAVEFORM_SNR_PS_OVER_PN,Bn_EQUALS_Rs,PLOTTED
BLOCKAGE_H,BLOCKAGE_H,BCH-B200,200,200,248,0.80645161290322576,3.9,2.965783148377649,5000,77635,4997,0.077634999999999996,0.99939999999999996,0.00059999999999999995,0.0014,0.99839999999999995,0.074497580645161293,34.865959999999916,21.397280000000016,19.700000000000003,24.499999999999993,41.209000000000188,56.263240000000074,50.799999999999997,72.010000000000034,122.90200000000004,TIMING_ONLY_RERUN_PROFILE_PREINITIALIZED,NORMALIZED_WAVEFORM_SNR_PS_OVER_PN,Bn_EQUALS_Rs,PLOTTED
BLOCKAGE_H,BLOCKAGE_H,BCH-B200,200,200,248,0.80645161290322576,4.1,3.1657831483776486,5000,75063,4990,0.075063000000000005,0.998,0.002,0.001,0.999,0.072155645161290319,34.865959999999916,21.397280000000016,19.700000000000003,24.499999999999993,41.209000000000188,56.263240000000074,50.799999999999997,72.010000000000034,122.90200000000004,TIMING_ONLY_RERUN_PROFILE_PREINITIALIZED,NORMALIZED_WAVEFORM_SNR_PS_OVER_PN,Bn_EQUALS_Rs,PLOTTED
BLOCKAGE_H,BLOCKAGE_H,BCH-B200,200,200,248,0.80645161290322576,4.3,3.365783148377649,5000,73675,4985,0.073675000000000004,0.997,0.0030000000000000001,0.001,0.99880000000000002,0.070482258064516135,34.865959999999916,21.397280000000016,19.700000000000003,24.499999999999993,41.209000000000188,56.263240000000074,50.799999999999997,72.010000000000034,122.90200000000004,TIMING_ONLY_RERUN_PROFILE_PREINITIALIZED,NORMALIZED_WAVEFORM_SNR_PS_OVER_PN,Bn_EQUALS_Rs,PLOTTED
BLOCKAGE_H,BLOCKAGE_H,BCH-B200,200,200,248,0.80645161290322576,4.5,3.565783148377649,5000,71133,4974,0.071133000000000002,0.99480000000000002,0.0051999999999999998,0.002,0.99719999999999998,0.067985483870967742,34.865959999999916,21.397280000000016,19.700000000000003,24.499999999999993,41.209000000000188,56.263240000000074,50.799999999999997,72.010000000000034,122.90200000000004,TIMING_ONLY_RERUN_PROFILE_PREINITIALIZED,NORMALIZED_WAVEFORM_SNR_PS_OVER_PN,Bn_EQUALS_Rs,PLOTTED
BLOCKAGE_H,BLOCKAGE_H,BCH-B200,200,200,248,0.80645161290322576,4.7,3.765783148377649,5000,69150,4971,0.069150000000000003,0.99419999999999997,0.0057999999999999996,0.00080000000000000004,0.998,0.06616129032258064,34.865959999999916,21.397280000000016,19.700000000000003,24.499999999999993,41.209000000000188,56.263240000000074,50.799999999999997,72.010000000000034,122.90200000000004,TIMING_ONLY_RERUN_PROFILE_PREINITIALIZED,NORMALIZED_WAVEFORM_SNR_PS_OVER_PN,Bn_EQUALS_Rs,PLOTTED
BLOCKAGE_H,BLOCKAGE_H,BCH-B200,200,200,248,0.80645161290322576,4.9,3.9657831483776493,5000,67240,4954,0.067239999999999994,0.99080000000000001,0.0091999999999999998,0.0011999999999999999,0.99760000000000004,0.064220161290322583,34.865959999999916,21.397280000000016,19.700000000000003,24.499999999999993,41.209000000000188,56.263240000000074,50.799999999999997,72.010000000000034,122.90200000000004,TIMING_ONLY_RERUN_PROFILE_PREINITIALIZED,NORMALIZED_WAVEFORM_SNR_PS_OVER_PN,Bn_EQUALS_Rs,PLOTTED
BLOCKAGE_H,BLOCKAGE_H,BCH-B200,200,200,248,0.80645161290322576,5.1,4.165783148377649,5000,65588,4956,0.065587999999999994,0.99119999999999997,0.0088000000000000005,0.0011999999999999999,0.99739999999999995,0.062461290322580645,34.865959999999916,21.397280000000016,19.700000000000003,24.499999999999993,41.209000000000188,56.263240000000074,50.799999999999997,72.010000000000034,122.90200000000004,TIMING_ONLY_RERUN_PROFILE_PREINITIALIZED,NORMALIZED_WAVEFORM_SNR_PS_OVER_PN,Bn_EQUALS_Rs,PLOTTED
BLOCKAGE_H,BLOCKAGE_H,BCH-B200,200,200,248,0.80645161290322576,5.3,4.365783148377649,5000,63865,4914,0.063865000000000005,0.98280000000000001,0.0172,0.00059999999999999995,0.99760000000000004,0.060880645161290325,34.865959999999916,21.397280000000016,19.700000000000003,24.499999999999993,41.209000000000188,56.263240000000074,50.799999999999997,72.010000000000034,122.90200000000004,TIMING_ONLY_RERUN_PROFILE_PREINITIALIZED,NORMALIZED_WAVEFORM_SNR_PS_OVER_PN,Bn_EQUALS_Rs,PLOTTED
BLOCKAGE_H,BLOCKAGE_H,BCH-B200,200,200,248,0.80645161290322576,5.5,4.565783148377649,5000,62386,4906,0.062385999999999997,0.98119999999999996,0.018800000000000001,0.00059999999999999995,0.99639999999999995,0.059461290322580643,34.865959999999916,21.397280000000016,19.700000000000003,24.499999999999993,41.209000000000188,56.263240000000074,50.799999999999997,72.010000000000034,122.90200000000004,TIMING_ONLY_RERUN_PROFILE_PREINITIALIZED,NORMALIZED_WAVEFORM_SNR_PS_OVER_PN,Bn_EQUALS_Rs,PLOTTED
BLOCKAGE_H,BLOCKAGE_H,BCH-B200,200,200,248,0.80645161290322576,5.7,4.76578314837765,5000,61437,4885,0.061436999999999999,0.97699999999999998,0.023,0.00059999999999999995,0.99580000000000002,0.05844274193548387,34.865959999999916,21.397280000000016,19.700000000000003,24.499999999999993,41.209000000000188,56.263240000000074,50.799999999999997,72.010000000000034,122.90200000000004,TIMING_ONLY_RERUN_PROFILE_PREINITIALIZED,NORMALIZED_WAVEFORM_SNR_PS_OVER_PN,Bn_EQUALS_Rs,PLOTTED
BLOCKAGE_H,BLOCKAGE_H,BCH-B200,200,200,248,0.80645161290322576,5.9,4.96578314837765,5000,60128,4850,0.060128000000000001,0.96999999999999997,0.029999999999999999,0.00080000000000000004,0.99560000000000004,0.057085483870967742,34.865959999999916,21.397280000000016,19.700000000000003,24.499999999999993,41.209000000000188,56.263240000000074,50.799999999999997,72.010000000000034,122.90200000000004,TIMING_ONLY_RERUN_PROFILE_PREINITIALIZED,NORMALIZED_WAVEFORM_SNR_PS_OVER_PN,Bn_EQUALS_Rs,PLOTTED
BLOCKAGE_H,BLOCKAGE_H,BCH-B200,200,200,248,0.80645161290322576,6.1,5.165783148377649,5000,59067,4818,0.059067000000000001,0.96360000000000001,0.036400000000000002,0.00080000000000000004,0.99399999999999999,0.056053225806451612,34.865959999999916,21.397280000000016,19.700000000000003,24.499999999999993,41.209000000000188,56.263240000000074,50.799999999999997,72.010000000000034,122.90200000000004,TIMING_ONLY_RERUN_PROFILE_PREINITIALIZED,NORMALIZED_WAVEFORM_SNR_PS_OVER_PN,Bn_EQUALS_Rs,PLOTTED
BLOCKAGE_H,BLOCKAGE_H,BCH-B200,200,200,248,0.80645161290322576,6.3,5.365783148377649,5000,57580,4792,0.057579999999999999,0.95840000000000003,0.041599999999999998,0.00080000000000000004,0.99360000000000004,0.054695161290322578,34.865959999999916,21.397280000000016,19.700000000000003,24.499999999999993,41.209000000000188,56.263240000000074,50.799999999999997,72.010000000000034,122.90200000000004,TIMING_ONLY_RERUN_PROFILE_PREINITIALIZED,NORMALIZED_WAVEFORM_SNR_PS_OVER_PN,Bn_EQUALS_Rs,PLOTTED
