stage,mode,caseName,payloadLength,encodedLength,organization,correctionCapabilityT,burstLength,relativeStartInSubblock,interleaverMode,payloadCount,legalStartCountPerPayload,totalPatterns,processedFrames,processedBits,bitErrors,frameErrors,BER,FER,trueSuccessRate,reportedSuccessRate,decoderFailureRate,miscorrectionRate,explicitFailureWithWrongPayloadPatterns,averageTouchedSubblocks,averageMaximumSubblockErrorWeight,fractionAllSubblocksWithinGuaranteedRegion,averageSubblocksWithOneError,averageSubblocksWithMoreThanOneError,minimumFailingStart,maximumSuccessfulStart,allStartsGuaranteedCorrect,theoreticalGuaranteedRegion,ferWilson95Low,ferWilson95High,masterSeed,caseSeed,lengthSeed,randomStartSeed,stopReason,runtimeSeconds,configHash,permutationHash,inversePermutationHash,errorWeightConserved,pairedFrameCount
s2-07c,smoke,BCH-S200,200,285,SEGMENTED,1,0,,NONE,500,1,500,500,100000,0,0,0,0,1,1,0,0,0,0,0,1,0,0,,0,true,true,4.3368086899420177e-19,0.0076243404615522412,2026072607,4017947825915577414,6142472192736942299,6142472192736942299,MAXIMUM_FRAMES,0.0054844000000000004,a4fc32eba59cd09a,,,true,0
s2-07c,smoke,BCH-S200,200,285,SEGMENTED,1,1,,NONE,500,285,500,500,100000,0,0,0,0,1,1,0,0,0,1,1,1,1,0,,284,true,true,4.3368086899420177e-19,0.0076243404615522412,2026072607,4017947825915577414,9621336497066466428,9621336497066466428,MAXIMUM_FRAMES,0.0049294999999999999,ea5c14027b1f3499,,,true,0
s2-07c,smoke,BCH-S200,200,285,SEGMENTED,1,2,,NONE,500,284,500,500,100000,1031,450,0.01031,0.90000000000000002,0.10000000000000001,1,0,0.90000000000000002,0,1.0620000000000001,1.9379999999999999,0.062,0.124,0.93799999999999994,0,283,false,false,0.87057809036805989,0.92332243726269836,2026072607,4017947825915577414,5640354087230502487,5640354087230502487,MAXIMUM_FRAMES,0.0066327000000000001,51b485d5500cf03a,,,true,0
s2-07c,smoke,BCH-S200,200,285,SEGMENTED,1,3,,NONE,500,283,500,500,100000,1343,481,0.013429999999999999,0.96199999999999997,0.037999999999999999,1,0,0.96199999999999997,0,1.1279999999999999,2.8719999999999999,0,0.128,1,1,282,false,false,0.94141522746935613,0.97553988194416963,2026072607,4017947825915577414,16030843550405113190,16030843550405113190,MAXIMUM_FRAMES,0.0063232000000000002,ba81f6913420ec54,,,true,0
s2-07c,smoke,BCH-S200,200,285,SEGMENTED,1,4,,NONE,500,282,500,500,100000,1733,485,0.017330000000000002,0.96999999999999997,0.029999999999999999,1,0,0.96999999999999997,0,1.204,3.7240000000000002,0,0.13200000000000001,1.0720000000000001,0,281,false,false,0.95109633316405429,0.98173678680208654,2026072607,4017947825915577414,1735388984397293476,1735388984397293476,MAXIMUM_FRAMES,0.0050886999999999998,ed64c16fcab996a8,,,true,0
s2-07c,smoke,BCH-S200,200,285,SEGMENTED,1,5,,NONE,500,281,500,500,100000,2185,486,0.021850000000000001,0.97199999999999998,0.028000000000000001,1,0,0.97199999999999998,0,1.252,4.6100000000000003,0,0.114,1.1379999999999999,0,280,false,false,0.95355359732505107,0.98324902527924363,2026072607,4017947825915577414,11725738326003446633,11725738326003446633,MAXIMUM_FRAMES,0.0049766999999999997,58f579949d6218a6,,,true,0
s2-07c,smoke,BCH-S200,200,285,SEGMENTED,1,6,,NONE,500,280,500,500,100000,2470,486,0.0247,0.97199999999999998,0.028000000000000001,1,0,0.97199999999999998,0,1.292,5.4560000000000004,0,0.108,1.1839999999999999,0,279,false,false,0.95355359732505107,0.98324902527924363,2026072607,4017947825915577414,3413198687404197003,3413198687404197003,MAXIMUM_FRAMES,0.0048053999999999996,37c29e4279c04446,,,true,0
s2-07c,smoke,BCH-S200,200,285,SEGMENTED,1,7,,NONE,500,279,500,500,100000,2400,492,0.024,0.98399999999999999,0.016,1,0,0.98399999999999999,0,1.3959999999999999,6.2320000000000002,0,0.14399999999999999,1.252,0,278,false,false,0.96874889146660581,0.9918707469666117,2026072607,4017947825915577414,578442061327463775,578442061327463775,MAXIMUM_FRAMES,0.0069858999999999997,e3c52da59ef63d04,,,true,0
s2-07c,smoke,BCH-S200,200,285,SEGMENTED,1,8,,NONE,500,278,500,500,100000,3051,493,0.030509999999999999,0.98599999999999999,0.014,1,0,0.98599999999999999,0,1.48,6.9180000000000001,0,0.14799999999999999,1.3320000000000001,0,275,false,false,0.97138693086221473,0.99320221020915644,2026072607,4017947825915577414,17252338351945625033,17252338351945625033,MAXIMUM_FRAMES,0.006816,c363f2dfe657e60a,,,true,0
s2-07c,smoke,BCH-S200,200,285,SEGMENTED,1,9,,NONE,500,277,500,500,100000,3181,489,0.031809999999999998,0.97799999999999998,0.021999999999999999,1,0,0.97799999999999998,0,1.534,7.6180000000000003,0,0.12,1.4139999999999999,0,276,false,false,0.96103913878868363,0.98767199173007247,2026072607,4017947825915577414,7180172080264513663,7180172080264513663,MAXIMUM_FRAMES,0.0072933,c88a402039d26ebf,,,true,0
s2-07c,smoke,BCH-S200,200,285,SEGMENTED,1,10,,NONE,500,276,500,500,100000,3522,487,0.035220000000000001,0.97399999999999998,0.025999999999999999,1,0,0.97399999999999998,0,1.5940000000000001,8.3740000000000006,0,0.14399999999999999,1.45,0,275,false,false,0.95602850916577575,0.98474361607667282,2026072607,4017947825915577414,6418771243946054147,6418771243946054147,MAXIMUM_FRAMES,0.0071155000000000003,3775debd6a375b8d,,,true,0
s2-07c,smoke,BCH-S200,200,285,SEGMENTED,1,11,,NONE,500,275,500,500,100000,3846,489,0.038460000000000001,0.97799999999999998,0.021999999999999999,1,0,0.97799999999999998,0,1.6459999999999999,9.1099999999999994,0,0.13600000000000001,1.51,0,274,false,false,0.96103913878868363,0.98767199173007247,2026072607,4017947825915577414,14600472746167648424,14600472746167648424,MAXIMUM_FRAMES,0.0051314000000000004,f2b80feacd60ede6,,,true,0
s2-07c,smoke,BCH-S200,200,285,SEGMENTED,1,12,,NONE,500,274,500,500,100000,4234,496,0.042340000000000003,0.99199999999999999,0.0080000000000000002,1,0,0.99199999999999999,0,1.758,9.6180000000000003,0,0.152,1.6060000000000001,1,272,false,false,0.97961296416589483,0.99688468481993775,2026072607,4017947825915577414,11557029430521675905,11557029430521675905,MAXIMUM_FRAMES,0.0053420000000000004,2bfcfc33f637bb0c,,,true,0
s2-07c,smoke,BCH-S200,200,285,SEGMENTED,1,13,,NONE,500,273,500,500,100000,4587,500,0.045870000000000001,1,0,1,0,1,0,1.778,10.244,0,0.122,1.6559999999999999,0,0,false,false,0.99237565953844786,1,2026072607,4017947825915577414,9040976471269520663,9040976471269520663,MAXIMUM_FRAMES,0.0049867999999999996,73306189f9405f07,,,true,0
s2-07c,smoke,BCH-S200,200,285,SEGMENTED,1,14,,NONE,500,272,500,500,100000,4990,500,0.0499,1,0,1,0,1,0,1.8260000000000001,10.73,0,0.108,1.718,0,0,false,false,0.99237565953844786,1,2026072607,4017947825915577414,6497595084431888241,6497595084431888241,MAXIMUM_FRAMES,0.0046861000000000003,10fe5c5daea5c15a,,,true,0
s2-07c,smoke,BCH-S200,200,285,SEGMENTED,1,15,,NONE,500,271,500,500,100000,5347,500,0.053469999999999997,1,0,1,0,1,0,1.9059999999999999,11.412000000000001,0,0.16,1.746,0,0,false,false,0.99237565953844786,1,2026072607,4017947825915577414,2459639486198168758,2459639486198168758,MAXIMUM_FRAMES,0.0047299000000000004,05dfd8a088b81c31,,,true,0
s2-07c,smoke,BCH-S200,200,285,SEGMENTED,1,16,,NONE,500,270,500,500,100000,5759,500,0.057590000000000002,1,0,1,0,1,0,2,11.704000000000001,0,0.14399999999999999,1.8560000000000001,0,0,false,false,0.99237565953844786,1,2026072607,4017947825915577414,13444753107843355724,13444753107843355724,MAXIMUM_FRAMES,0.0051219000000000004,ec01134e055bb335,,,true,0
s2-07c,smoke,BCH-S200,200,285,SEGMENTED,1,17,,NONE,500,269,500,500,100000,6136,500,0.061359999999999998,1,0,1,0,1,0,2.052,11.962,0,0.104,1.948,0,0,false,false,0.99237565953844786,1,2026072607,4017947825915577414,14648268934729853250,14648268934729853250,MAXIMUM_FRAMES,0.0052754999999999998,2be90e66446f5564,,,true,0
s2-07c,smoke,BCH-S200,200,285,SEGMENTED,1,18,,NONE,500,268,500,500,100000,6469,500,0.064689999999999998,1,0,1,0,1,0,2.1680000000000001,12.606,0,0.16800000000000001,2,0,0,false,false,0.99237565953844786,1,2026072607,4017947825915577414,1128042961755240235,1128042961755240235,MAXIMUM_FRAMES,0.0049845000000000002,c6c4ff50e29fded7,,,true,0
s2-07c,smoke,BCH-S200,200,285,SEGMENTED,1,19,,NONE,500,267,500,500,100000,6909,500,0.069089999999999999,1,0,1,0,1,0,2.1899999999999999,12.894,0,0.13400000000000001,2.056,0,0,false,false,0.99237565953844786,1,2026072607,4017947825915577414,16847999186951001930,16847999186951001930,MAXIMUM_FRAMES,0.0061799000000000003,b06607f9a9f0404e,,,true,0
s2-07c,smoke,BCH-S200,200,285,SEGMENTED,1,20,,NONE,500,266,500,500,100000,7137,500,0.071370000000000003,1,0,1,0,1,0,2.242,13.334,0,0.112,2.1299999999999999,0,0,false,false,0.99237565953844786,1,2026072607,4017947825915577414,4505438467468810773,4505438467468810773,MAXIMUM_FRAMES,0.0056084999999999998,b4b4cc51630e4ec7,,,true,0
s2-07c,smoke,BCH-S200,200,285,SEGMENTED,1,21,,NONE,500,265,500,500,100000,7537,500,0.075370000000000006,1,0,1,0,1,0,2.3340000000000001,13.766,0,0.14000000000000001,2.194,0,0,false,false,0.99237565953844786,1,2026072607,4017947825915577414,16685222875482826997,16685222875482826997,MAXIMUM_FRAMES,0.0054263999999999996,99318c1a107cda1f,,,true,0
s2-07c,smoke,BCH-S200,200,285,SEGMENTED,1,22,,NONE,500,264,500,500,100000,7967,500,0.079670000000000005,1,0,1,0,1,0,2.3820000000000001,13.898,0,0.106,2.2759999999999998,0,0,false,false,0.99237565953844786,1,2026072607,4017947825915577414,12788309044484753256,12788309044484753256,MAXIMUM_FRAMES,0.0049344000000000002,34c4dcbced1d724c,,,true,0
s2-07c,smoke,BCH-S200,200,285,SEGMENTED,1,23,,NONE,500,263,500,500,100000,8203,500,0.082030000000000006,1,0,1,0,1,0,2.456,14.16,0,0.14999999999999999,2.306,1,0,false,false,0.99237565953844786,1,2026072607,4017947825915577414,13740447012808603300,13740447012808603300,MAXIMUM_FRAMES,0.0050556999999999998,df218e2f35914430,,,true,0
s2-07c,smoke,BCH-S200,200,285,SEGMENTED,1,24,,NONE,500,262,500,500,100000,8602,500,0.086019999999999999,1,0,1,0,1,0,2.524,14.385999999999999,0,0.128,2.3959999999999999,0,0,false,false,0.99237565953844786,1,2026072607,4017947825915577414,13570371751912539011,13570371751912539011,MAXIMUM_FRAMES,0.0051795000000000001,7ca6b53e77ffa13a,,,true,0
s2-07c,smoke,BCH-S200,200,285,SEGMENTED,1,25,,NONE,500,261,500,500,100000,9021,500,0.090209999999999999,1,0,1,0,1,0,2.6179999999999999,14.603999999999999,0,0.126,2.492,1,0,false,false,0.99237565953844786,1,2026072607,4017947825915577414,6210781106370100180,6210781106370100180,MAXIMUM_FRAMES,0.0053623000000000004,ae8db48a17d9caeb,,,true,0
s2-07c,smoke,BCH-S200,200,285,SEGMENTED,1,26,,NONE,500,260,500,500,100000,9327,500,0.093270000000000006,1,0,1,0,1,0,2.6619999999999999,14.726000000000001,0,0.13,2.532,4,0,false,false,0.99237565953844786,1,2026072607,4017947825915577414,4458853196323289160,4458853196323289160,MAXIMUM_FRAMES,0.0052500000000000003,4700495e1b32f21c,,,true,0
s2-07c,smoke,BCH-S200,200,285,SEGMENTED,1,27,,NONE,500,259,500,500,100000,9785,500,0.097850000000000006,1,0,1,0,1,0,2.726,14.869999999999999,0,0.14199999999999999,2.5840000000000001,1,0,false,false,0.99237565953844786,1,2026072607,4017947825915577414,17364629354612930581,17364629354612930581,MAXIMUM_FRAMES,0.0052503999999999997,28722973e08797c9,,,true,0
s2-07c,smoke,BCH-S200,200,285,SEGMENTED,1,28,,NONE,500,258,500,500,100000,10117,500,0.10117,1,0,1,0,1,0,2.7799999999999998,14.932,0,0.126,2.6539999999999999,0,0,false,false,0.99237565953844786,1,2026072607,4017947825915577414,2441686258686618187,2441686258686618187,MAXIMUM_FRAMES,0.0078548000000000003,408f14e566e3abd7,,,true,0
s2-07c,smoke,BCH-S200,200,285,SEGMENTED,1,29,,NONE,500,257,500,500,100000,10536,500,0.10536,1,0,1,0,1,0,2.8140000000000001,15,0,0.122,2.6920000000000002,0,0,false,false,0.99237565953844786,1,2026072607,4017947825915577414,18067399469375152267,18067399469375152267,MAXIMUM_FRAMES,0.0074064999999999999,538a12882af7d354,,,true,0
s2-07c,smoke,BCH-S200,200,285,SEGMENTED,1,30,,NONE,500,256,500,500,100000,10922,500,0.10922,1,0,1,0,1,0,2.9039999999999999,15,0,0.14599999999999999,2.758,0,0,false,false,0.99237565953844786,1,2026072607,4017947825915577414,7734322170232722805,7734322170232722805,MAXIMUM_FRAMES,0.0049697999999999999,022f9f961e69d706,,,true,0
s2-07c,smoke,BCH-S200,200,285,SEGMENTED,1,31,,NONE,500,255,500,500,100000,11243,500,0.11243,1,0,1,0,1,0,3,15,0,0.13600000000000001,2.8639999999999999,0,0,false,false,0.99237565953844786,1,2026072607,4017947825915577414,14320159573572120405,14320159573572120405,MAXIMUM_FRAMES,0.0077241999999999996,7bd595607fbbc23b,,,true,0
s2-07c,smoke,BCH-S200,200,285,SEGMENTED,1,32,,NONE,500,254,500,500,100000,11547,500,0.11547,1,0,1,0,1,0,3.0600000000000001,15,0,0.12,2.9399999999999999,0,0,false,false,0.99237565953844786,1,2026072607,4017947825915577414,14121150518197644850,14121150518197644850,MAXIMUM_FRAMES,0.0066423000000000003,b0fc4d090f06f326,,,true,0
s2-07c,smoke,BCH-S200,200,285,SEGMENTED,1,40,,NONE,500,246,500,500,100000,14527,500,0.14527000000000001,1,0,1,0,1,0,3.5600000000000001,15,0,0.13,3.4300000000000002,0,0,false,false,0.99237565953844786,1,2026072607,4017947825915577414,1794124450668431439,1794124450668431439,MAXIMUM_FRAMES,0.0049835000000000001,309520bbe82f4cf7,,,true,0
s2-07c,smoke,BCH-S200,200,285,SEGMENTED,1,48,,NONE,500,238,500,500,100000,17348,500,0.17348,1,0,1,0,1,0,4.1340000000000003,15,0,0.13400000000000001,4,0,0,false,false,0.99237565953844786,1,2026072607,4017947825915577414,17540642567548662910,17540642567548662910,MAXIMUM_FRAMES,0.0048596999999999998,7413d9f7a4fba076,,,true,0
s2-07c,smoke,BCH-S200,200,285,SEGMENTED,1,56,,NONE,500,230,500,500,100000,20319,500,0.20319000000000001,1,0,1,0,1,0,4.6520000000000001,15,0,0.14399999999999999,4.508,0,0,false,false,0.99237565953844786,1,2026072607,4017947825915577414,15161388665748272528,15161388665748272528,MAXIMUM_FRAMES,0.0079342000000000006,30dc2c66b6712ebf,,,true,0
s2-07c,smoke,BCH-S200,200,285,SEGMENTED,1,64,,NONE,500,222,500,500,100000,23326,500,0.23326,1,0,1,0,1,0,5.1879999999999997,15,0,0.124,5.0640000000000001,1,0,false,false,0.99237565953844786,1,2026072607,4017947825915577414,7491526243118355287,7491526243118355287,MAXIMUM_FRAMES,0.0082178000000000008,5039eff29339ffa1,,,true,0
s2-07c,smoke,BCH-B200,200,248,WHOLE_BLOCK_SHORTENED,6,0,,NONE,500,1,500,500,100000,0,0,0,0,1,1,0,0,0,0,0,1,0,0,,0,true,true,4.3368086899420177e-19,0.0076243404615522412,2026072607,1634736261696657812,8526850842712178510,8526850842712178510,MAXIMUM_FRAMES,0.0089627999999999999,be980ceec31a9839,,,true,0
s2-07c,smoke,BCH-B200,200,248,WHOLE_BLOCK_SHORTENED,6,1,,NONE,500,248,500,500,100000,0,0,0,0,1,1,0,0,0,1,1,1,1,0,,247,true,true,4.3368086899420177e-19,0.0076243404615522412,2026072607,1634736261696657812,889119839000955771,889119839000955771,MAXIMUM_FRAMES,0.0079892000000000001,dcb71d9b60832140,,,true,0
s2-07c,smoke,BCH-B200,200,248,WHOLE_BLOCK_SHORTENED,6,2,,NONE,500,247,500,500,100000,0,0,0,0,1,1,0,0,0,1,2,1,0,1,,246,true,true,4.3368086899420177e-19,0.0076243404615522412,2026072607,1634736261696657812,3316911228337861567,3316911228337861567,MAXIMUM_FRAMES,0.0089554000000000005,e164fe1ad4acff90,,,true,0
s2-07c,smoke,BCH-B200,200,248,WHOLE_BLOCK_SHORTENED,6,3,,NONE,500,246,500,500,100000,0,0,0,0,1,1,0,0,0,1,3,1,0,1,,245,true,true,4.3368086899420177e-19,0.0076243404615522412,2026072607,1634736261696657812,14070308680367686239,14070308680367686239,MAXIMUM_FRAMES,0.010750900000000001,df00c6472d7efd8a,,,true,0
s2-07c,smoke,BCH-B200,200,248,WHOLE_BLOCK_SHORTENED,6,4,,NONE,500,245,500,500,100000,0,0,0,0,1,1,0,0,0,1,4,1,0,1,,244,true,true,4.3368086899420177e-19,0.0076243404615522412,2026072607,1634736261696657812,17305703104608333416,17305703104608333416,MAXIMUM_FRAMES,0.0094748000000000002,130a76379aa02c4e,,,true,0
s2-07c,smoke,BCH-B200,200,248,WHOLE_BLOCK_SHORTENED,6,5,,NONE,500,244,500,500,100000,0,0,0,0,1,1,0,0,0,1,5,1,0,1,,243,true,true,4.3368086899420177e-19,0.0076243404615522412,2026072607,1634736261696657812,900375294139292588,900375294139292588,MAXIMUM_FRAMES,0.0108147,3af01a80991e496b,,,true,0
s2-07c,smoke,BCH-B200,200,248,WHOLE_BLOCK_SHORTENED,6,6,,NONE,500,243,500,500,100000,0,0,0,0,1,1,0,0,0,1,6,1,0,1,,242,true,true,4.3368086899420177e-19,0.0076243404615522412,2026072607,1634736261696657812,5804698399771143140,5804698399771143140,MAXIMUM_FRAMES,0.011355499999999999,16afbff803e11994,,,true,0
s2-07c,smoke,BCH-B200,200,248,WHOLE_BLOCK_SHORTENED,6,7,,NONE,500,242,500,500,100000,2874,418,0.028740000000000002,0.83599999999999997,0.16400000000000001,0,1,0,418,1,7,0,0,1,0,241,false,false,0.80100536352570861,0.86587107968412824,2026072607,1634736261696657812,6925745749846358003,6925745749846358003,MAXIMUM_FRAMES,0.011554500000000001,deb543204c5d568b,,,true,0
s2-07c,smoke,BCH-B200,200,248,WHOLE_BLOCK_SHORTENED,6,8,,NONE,500,241,500,500,100000,3290,418,0.032899999999999999,0.83599999999999997,0.16400000000000001,0,1,0,418,1,8,0,0,1,0,240,false,false,0.80100536352570861,0.86587107968412824,2026072607,1634736261696657812,16532632599329836257,16532632599329836257,MAXIMUM_FRAMES,0.0113759,f16a02c2e7b3448f,,,true,0
s2-07c,smoke,BCH-B200,200,248,WHOLE_BLOCK_SHORTENED,6,9,,NONE,500,240,500,500,100000,3597,407,0.035970000000000002,0.81399999999999995,0.186,0,1,0,407,1,9,0,0,1,0,239,false,false,0.77754590594021533,0.84566600824992977,2026072607,1634736261696657812,9853511454458455286,9853511454458455286,MAXIMUM_FRAMES,0.010753499999999999,9fb9df2a4449a43d,,,true,0
s2-07c,smoke,BCH-B200,200,248,WHOLE_BLOCK_SHORTENED,6,10,,NONE,500,239,500,500,100000,4025,412,0.040250000000000001,0.82399999999999995,0.17599999999999999,0,1,0,412,1,10,0,0,1,0,238,false,false,0.78818582871064002,0.85487359867027402,2026072607,1634736261696657812,3643475383375755839,3643475383375755839,MAXIMUM_FRAMES,0.011528099999999999,34694c38b65cd2f8,,,true,0
s2-07c,smoke,BCH-B200,200,248,WHOLE_BLOCK_SHORTENED,6,11,,NONE,500,238,500,500,100000,4475,412,0.044749999999999998,0.82399999999999995,0.17599999999999999,0,1,0,412,1,11,0,0,1,0,237,false,false,0.78818582871064002,0.85487359867027402,2026072607,1634736261696657812,15431653708041872298,15431653708041872298,MAXIMUM_FRAMES,0.012779799999999999,ed3d88acc237ceeb,,,true,0
s2-07c,smoke,BCH-B200,200,248,WHOLE_BLOCK_SHORTENED,6,12,,NONE,500,237,500,500,100000,4918,416,0.049180000000000001,0.83199999999999996,0.16800000000000001,0,1,0,416,1,12,0,0,1,0,236,false,false,0.7967256709103735,0.86221176702315583,2026072607,1634736261696657812,13433694996622906046,13433694996622906046,MAXIMUM_FRAMES,0.010658600000000001,c4578b8ab07c9a06,,,true,0
s2-07c,smoke,BCH-B200,200,248,WHOLE_BLOCK_SHORTENED,6,13,,NONE,500,236,500,500,100000,5435,439,0.054350000000000002,0.878,0.122,0,1,0,439,1,13,0,0,1,1,235,false,false,0.84639527692616023,0.90384072168490626,2026072607,1634736261696657812,1245156857434951663,1245156857434951663,MAXIMUM_FRAMES,0.0110942,d2cb540fcf5c8eea,,,true,0
s2-07c,smoke,BCH-B200,200,248,WHOLE_BLOCK_SHORTENED,6,14,,NONE,500,235,500,500,100000,5643,415,0.056430000000000001,0.82999999999999996,0.17000000000000001,0,1,0,415,1,14,0,0,1,0,234,false,false,0.79458830139933667,0.86037963389603878,2026072607,1634736261696657812,6640213034729549405,6640213034729549405,MAXIMUM_FRAMES,0.0116287,b3698d4aeb70ff8c,,,true,0
s2-07c,smoke,BCH-B200,200,248,WHOLE_BLOCK_SHORTENED,6,15,,NONE,500,234,500,500,100000,6095,420,0.060949999999999997,0.83999999999999997,0.16,0,1,0,420,1,15,0,0,1,0,233,false,false,0.80529182083630846,0.86952362764983593,2026072607,1634736261696657812,15333615203300855710,15333615203300855710,MAXIMUM_FRAMES,0.010901599999999999,a15e4476118933f3,,,true,0
s2-07c,smoke,BCH-B200,200,248,WHOLE_BLOCK_SHORTENED,6,16,,NONE,500,233,500,500,100000,6360,417,0.063600000000000004,0.83399999999999996,0.16600000000000001,0,1,0,417,1,16,0,0,1,0,232,false,false,0.79886468380269315,0.86404225676898982,2026072607,1634736261696657812,7883189826616155763,7883189826616155763,MAXIMUM_FRAMES,0.0114672,8f23129cc71655d7,,,true,0
s2-07c,smoke,BCH-B200,200,248,WHOLE_BLOCK_SHORTENED,6,17,,NONE,500,232,500,500,100000,6872,422,0.068720000000000003,0.84399999999999997,0.156,0,1,0,422,1,17,0,0,1,0,231,false,false,0.80958524516629704,0.8731692085961551,2026072607,1634736261696657812,15821748624210019375,15821748624210019375,MAXIMUM_FRAMES,0.012812,5ab0d8b8bf0ea206,,,true,0
s2-07c,smoke,BCH-B200,200,248,WHOLE_BLOCK_SHORTENED,6,18,,NONE,500,231,500,500,100000,7341,424,0.073410000000000003,0.84799999999999998,0.152,0,1,0,424,1,18,0,0,1,2,230,false,false,0.81388585171256134,0.87680760732619833,2026072607,1634736261696657812,7202995624115547621,7202995624115547621,MAXIMUM_FRAMES,0.0129324,e803d78ead01db84,,,true,0
s2-07c,smoke,BCH-B200,200,248,WHOLE_BLOCK_SHORTENED,6,19,,NONE,500,230,500,500,100000,7831,436,0.078310000000000005,0.872,0.128,0,1,0,436,1,19,0,0,1,0,229,false,false,0.83985431469184169,0.8984731760047634,2026072607,1634736261696657812,2680486099467224081,2680486099467224081,MAXIMUM_FRAMES,0.0117853,e1793bab5569caff,,,true,0
s2-07c,smoke,BCH-B200,200,248,WHOLE_BLOCK_SHORTENED,6,20,,NONE,500,229,500,500,100000,8663,450,0.086629999999999999,0.90000000000000002,0.10000000000000001,0,1,0,450,1,20,0,0,1,0,228,false,false,0.87057809036805989,0.92332243726269836,2026072607,1634736261696657812,5572942300075720172,5572942300075720172,MAXIMUM_FRAMES,0.0137856,1ee7f1cd9f32755a,,,true,0
s2-07c,smoke,BCH-B200,200,248,WHOLE_BLOCK_SHORTENED,6,21,,NONE,500,228,500,500,100000,8676,434,0.086760000000000004,0.86799999999999999,0.13200000000000001,0,1,0,434,1,21,0,0,1,1,227,false,false,0.83550520926861749,0.89488327615168006,2026072607,1634736261696657812,18391603491479309251,18391603491479309251,MAXIMUM_FRAMES,0.0117774,bc379ad820b7cbcb,,,true,0
s2-07c,smoke,BCH-B200,200,248,WHOLE_BLOCK_SHORTENED,6,22,,NONE,500,227,500,500,100000,8984,436,0.089840000000000003,0.872,0.128,0,1,0,436,1,22,0,0,1,0,226,false,false,0.83985431469184169,0.8984731760047634,2026072607,1634736261696657812,5669168345862602884,5669168345862602884,MAXIMUM_FRAMES,0.010953900000000001,e5f0b54d159b5b31,,,true,0
s2-07c,smoke,BCH-B200,200,248,WHOLE_BLOCK_SHORTENED,6,23,,NONE,500,226,500,500,100000,9442,435,0.094420000000000004,0.87,0.13,0,1,0,435,1,23,0,0,1,0,225,false,false,0.83767863842308588,0.89667934963536555,2026072607,1634736261696657812,6482890094346497744,6482890094346497744,MAXIMUM_FRAMES,0.0123404,aea99fb4292cbcf8,,,true,0
s2-07c,smoke,BCH-B200,200,248,WHOLE_BLOCK_SHORTENED,6,24,,NONE,500,225,500,500,100000,9937,446,0.09937,0.89200000000000002,0.108,0,1,0,446,1,24,0,0,1,0,224,false,false,0.86174532671519344,0.91627719036294974,2026072607,1634736261696657812,17474955019914270772,17474955019914270772,MAXIMUM_FRAMES,0.014027,e19d0c111d47d7e0,,,true,0
s2-07c,smoke,BCH-B200,200,248,WHOLE_BLOCK_SHORTENED,6,25,,NONE,500,224,500,500,100000,10490,453,0.10489999999999999,0.90600000000000003,0.094,0,1,0,453,1,25,0,0,1,1,223,false,false,0.87723544413744092,0.92857359140777873,2026072607,1634736261696657812,6053644079452194627,6053644079452194627,MAXIMUM_FRAMES,0.010992099999999999,f33a5ea1598cada9,,,true,0
s2-07c,smoke,BCH-B200,200,248,WHOLE_BLOCK_SHORTENED,6,26,,NONE,500,223,500,500,100000,10874,448,0.10874,0.89600000000000002,0.104,0,1,0,448,1,26,0,0,1,0,222,false,false,0.86615572912434169,0.91980579323010903,2026072607,1634736261696657812,14117135710608366585,14117135710608366585,MAXIMUM_FRAMES,0.0127268,3a92c18ab5cf1b0d,,,true,0
s2-07c,smoke,BCH-B200,200,248,WHOLE_BLOCK_SHORTENED,6,27,,NONE,500,222,500,500,100000,11207,450,0.11207,0.90000000000000002,0.10000000000000001,0,1,0,450,1,27,0,0,1,1,221,false,false,0.87057809036805989,0.92332243726269836,2026072607,1634736261696657812,16764453155028255964,16764453155028255964,MAXIMUM_FRAMES,0.011879600000000001,01eb689b6a6fab5c,,,true,0
s2-07c,smoke,BCH-B200,200,248,WHOLE_BLOCK_SHORTENED,6,28,,NONE,500,221,500,500,100000,11570,446,0.1157,0.89200000000000002,0.108,0,1,0,446,1,28,0,0,1,0,220,false,false,0.86174532671519344,0.91627719036294974,2026072607,1634736261696657812,16366176056192114911,16366176056192114911,MAXIMUM_FRAMES,0.012049799999999999,2338f8795a284993,,,true,0
s2-07c,smoke,BCH-B200,200,248,WHOLE_BLOCK_SHORTENED,6,29,,NONE,500,220,500,500,100000,12723,465,0.12723000000000001,0.93000000000000005,0.070000000000000007,0,1,0,465,1,29,0,0,1,0,219,false,false,0.90420281014808324,0.94924025705498205,2026072607,1634736261696657812,10663575175875396789,10663575175875396789,MAXIMUM_FRAMES,0.0112075,0dfbbea3932306ca,,,true,0
s2-07c,smoke,BCH-B200,200,248,WHOLE_BLOCK_SHORTENED,6,30,,NONE,500,219,500,500,100000,12786,459,0.12786,0.91800000000000004,0.082000000000000003,0,1,0,459,1,30,0,0,1,0,218,false,false,0.89064514084261137,0.9389809105315311,2026072607,1634736261696657812,2728908726662535201,2728908726662535201,MAXIMUM_FRAMES,0.011496599999999999,7e74ccb930429630,,,true,0
s2-07c,smoke,BCH-B200,200,248,WHOLE_BLOCK_SHORTENED,6,31,,NONE,500,218,500,500,100000,13282,463,0.13281999999999999,0.92600000000000005,0.073999999999999996,0,1,0,463,1,31,0,0,1,0,217,false,false,0.89966524667776948,0.94583881524898805,2026072607,1634736261696657812,8865605509543407729,8865605509543407729,MAXIMUM_FRAMES,0.0115642,9b012cbbd9385f43,,,true,0
s2-07c,smoke,BCH-B200,200,248,WHOLE_BLOCK_SHORTENED,6,32,,NONE,500,217,500,500,100000,13771,463,0.13771,0.92600000000000005,0.073999999999999996,0,1,0,463,1,32,0,0,1,0,216,false,false,0.89966524667776948,0.94583881524898805,2026072607,1634736261696657812,2018497159131731907,2018497159131731907,MAXIMUM_FRAMES,0.011609400000000001,28ca8afb5f913892,,,true,0
s2-07c,smoke,BCH-B200,200,248,WHOLE_BLOCK_SHORTENED,6,40,,NONE,500,209,500,500,100000,17105,477,0.17105000000000001,0.95399999999999996,0.045999999999999999,0,1,0,477,1,40,0,0,1,0,208,false,false,0.9319222072317267,0.96915489162918378,2026072607,1634736261696657812,8151700446292320112,8151700446292320112,MAXIMUM_FRAMES,0.0108897,092f045bb030c8fc,,,true,0
s2-07c,smoke,BCH-B200,200,248,WHOLE_BLOCK_SHORTENED,6,48,,NONE,500,201,500,500,100000,20705,500,0.20705000000000001,1,0,0,1,0,500,1,48,0,0,1,0,0,false,false,0.99237565953844786,1,2026072607,1634736261696657812,12549285428816689792,12549285428816689792,MAXIMUM_FRAMES,0.011432299999999999,5195f991c39a7a24,,,true,0
s2-07c,smoke,BCH-B200,200,248,WHOLE_BLOCK_SHORTENED,6,56,,NONE,500,193,500,500,100000,24731,500,0.24731,1,0,0,1,0,500,1,56,0,0,1,0,0,false,false,0.99237565953844786,1,2026072607,1634736261696657812,13289492695586729036,13289492695586729036,MAXIMUM_FRAMES,0.011594500000000001,4d2c222bb783eaff,,,true,0
s2-07c,smoke,BCH-B200,200,248,WHOLE_BLOCK_SHORTENED,6,64,,NONE,500,185,500,500,100000,28166,500,0.28166000000000002,1,0,0,1,0,500,1,64,0,0,1,0,0,false,false,0.99237565953844786,1,2026072607,1634736261696657812,6147047225019566975,6147047225019566975,MAXIMUM_FRAMES,0.012304799999999999,13600f98d4beebe8,,,true,0
s2-07c,smoke,BCH-S300,300,420,SEGMENTED,1,0,,NONE,500,1,500,500,150000,0,0,0,0,1,1,0,0,0,0,0,1,0,0,,0,true,true,4.3368086899420177e-19,0.0076243404615522412,2026072607,10005808911069659570,12945100786885778195,12945100786885778195,MAXIMUM_FRAMES,0.0088377999999999998,fd28e2e0c102bdfc,,,true,0
s2-07c,smoke,BCH-S300,300,420,SEGMENTED,1,1,,NONE,500,420,500,500,150000,0,0,0,0,1,1,0,0,0,1,1,1,1,0,,419,true,true,4.3368086899420177e-19,0.0076243404615522412,2026072607,10005808911069659570,10848967929944152390,10848967929944152390,MAXIMUM_FRAMES,0.0088573000000000002,8c347f36e997ca8f,,,true,0
s2-07c,smoke,BCH-S300,300,420,SEGMENTED,1,2,,NONE,500,419,500,500,150000,1040,462,0.006933333333333333,0.92400000000000004,0.075999999999999998,1,0,0.92400000000000004,0,1.0600000000000001,1.9399999999999999,0.059999999999999998,0.12,0.93999999999999995,0,417,false,false,0.89740358632603157,0.94413097296257231,2026072607,10005808911069659570,13533003870586228306,13533003870586228306,MAXIMUM_FRAMES,0.0078843000000000003,6bfd801ffdf059bb,,,true,0
s2-07c,smoke,BCH-S300,300,420,SEGMENTED,1,3,,NONE,500,418,500,500,150000,1346,492,0.0089733333333333332,0.98399999999999999,0.016,1,0,0.98399999999999999,0,1.1419999999999999,2.8580000000000001,0,0.14199999999999999,1,0,417,false,false,0.96874889146660581,0.9918707469666117,2026072607,10005808911069659570,18142870433938997793,18142870433938997793,MAXIMUM_FRAMES,0.0099451000000000001,29ec59531d14acbb,,,true,0
s2-07c,smoke,BCH-S300,300,420,SEGMENTED,1,4,,NONE,500,417,500,500,150000,1809,492,0.01206,0.98399999999999999,0.016,1,0,0.98399999999999999,0,1.1719999999999999,3.79,0,0.13400000000000001,1.038,1,413,false,false,0.96874889146660581,0.9918707469666117,2026072607,10005808911069659570,17786800579348279966,17786800579348279966,MAXIMUM_FRAMES,0.0093307000000000008,39df3825000beae4,,,true,0
s2-07c,smoke,BCH-S300,300,420,SEGMENTED,1,5,,NONE,500,416,500,500,150000,2186,497,0.014573333333333334,0.99399999999999999,0.0060000000000000001,1,0,0.99399999999999999,0,1.294,4.5579999999999998,0,0.14599999999999999,1.1479999999999999,0,415,false,false,0.98250974789594669,0.99795740372803976,2026072607,10005808911069659570,3922052907045332478,3922052907045332478,MAXIMUM_FRAMES,0.0077898000000000004,fecf58e86d92d453,,,true,0
s2-07c,smoke,BCH-S300,300,420,SEGMENTED,1,6,,NONE,500,415,500,500,150000,2548,498,0.016986666666666667,0.996,0.0040000000000000001,1,0,0.996,0,1.3080000000000001,5.4359999999999999,0,0.13,1.1779999999999999,0,412,false,false,0.98553428478482308,0.99890236947731725,2026072607,10005808911069659570,11550230368595441278,11550230368595441278,MAXIMUM_FRAMES,0.0083622999999999996,8adbc6310abec1b2,,,true,0
s2-07c,smoke,BCH-S300,300,420,SEGMENTED,1,7,,NONE,500,414,500,500,150000,2416,496,0.016106666666666665,0.99199999999999999,0.0080000000000000002,1,0,0.99199999999999999,0,1.3740000000000001,6.266,0,0.128,1.246,0,413,false,false,0.97961296416589483,0.99688468481993775,2026072607,10005808911069659570,4958808046588775833,4958808046588775833,MAXIMUM_FRAMES,0.0106514,2604a9d36a2c2882,,,true,0
s2-07c,smoke,BCH-S300,300,420,SEGMENTED,1,8,,NONE,500,413,500,500,150000,3140,496,0.020933333333333335,0.99199999999999999,0.0080000000000000002,1,0,0.99199999999999999,0,1.4379999999999999,7.0700000000000003,0,0.14599999999999999,1.292,0,410,false,false,0.97961296416589483,0.99688468481993775,2026072607,10005808911069659570,13693728842573621080,13693728842573621080,MAXIMUM_FRAMES,0.0104239,173c4aeb27d804a7,,,true,0
s2-07c,smoke,BCH-S300,300,420,SEGMENTED,1,9,,NONE,500,412,500,500,150000,3193,494,0.021286666666666666,0.98799999999999999,0.012,1,0,0.98799999999999999,0,1.542,7.6360000000000001,0,0.13,1.4119999999999999,0,411,false,false,0.97406963888355269,0.99448900482597236,2026072607,10005808911069659570,1077535610364462312,1077535610364462312,MAXIMUM_FRAMES,0.0089467000000000001,cad4f706f58b4a6f,,,true,0
s2-07c,smoke,BCH-S300,300,420,SEGMENTED,1,10,,NONE,500,411,500,500,150000,3665,494,0.024433333333333335,0.98799999999999999,0.012,1,0,0.98799999999999999,0,1.5880000000000001,8.3279999999999994,0,0.104,1.484,0,410,false,false,0.97406963888355269,0.99448900482597236,2026072607,10005808911069659570,9322268736733304657,9322268736733304657,MAXIMUM_FRAMES,0.0082026000000000009,4a5d4da02f5a2def,,,true,0
s2-07c,smoke,BCH-S300,300,420,SEGMENTED,1,11,,NONE,500,410,500,500,150000,3945,497,0.0263,0.99399999999999999,0.0060000000000000001,1,0,0.99399999999999999,0,1.6519999999999999,9.0099999999999998,0,0.122,1.53,0,408,false,false,0.98250974789594669,0.99795740372803976,2026072607,10005808911069659570,15332883568349115657,15332883568349115657,MAXIMUM_FRAMES,0.0090319000000000007,211474b11d2f8eac,,,true,0
s2-07c,smoke,BCH-S300,300,420,SEGMENTED,1,12,,NONE,500,409,500,500,150000,4219,497,0.028126666666666668,0.99399999999999999,0.0060000000000000001,1,0,0.99399999999999999,0,1.754,9.4719999999999995,0,0.14199999999999999,1.6120000000000001,0,408,false,false,0.98250974789594669,0.99795740372803976,2026072607,10005808911069659570,9936353396393369976,9936353396393369976,MAXIMUM_FRAMES,0.0100953,f6bbaee0392ac5d2,,,true,0
s2-07c,smoke,BCH-S300,300,420,SEGMENTED,1,13,,NONE,500,408,500,500,150000,4739,500,0.031593333333333334,1,0,1,0,1,0,1.788,10.183999999999999,0,0.11,1.6779999999999999,0,0,false,false,0.99237565953844786,1,2026072607,10005808911069659570,568125826331953805,568125826331953805,MAXIMUM_FRAMES,0.0098785999999999995,392c5b79ad66eb41,,,true,0
s2-07c,smoke,BCH-S300,300,420,SEGMENTED,1,14,,NONE,500,407,500,500,150000,5122,500,0.034146666666666665,1,0,1,0,1,0,1.8600000000000001,10.74,0,0.126,1.734,1,0,false,false,0.99237565953844786,1,2026072607,10005808911069659570,12480292504368282952,12480292504368282952,MAXIMUM_FRAMES,0.0090326,6f887ef0e6262a8d,,,true,0
s2-07c,smoke,BCH-S300,300,420,SEGMENTED,1,15,,NONE,500,406,500,500,150000,5404,500,0.036026666666666665,1,0,1,0,1,0,1.9379999999999999,11.273999999999999,0,0.114,1.8240000000000001,0,0,false,false,0.99237565953844786,1,2026072607,10005808911069659570,7153744158337532346,7153744158337532346,MAXIMUM_FRAMES,0.0080633000000000007,cabea65e803be3a5,,,true,0
s2-07c,smoke,BCH-S300,300,420,SEGMENTED,1,16,,NONE,500,405,500,500,150000,5757,500,0.038379999999999997,1,0,1,0,1,0,2,11.686,0,0.13,1.8700000000000001,0,0,false,false,0.99237565953844786,1,2026072607,10005808911069659570,13012080238363114636,13012080238363114636,MAXIMUM_FRAMES,0.0080651999999999998,36591dd91375466c,,,true,0
s2-07c,smoke,BCH-S300,300,420,SEGMENTED,1,17,,NONE,500,404,500,500,150000,6085,500,0.040566666666666668,1,0,1,0,1,0,2.0680000000000001,12.167999999999999,0,0.13600000000000001,1.9319999999999999,0,0,false,false,0.99237565953844786,1,2026072607,10005808911069659570,15383346833692189589,15383346833692189589,MAXIMUM_FRAMES,0.0092972999999999997,ea26d0b0dfcbda6b,,,true,0
s2-07c,smoke,BCH-S300,300,420,SEGMENTED,1,18,,NONE,500,403,500,500,150000,6547,500,0.043646666666666667,1,0,1,0,1,0,2.1299999999999999,12.625999999999999,0,0.13,2,0,0,false,false,0.99237565953844786,1,2026072607,10005808911069659570,12595887830436951153,12595887830436951153,MAXIMUM_FRAMES,0.008626,8416fa16a28472fe,,,true,0
s2-07c,smoke,BCH-S300,300,420,SEGMENTED,1,19,,NONE,500,402,500,500,150000,6814,500,0.045426666666666664,1,0,1,0,1,0,2.206,13.006,0,0.128,2.0779999999999998,0,0,false,false,0.99237565953844786,1,2026072607,10005808911069659570,14846543798863526297,14846543798863526297,MAXIMUM_FRAMES,0.0094415000000000002,6004d0369b5e7d5d,,,true,0
s2-07c,smoke,BCH-S300,300,420,SEGMENTED,1,20,,NONE,500,401,500,500,150000,7291,500,0.048606666666666666,1,0,1,0,1,0,2.262,13.343999999999999,0,0.13200000000000001,2.1299999999999999,1,0,false,false,0.99237565953844786,1,2026072607,10005808911069659570,1854904982085590202,1854904982085590202,MAXIMUM_FRAMES,0.0073772000000000004,1c76f7afc06310dd,,,true,0
s2-07c,smoke,BCH-S300,300,420,SEGMENTED,1,21,,NONE,500,400,500,500,150000,7666,500,0.051106666666666668,1,0,1,0,1,0,2.3340000000000001,13.598000000000001,0,0.14599999999999999,2.1880000000000002,0,0,false,false,0.99237565953844786,1,2026072607,10005808911069659570,14337885963671678849,14337885963671678849,MAXIMUM_FRAMES,0.0076655999999999998,9308ebd127cab90f,,,true,0
s2-07c,smoke,BCH-S300,300,420,SEGMENTED,1,22,,NONE,500,399,500,500,150000,8044,500,0.05362666666666667,1,0,1,0,1,0,2.3420000000000001,13.818,0,0.106,2.2360000000000002,0,0,false,false,0.99237565953844786,1,2026072607,10005808911069659570,5601236450870155005,5601236450870155005,MAXIMUM_FRAMES,0.0084738999999999995,c74e54c5ff50a5a0,,,true,0
s2-07c,smoke,BCH-S300,300,420,SEGMENTED,1,23,,NONE,500,398,500,500,150000,8306,500,0.05537333333333333,1,0,1,0,1,0,2.5099999999999998,14.26,0,0.16600000000000001,2.3439999999999999,0,0,false,false,0.99237565953844786,1,2026072607,10005808911069659570,2434939610171538647,2434939610171538647,MAXIMUM_FRAMES,0.0083978000000000004,76085818e257c185,,,true,0
s2-07c,smoke,BCH-S300,300,420,SEGMENTED,1,24,,NONE,500,397,500,500,150000,8742,500,0.058279999999999998,1,0,1,0,1,0,2.4940000000000002,14.348000000000001,0,0.10199999999999999,2.3919999999999999,0,0,false,false,0.99237565953844786,1,2026072607,10005808911069659570,11487366702018243304,11487366702018243304,MAXIMUM_FRAMES,0.0083294000000000007,d0995c4dd7a9010a,,,true,0
s2-07c,smoke,BCH-S300,300,420,SEGMENTED,1,25,,NONE,500,396,500,500,150000,9116,500,0.060773333333333332,1,0,1,0,1,0,2.6099999999999999,14.625999999999999,0,0.14799999999999999,2.4620000000000002,1,0,false,false,0.99237565953844786,1,2026072607,10005808911069659570,13190804214753277864,13190804214753277864,MAXIMUM_FRAMES,0.0070881,2db5f061e8212dec,,,true,0
s2-07c,smoke,BCH-S300,300,420,SEGMENTED,1,26,,NONE,500,395,500,500,150000,9450,500,0.063,1,0,1,0,1,0,2.6899999999999999,14.808,0,0.11,2.5800000000000001,3,0,false,false,0.99237565953844786,1,2026072607,10005808911069659570,13264869540255875875,13264869540255875875,MAXIMUM_FRAMES,0.0073360999999999999,6c08bccb28738448,,,true,0
s2-07c,smoke,BCH-S300,300,420,SEGMENTED,1,27,,NONE,500,394,500,500,150000,9873,500,0.065820000000000004,1,0,1,0,1,0,2.7240000000000002,14.853999999999999,0,0.13200000000000001,2.5920000000000001,1,0,false,false,0.99237565953844786,1,2026072607,10005808911069659570,8635780724249552868,8635780724249552868,MAXIMUM_FRAMES,0.0071468,d3ff2c6a10a39e92,,,true,0
s2-07c,smoke,BCH-S300,300,420,SEGMENTED,1,28,,NONE,500,393,500,500,150000,10175,500,0.067833333333333329,1,0,1,0,1,0,2.7719999999999998,14.93,0,0.128,2.6440000000000001,0,0,false,false,0.99237565953844786,1,2026072607,10005808911069659570,499839465572491057,499839465572491057,MAXIMUM_FRAMES,0.0078069000000000003,586bd34b75dc20b4,,,true,0
s2-07c,smoke,BCH-S300,300,420,SEGMENTED,1,29,,NONE,500,392,500,500,150000,10595,500,0.07063333333333334,1,0,1,0,1,0,2.8620000000000001,15,0,0.14799999999999999,2.714,0,0,false,false,0.99237565953844786,1,2026072607,10005808911069659570,7895473000134931628,7895473000134931628,MAXIMUM_FRAMES,0.0072452999999999997,e8591dddb86c6204,,,true,0
s2-07c,smoke,BCH-S300,300,420,SEGMENTED,1,30,,NONE,500,391,500,500,150000,10923,500,0.072819999999999996,1,0,1,0,1,0,2.9399999999999999,15,0,0.13400000000000001,2.806,0,0,false,false,0.99237565953844786,1,2026072607,10005808911069659570,14161951804318349618,14161951804318349618,MAXIMUM_FRAMES,0.0087182000000000006,75a45afdbfd98302,,,true,0
s2-07c,smoke,BCH-S300,300,420,SEGMENTED,1,31,,NONE,500,390,500,500,150000,11285,500,0.075233333333333333,1,0,1,0,1,0,3,15,0,0.13600000000000001,2.8639999999999999,1,0,false,false,0.99237565953844786,1,2026072607,10005808911069659570,2494909341792388279,2494909341792388279,MAXIMUM_FRAMES,0.0093393999999999994,4a6fbd9d24b2eff7,,,true,0
s2-07c,smoke,BCH-S300,300,420,SEGMENTED,1,32,,NONE,500,389,500,500,150000,11668,500,0.077786666666666671,1,0,1,0,1,0,3.0859999999999999,15,0,0.17199999999999999,2.9140000000000001,0,0,false,false,0.99237565953844786,1,2026072607,10005808911069659570,18303092197681472753,18303092197681472753,MAXIMUM_FRAMES,0.0072326999999999999,305eb7f3e9b19c72,,,true,0
s2-07c,smoke,BCH-S300,300,420,SEGMENTED,1,40,,NONE,500,381,500,500,150000,14531,500,0.096873333333333339,1,0,1,0,1,0,3.6080000000000001,15,0,0.128,3.48,1,0,false,false,0.99237565953844786,1,2026072607,10005808911069659570,680755992109332004,680755992109332004,MAXIMUM_FRAMES,0.0071504999999999997,de8b87ce84fa4c78,,,true,0
s2-07c,smoke,BCH-S300,300,420,SEGMENTED,1,48,,NONE,500,373,500,500,150000,17567,500,0.11711333333333333,1,0,1,0,1,0,4.1100000000000003,15,0,0.11,4,0,0,false,false,0.99237565953844786,1,2026072607,10005808911069659570,4439355219841685429,4439355219841685429,MAXIMUM_FRAMES,0.0088400000000000006,5d4974a5cbe0a9cf,,,true,0
s2-07c,smoke,BCH-S300,300,420,SEGMENTED,1,56,,NONE,500,365,500,500,150000,20414,500,0.13609333333333334,1,0,1,0,1,0,4.702,15,0,0.108,4.5940000000000003,1,0,false,false,0.99237565953844786,1,2026072607,10005808911069659570,16039142509864767733,16039142509864767733,MAXIMUM_FRAMES,0.0081635000000000006,9b77191627d80a6c,,,true,0
s2-07c,smoke,BCH-S300,300,420,SEGMENTED,1,64,,NONE,500,357,500,500,150000,23402,500,0.15601333333333334,1,0,1,0,1,0,5.202,15,0,0.13800000000000001,5.0640000000000001,0,0,false,false,0.99237565953844786,1,2026072607,10005808911069659570,4446976463689758971,4446976463689758971,MAXIMUM_FRAMES,0.0090430000000000007,7fe232098bbb12fa,,,true,0
s2-07c,smoke,BCH-B300,300,390,WHOLE_BLOCK_SHORTENED,10,0,,NONE,500,1,500,500,150000,0,0,0,0,1,1,0,0,0,0,0,1,0,0,,0,true,true,4.3368086899420177e-19,0.0076243404615522412,2026072607,16952284447138302587,9283658908215209779,9283658908215209779,MAXIMUM_FRAMES,0.016252200000000001,2f58df597280e5b4,,,true,0
s2-07c,smoke,BCH-B300,300,390,WHOLE_BLOCK_SHORTENED,10,1,,NONE,500,390,500,500,150000,0,0,0,0,1,1,0,0,0,1,1,1,1,0,,389,true,true,4.3368086899420177e-19,0.0076243404615522412,2026072607,16952284447138302587,17537140417558812087,17537140417558812087,MAXIMUM_FRAMES,0.018453600000000001,e0f5b71a5869d9f2,,,true,0
s2-07c,smoke,BCH-B300,300,390,WHOLE_BLOCK_SHORTENED,10,2,,NONE,500,389,500,500,150000,0,0,0,0,1,1,0,0,0,1,2,1,0,1,,386,true,true,4.3368086899420177e-19,0.0076243404615522412,2026072607,16952284447138302587,3276565547809796431,3276565547809796431,MAXIMUM_FRAMES,0.020010799999999999,8f91433b755fc1a0,,,true,0
s2-07c,smoke,BCH-B300,300,390,WHOLE_BLOCK_SHORTENED,10,3,,NONE,500,388,500,500,150000,0,0,0,0,1,1,0,0,0,1,3,1,0,1,,387,true,true,4.3368086899420177e-19,0.0076243404615522412,2026072607,16952284447138302587,1620067162763893191,1620067162763893191,MAXIMUM_FRAMES,0.021288000000000001,f02c48a910aa97ab,,,true,0
s2-07c,smoke,BCH-B300,300,390,WHOLE_BLOCK_SHORTENED,10,4,,NONE,500,387,500,500,150000,0,0,0,0,1,1,0,0,0,1,4,1,0,1,,386,true,true,4.3368086899420177e-19,0.0076243404615522412,2026072607,16952284447138302587,18202572081130162372,18202572081130162372,MAXIMUM_FRAMES,0.022860599999999998,9fd7bc507c03e337,,,true,0
s2-07c,smoke,BCH-B300,300,390,WHOLE_BLOCK_SHORTENED,10,5,,NONE,500,386,500,500,150000,0,0,0,0,1,1,0,0,0,1,5,1,0,1,,385,true,true,4.3368086899420177e-19,0.0076243404615522412,2026072607,16952284447138302587,15562383142359888273,15562383142359888273,MAXIMUM_FRAMES,0.024731599999999999,4be680936380ea21,,,true,0
s2-07c,smoke,BCH-B300,300,390,WHOLE_BLOCK_SHORTENED,10,6,,NONE,500,385,500,500,150000,0,0,0,0,1,1,0,0,0,1,6,1,0,1,,384,true,true,4.3368086899420177e-19,0.0076243404615522412,2026072607,16952284447138302587,2670513084709447748,2670513084709447748,MAXIMUM_FRAMES,0.024026700000000002,eb429ce33b0eca7b,,,true,0
s2-07c,smoke,BCH-B300,300,390,WHOLE_BLOCK_SHORTENED,10,7,,NONE,500,384,500,500,150000,0,0,0,0,1,1,0,0,0,1,7,1,0,1,,383,true,true,4.3368086899420177e-19,0.0076243404615522412,2026072607,16952284447138302587,10502330708316180716,10502330708316180716,MAXIMUM_FRAMES,0.0279271,cc1ab8a52bff98f3,,,true,0
s2-07c,smoke,BCH-B300,300,390,WHOLE_BLOCK_SHORTENED,10,8,,NONE,500,383,500,500,150000,0,0,0,0,1,1,0,0,0,1,8,1,0,1,,381,true,true,4.3368086899420177e-19,0.0076243404615522412,2026072607,16952284447138302587,6042575356317848957,6042575356317848957,MAXIMUM_FRAMES,0.0301622,43af46d1314b8f84,,,true,0
s2-07c,smoke,BCH-B300,300,390,WHOLE_BLOCK_SHORTENED,10,9,,NONE,500,382,500,500,150000,0,0,0,0,1,1,0,0,0,1,9,1,0,1,,381,true,true,4.3368086899420177e-19,0.0076243404615522412,2026072607,16952284447138302587,7854607056820044166,7854607056820044166,MAXIMUM_FRAMES,0.030619400000000001,0a0c2a413e58ab6d,,,true,0
s2-07c,smoke,BCH-B300,300,390,WHOLE_BLOCK_SHORTENED,10,10,,NONE,500,381,500,500,150000,0,0,0,0,1,1,0,0,0,1,10,1,0,1,,380,true,true,4.3368086899420177e-19,0.0076243404615522412,2026072607,16952284447138302587,11688912896537032140,11688912896537032140,MAXIMUM_FRAMES,0.031759999999999997,ecbe291b4157b0ad,,,true,0
s2-07c,smoke,BCH-B300,300,390,WHOLE_BLOCK_SHORTENED,10,11,,NONE,500,380,500,500,150000,4367,406,0.029113333333333335,0.81200000000000006,0.188,0,1,0,406,1,11,0,0,1,1,379,false,false,0.77542237568695804,0.84382003586503362,2026072607,16952284447138302587,17042706257638449857,17042706257638449857,MAXIMUM_FRAMES,0.031120200000000001,aaa680fcf1505ab1,,,true,0
s2-07c,smoke,BCH-B300,300,390,WHOLE_BLOCK_SHORTENED,10,12,,NONE,500,379,500,500,150000,4384,371,0.029226666666666668,0.74199999999999999,0.25800000000000001,0,1,0,371,1,12,0,0,1,1,378,false,false,0.70190601943942177,0.77840379977718688,2026072607,16952284447138302587,5852064647851745440,5852064647851745440,MAXIMUM_FRAMES,0.030764799999999998,1b4bf25ce256bf1f,,,true,0
s2-07c,smoke,BCH-B300,300,390,WHOLE_BLOCK_SHORTENED,10,13,,NONE,500,378,500,500,150000,5060,397,0.03373333333333333,0.79400000000000004,0.20599999999999999,0,1,0,397,1,13,0,0,1,0,376,false,false,0.75637352908197464,0.8271433587266328,2026072607,16952284447138302587,14721185324884221006,14721185324884221006,MAXIMUM_FRAMES,0.028710200000000002,3abfff72be511e2e,,,true,0
s2-07c,smoke,BCH-B300,300,390,WHOLE_BLOCK_SHORTENED,10,14,,NONE,500,377,500,500,150000,5517,405,0.03678,0.81000000000000005,0.19,0,1,0,405,1,14,0,0,1,0,376,false,false,0.77330028774356685,0.84197262117027094,2026072607,16952284447138302587,1513869932821122325,1513869932821122325,MAXIMUM_FRAMES,0.029581799999999998,396f8633aa814a7e,,,true,0
s2-07c,smoke,BCH-B300,300,390,WHOLE_BLOCK_SHORTENED,10,15,,NONE,500,376,500,500,150000,5815,400,0.038766666666666665,0.80000000000000004,0.20000000000000001,0,1,0,400,1,15,0,0,1,0,375,false,false,0.76271089469482611,0.83271450102824274,2026072607,16952284447138302587,12404653343203574246,12404653343203574246,MAXIMUM_FRAMES,0.030111800000000001,ab6f491c3e7a4428,,,true,0
s2-07c,smoke,BCH-B300,300,390,WHOLE_BLOCK_SHORTENED,10,16,,NONE,500,375,500,500,150000,6309,400,0.04206,0.80000000000000004,0.20000000000000001,0,1,0,400,1,16,0,0,1,2,374,false,false,0.76271089469482611,0.83271450102824274,2026072607,16952284447138302587,10985607443237393461,10985607443237393461,MAXIMUM_FRAMES,0.030281700000000002,ea3b88911ab38db4,,,true,0
s2-07c,smoke,BCH-B300,300,390,WHOLE_BLOCK_SHORTENED,10,17,,NONE,500,374,500,500,150000,6662,401,0.044413333333333332,0.80200000000000005,0.19800000000000001,0,1,0,401,1,17,0,0,1,0,373,false,false,0.76482602093041596,0.83456887743080654,2026072607,16952284447138302587,10569124204798522705,10569124204798522705,MAXIMUM_FRAMES,0.032487299999999997,c046401c01681d60,,,true,0
s2-07c,smoke,BCH-B300,300,390,WHOLE_BLOCK_SHORTENED,10,18,,NONE,500,373,500,500,150000,7041,405,0.046940000000000003,0.81000000000000005,0.19,0,1,0,405,1,18,0,0,1,0,372,false,false,0.77330028774356685,0.84197262117027094,2026072607,16952284447138302587,4916468921906678432,4916468921906678432,MAXIMUM_FRAMES,0.0301114,70315b2d183e8ce5,,,true,0
s2-07c,smoke,BCH-B300,300,390,WHOLE_BLOCK_SHORTENED,10,19,,NONE,500,372,500,500,150000,7588,409,0.050586666666666669,0.81799999999999995,0.182,0,1,0,409,1,19,0,0,1,0,370,false,false,0.78179736467060834,0.84935355479584429,2026072607,16952284447138302587,4648041761809459575,4648041761809459575,MAXIMUM_FRAMES,0.0311582,32b8697a7ae5c075,,,true,0
s2-07c,smoke,BCH-B300,300,390,WHOLE_BLOCK_SHORTENED,10,20,,NONE,500,371,500,500,150000,8169,421,0.054460000000000001,0.84199999999999997,0.158,0,1,0,421,1,20,0,0,1,0,368,false,false,0.80743764898873371,0.87134730213556455,2026072607,16952284447138302587,17050025772123467777,17050025772123467777,MAXIMUM_FRAMES,0.028820700000000001,b71545bfab817891,,,true,0
s2-07c,smoke,BCH-B300,300,390,WHOLE_BLOCK_SHORTENED,10,21,,NONE,500,370,500,500,150000,8269,410,0.055126666666666664,0.81999999999999995,0.17999999999999999,0,1,0,410,1,21,0,0,1,0,369,false,false,0.78392533001736553,0.85119509208724098,2026072607,16952284447138302587,9282478297028561939,9282478297028561939,MAXIMUM_FRAMES,0.030999100000000002,cb2771c67e9f9ffc,,,true,0
s2-07c,smoke,BCH-B300,300,390,WHOLE_BLOCK_SHORTENED,10,22,,NONE,500,369,500,500,150000,8808,409,0.058720000000000001,0.81799999999999995,0.182,0,1,0,409,1,22,0,0,1,1,368,false,false,0.78179736467060834,0.84935355479584429,2026072607,16952284447138302587,422407953427556055,422407953427556055,MAXIMUM_FRAMES,0.032752999999999997,7639fd8bfb44f07d,,,true,0
s2-07c,smoke,BCH-B300,300,390,WHOLE_BLOCK_SHORTENED,10,23,,NONE,500,368,500,500,150000,8917,401,0.059446666666666668,0.80200000000000005,0.19800000000000001,0,1,0,401,1,23,0,0,1,0,367,false,false,0.76482602093041596,0.83456887743080654,2026072607,16952284447138302587,12208843904676198212,12208843904676198212,MAXIMUM_FRAMES,0.0310157,2731090795bc59ea,,,true,0
s2-07c,smoke,BCH-B300,300,390,WHOLE_BLOCK_SHORTENED,10,24,,NONE,500,367,500,500,150000,9486,409,0.063240000000000005,0.81799999999999995,0.182,0,1,0,409,1,24,0,0,1,0,365,false,false,0.78179736467060834,0.84935355479584429,2026072607,16952284447138302587,8858242677514882731,8858242677514882731,MAXIMUM_FRAMES,0.033131599999999997,fec51fd6ee40075a,,,true,0
s2-07c,smoke,BCH-B300,300,390,WHOLE_BLOCK_SHORTENED,10,25,,NONE,500,366,500,500,150000,9853,412,0.065686666666666671,0.82399999999999995,0.17599999999999999,0,1,0,412,1,25,0,0,1,0,365,false,false,0.78818582871064002,0.85487359867027402,2026072607,16952284447138302587,7259074468034662258,7259074468034662258,MAXIMUM_FRAMES,0.028398,d138444574e3fd83,,,true,0
s2-07c,smoke,BCH-B300,300,390,WHOLE_BLOCK_SHORTENED,10,26,,NONE,500,365,500,500,150000,10723,426,0.071486666666666671,0.85199999999999998,0.14799999999999999,0,1,0,426,1,26,0,0,1,0,363,false,false,0.81819386970427266,0.88043859461079454,2026072607,16952284447138302587,13566985282438307240,13566985282438307240,MAXIMUM_FRAMES,0.028819399999999998,8fb9d051fb5c4c6e,,,true,0
s2-07c,smoke,BCH-B300,300,390,WHOLE_BLOCK_SHORTENED,10,27,,NONE,500,364,500,500,150000,10936,421,0.072906666666666661,0.84199999999999997,0.158,0,1,0,421,1,27,0,0,1,0,363,false,false,0.80743764898873371,0.87134730213556455,2026072607,16952284447138302587,2791902003479814781,2791902003479814781,MAXIMUM_FRAMES,0.030338199999999999,889f4723ec2ad4f4,,,true,0
s2-07c,smoke,BCH-B300,300,390,WHOLE_BLOCK_SHORTENED,10,28,,NONE,500,363,500,500,150000,10788,403,0.071919999999999998,0.80600000000000005,0.19400000000000001,0,1,0,403,1,28,0,0,1,0,362,false,false,0.7690603702807669,0.83827353335676336,2026072607,16952284447138302587,17108349791230840235,17108349791230840235,MAXIMUM_FRAMES,0.032328099999999999,2cc32e4812a19af3,,,true,0
s2-07c,smoke,BCH-B300,300,390,WHOLE_BLOCK_SHORTENED,10,29,,NONE,500,362,500,500,150000,11816,428,0.078773333333333334,0.85599999999999998,0.14399999999999999,0,1,0,428,1,29,0,0,1,0,361,false,false,0.82250954370172458,0.88406192588965016,2026072607,16952284447138302587,8288127915223933164,8288127915223933164,MAXIMUM_FRAMES,0.032704700000000003,9a71ad67d5b211e9,,,true,0
s2-07c,smoke,BCH-B300,300,390,WHOLE_BLOCK_SHORTENED,10,30,,NONE,500,361,500,500,150000,11878,417,0.079186666666666669,0.83399999999999996,0.16600000000000001,0,1,0,417,1,30,0,0,1,0,360,false,false,0.79886468380269315,0.86404225676898982,2026072607,16952284447138302587,8274444404074462216,8274444404074462216,MAXIMUM_FRAMES,0.033984300000000002,522c3d7b95dec36c,,,true,0
s2-07c,smoke,BCH-B300,300,390,WHOLE_BLOCK_SHORTENED,10,31,,NONE,500,360,500,500,150000,12272,411,0.081813333333333335,0.82199999999999995,0.17799999999999999,0,1,0,411,1,31,0,0,1,0,359,false,false,0.78605481145009559,0.85303511329266479,2026072607,16952284447138302587,4714847432003687444,4714847432003687444,MAXIMUM_FRAMES,0.031579000000000003,4ecd14dc993666ac,,,true,0
s2-07c,smoke,BCH-B300,300,390,WHOLE_BLOCK_SHORTENED,10,32,,NONE,500,359,500,500,150000,12925,422,0.086166666666666669,0.84399999999999997,0.156,0,1,0,422,1,32,0,0,1,0,358,false,false,0.80958524516629704,0.8731692085961551,2026072607,16952284447138302587,10356046737019070119,10356046737019070119,MAXIMUM_FRAMES,0.033012800000000002,f7802aa2b20c7245,,,true,0
s2-07c,smoke,BCH-B300,300,390,WHOLE_BLOCK_SHORTENED,10,40,,NONE,500,351,500,500,150000,15744,425,0.10496,0.84999999999999998,0.14999999999999999,0,1,0,425,1,40,0,0,1,0,350,false,false,0.81603891936830164,0.87862404230861191,2026072607,16952284447138302587,204553324131581423,204553324131581423,MAXIMUM_FRAMES,0.029806699999999998,801a2c3829a2798c,,,true,0
s2-07c,smoke,BCH-B300,300,390,WHOLE_BLOCK_SHORTENED,10,48,,NONE,500,343,500,500,150000,19823,445,0.13215333333333334,0.89000000000000001,0.11,0,1,0,445,1,48,0,0,1,0,338,false,false,0.85954442959659239,0.91450858484339692,2026072607,16952284447138302587,8708101892671737655,8708101892671737655,MAXIMUM_FRAMES,0.029775300000000001,4bec227fbed4ae29,,,true,0
s2-07c,smoke,BCH-B300,300,390,WHOLE_BLOCK_SHORTENED,10,56,,NONE,500,335,500,500,150000,22501,447,0.15000666666666668,0.89400000000000002,0.106,0,1,0,447,1,56,0,0,1,0,334,false,false,0.86394906998926713,0.91804294972702971,2026072607,16952284447138302587,9046015495558126301,9046015495558126301,MAXIMUM_FRAMES,0.0321578,cf16d407a6e9b243,,,true,0
s2-07c,smoke,BCH-B300,300,390,WHOLE_BLOCK_SHORTENED,10,64,,NONE,500,327,500,500,150000,27099,465,0.18065999999999999,0.93000000000000005,0.070000000000000007,0,1,0,465,1,64,0,0,1,0,326,false,false,0.90420281014808324,0.94924025705498205,2026072607,16952284447138302587,9089343722097231647,9089343722097231647,MAXIMUM_FRAMES,0.0314966,fd3d589998013f42,,,true,0
s2-07c,smoke,BCH-B300-426,300,426,WHOLE_BLOCK_SHORTENED,14,0,,NONE,500,1,500,500,150000,0,0,0,0,1,1,0,0,0,0,0,1,0,0,,0,true,true,4.3368086899420177e-19,0.0076243404615522412,2026072607,7510885276443798771,17810022656746853395,17810022656746853395,MAXIMUM_FRAMES,0.023697699999999999,f60554a40e17eabf,,,true,0
s2-07c,smoke,BCH-B300-426,300,426,WHOLE_BLOCK_SHORTENED,14,1,,NONE,500,426,500,500,150000,0,0,0,0,1,1,0,0,0,1,1,1,1,0,,424,true,true,4.3368086899420177e-19,0.0076243404615522412,2026072607,7510885276443798771,3763484601920886686,3763484601920886686,MAXIMUM_FRAMES,0.024684000000000001,e292d2507ae789b9,,,true,0
s2-07c,smoke,BCH-B300-426,300,426,WHOLE_BLOCK_SHORTENED,14,2,,NONE,500,425,500,500,150000,0,0,0,0,1,1,0,0,0,1,2,1,0,1,,423,true,true,4.3368086899420177e-19,0.0076243404615522412,2026072607,7510885276443798771,10054490400502027264,10054490400502027264,MAXIMUM_FRAMES,0.026153099999999999,3e3fbfd0a7ce8d27,,,true,0
s2-07c,smoke,BCH-B300-426,300,426,WHOLE_BLOCK_SHORTENED,14,3,,NONE,500,424,500,500,150000,0,0,0,0,1,1,0,0,0,1,3,1,0,1,,423,true,true,4.3368086899420177e-19,0.0076243404615522412,2026072607,7510885276443798771,16562908793513699548,16562908793513699548,MAXIMUM_FRAMES,0.026433999999999999,4e5f3245432d6830,,,true,0
s2-07c,smoke,BCH-B300-426,300,426,WHOLE_BLOCK_SHORTENED,14,4,,NONE,500,423,500,500,150000,0,0,0,0,1,1,0,0,0,1,4,1,0,1,,421,true,true,4.3368086899420177e-19,0.0076243404615522412,2026072607,7510885276443798771,8971788553540185734,8971788553540185734,MAXIMUM_FRAMES,0.030143,b681a4b6b7e500da,,,true,0
s2-07c,smoke,BCH-B300-426,300,426,WHOLE_BLOCK_SHORTENED,14,5,,NONE,500,422,500,500,150000,0,0,0,0,1,1,0,0,0,1,5,1,0,1,,421,true,true,4.3368086899420177e-19,0.0076243404615522412,2026072607,7510885276443798771,5656068013923657751,5656068013923657751,MAXIMUM_FRAMES,0.027542400000000002,f5798735267769eb,,,true,0
s2-07c,smoke,BCH-B300-426,300,426,WHOLE_BLOCK_SHORTENED,14,6,,NONE,500,421,500,500,150000,0,0,0,0,1,1,0,0,0,1,6,1,0,1,,420,true,true,4.3368086899420177e-19,0.0076243404615522412,2026072607,7510885276443798771,718654216858233107,718654216858233107,MAXIMUM_FRAMES,0.032146000000000001,683c065d5324ecf3,,,true,0
s2-07c,smoke,BCH-B300-426,300,426,WHOLE_BLOCK_SHORTENED,14,7,,NONE,500,420,500,500,150000,0,0,0,0,1,1,0,0,0,1,7,1,0,1,,419,true,true,4.3368086899420177e-19,0.0076243404615522412,2026072607,7510885276443798771,4982631758806761783,4982631758806761783,MAXIMUM_FRAMES,0.0352996,23802c3e63504b5f,,,true,0
s2-07c,smoke,BCH-B300-426,300,426,WHOLE_BLOCK_SHORTENED,14,8,,NONE,500,419,500,500,150000,0,0,0,0,1,1,0,0,0,1,8,1,0,1,,417,true,true,4.3368086899420177e-19,0.0076243404615522412,2026072607,7510885276443798771,4736875035363291713,4736875035363291713,MAXIMUM_FRAMES,0.032690799999999999,cbf30b495411330d,,,true,0
s2-07c,smoke,BCH-B300-426,300,426,WHOLE_BLOCK_SHORTENED,14,9,,NONE,500,418,500,500,150000,0,0,0,0,1,1,0,0,0,1,9,1,0,1,,417,true,true,4.3368086899420177e-19,0.0076243404615522412,2026072607,7510885276443798771,633494553417600891,633494553417600891,MAXIMUM_FRAMES,0.035014099999999999,a90c980842b1a502,,,true,0
s2-07c,smoke,BCH-B300-426,300,426,WHOLE_BLOCK_SHORTENED,14,10,,NONE,500,417,500,500,150000,0,0,0,0,1,1,0,0,0,1,10,1,0,1,,416,true,true,4.3368086899420177e-19,0.0076243404615522412,2026072607,7510885276443798771,8720385479975185265,8720385479975185265,MAXIMUM_FRAMES,0.036743499999999998,8f8fbdc9e8daedbf,,,true,0
s2-07c,smoke,BCH-B300-426,300,426,WHOLE_BLOCK_SHORTENED,14,11,,NONE,500,416,500,500,150000,0,0,0,0,1,1,0,0,0,1,11,1,0,1,,415,true,true,4.3368086899420177e-19,0.0076243404615522412,2026072607,7510885276443798771,13734885556109611399,13734885556109611399,MAXIMUM_FRAMES,0.037549300000000001,76cdcc4e4bf1246e,,,true,0
s2-07c,smoke,BCH-B300-426,300,426,WHOLE_BLOCK_SHORTENED,14,12,,NONE,500,415,500,500,150000,0,0,0,0,1,1,0,0,0,1,12,1,0,1,,413,true,true,4.3368086899420177e-19,0.0076243404615522412,2026072607,7510885276443798771,2534722152600708689,2534722152600708689,MAXIMUM_FRAMES,0.037924899999999998,6af259ff10a1dca6,,,true,0
s2-07c,smoke,BCH-B300-426,300,426,WHOLE_BLOCK_SHORTENED,14,13,,NONE,500,414,500,500,150000,0,0,0,0,1,1,0,0,0,1,13,1,0,1,,413,true,true,4.3368086899420177e-19,0.0076243404615522412,2026072607,7510885276443798771,14589809818307253858,14589809818307253858,MAXIMUM_FRAMES,0.038642000000000003,b387f7bcea8cef5e,,,true,0
s2-07c,smoke,BCH-B300-426,300,426,WHOLE_BLOCK_SHORTENED,14,14,,NONE,500,413,500,500,150000,0,0,0,0,1,1,0,0,0,1,14,1,0,1,,411,true,true,4.3368086899420177e-19,0.0076243404615522412,2026072607,7510885276443798771,6034819324162017319,6034819324162017319,MAXIMUM_FRAMES,0.0414145,9b33c020f4403ba8,,,true,0
s2-07c,smoke,BCH-B300-426,300,426,WHOLE_BLOCK_SHORTENED,14,15,,NONE,500,412,500,500,150000,5227,352,0.034846666666666665,0.70399999999999996,0.29599999999999999,0,1,0,352,1,15,0,0,1,0,411,false,false,0.66255466432228849,0.74233460476939805,2026072607,7510885276443798771,2084174413355467986,2084174413355467986,MAXIMUM_FRAMES,0.039695000000000001,cccd6d93754e6235,,,true,0
s2-07c,smoke,BCH-B300-426,300,426,WHOLE_BLOCK_SHORTENED,14,16,,NONE,500,411,500,500,150000,5774,369,0.038493333333333331,0.73799999999999999,0.26200000000000001,0,1,0,369,1,16,0,0,1,1,410,false,false,0.69774708335753877,0.77462373058276235,2026072607,7510885276443798771,5646826909968960669,5646826909968960669,MAXIMUM_FRAMES,0.040025199999999997,704b7e7768843ce0,,,true,0
s2-07c,smoke,BCH-B300-426,300,426,WHOLE_BLOCK_SHORTENED,14,17,,NONE,500,410,500,500,150000,6091,368,0.040606666666666666,0.73599999999999999,0.26400000000000001,0,1,0,368,1,17,0,0,1,0,409,false,false,0.69566914271519931,0.77273216858694815,2026072607,7510885276443798771,1224088375890242075,1224088375890242075,MAXIMUM_FRAMES,0.0393289,e87ffbef8c6c895e,,,true,0
s2-07c,smoke,BCH-B300-426,300,426,WHOLE_BLOCK_SHORTENED,14,18,,NONE,500,409,500,500,150000,6294,357,0.041959999999999997,0.71399999999999997,0.28599999999999998,0,1,0,357,1,18,0,0,1,0,408,false,false,0.67287683549854849,0.75185994678390722,2026072607,7510885276443798771,10578172557001759332,10578172557001759332,MAXIMUM_FRAMES,0.042187099999999998,16c85d2c24a50a08,,,true,0
s2-07c,smoke,BCH-B300-426,300,426,WHOLE_BLOCK_SHORTENED,14,19,,NONE,500,408,500,500,150000,6684,366,0.044560000000000002,0.73199999999999998,0.26800000000000002,0,1,0,366,1,19,0,0,1,0,407,false,false,0.69151627946218774,0.76894602656365196,2026072607,7510885276443798771,6492510219370277762,6492510219370277762,MAXIMUM_FRAMES,0.039912099999999999,adca2c229a82080a,,,true,0
s2-07c,smoke,BCH-B300-426,300,426,WHOLE_BLOCK_SHORTENED,14,20,,NONE,500,407,500,500,150000,6901,353,0.046006666666666668,0.70599999999999996,0.29399999999999998,0,1,0,353,1,20,0,0,1,1,406,false,false,0.66461725916559722,0.7442415125642432,2026072607,7510885276443798771,12815101001341532571,12815101001341532571,MAXIMUM_FRAMES,0.039549399999999998,80de759fc0995cbb,,,true,0
s2-07c,smoke,BCH-B300-426,300,426,WHOLE_BLOCK_SHORTENED,14,21,,NONE,500,406,500,500,150000,7355,363,0.049033333333333332,0.72599999999999998,0.27400000000000002,0,1,0,363,1,21,0,0,1,0,404,false,false,0.68529442377719896,0.76325937433417934,2026072607,7510885276443798771,4261332282620850844,4261332282620850844,MAXIMUM_FRAMES,0.041584299999999998,38839f6a1f32f287,,,true,0
s2-07c,smoke,BCH-B300-426,300,426,WHOLE_BLOCK_SHORTENED,14,22,,NONE,500,405,500,500,150000,8159,387,0.054393333333333335,0.77400000000000002,0.22600000000000001,0,1,0,387,1,22,0,0,1,0,404,false,false,0.73533164229262349,0.80849021913444608,2026072607,7510885276443798771,15870235581497528493,15870235581497528493,MAXIMUM_FRAMES,0.039278899999999999,7838677c696be634,,,true,0
s2-07c,smoke,BCH-B300-426,300,426,WHOLE_BLOCK_SHORTENED,14,23,,NONE,500,404,500,500,150000,8260,373,0.055066666666666667,0.746,0.254,0,1,0,373,1,23,0,0,1,0,403,false,false,0.70606907940810293,0.78217974508481347,2026072607,7510885276443798771,14446364376598713023,14446364376598713023,MAXIMUM_FRAMES,0.041744499999999997,358b8aa8a3c39414,,,true,0
s2-07c,smoke,BCH-B300-426,300,426,WHOLE_BLOCK_SHORTENED,14,24,,NONE,500,403,500,500,150000,8522,371,0.056813333333333334,0.74199999999999999,0.25800000000000001,0,1,0,371,1,24,0,0,1,1,402,false,false,0.70190601943942177,0.77840379977718688,2026072607,7510885276443798771,8103940132285985259,8103940132285985259,MAXIMUM_FRAMES,0.042794499999999999,6bbe59e7c1da6876,,,true,0
s2-07c,smoke,BCH-B300-426,300,426,WHOLE_BLOCK_SHORTENED,14,25,,NONE,500,402,500,500,150000,8879,371,0.059193333333333334,0.74199999999999999,0.25800000000000001,0,1,0,371,1,25,0,0,1,1,401,false,false,0.70190601943942177,0.77840379977718688,2026072607,7510885276443798771,3422638208122765458,3422638208122765458,MAXIMUM_FRAMES,0.0459882,23d68943336a5cbe,,,true,0
s2-07c,smoke,BCH-B300-426,300,426,WHOLE_BLOCK_SHORTENED,14,26,,NONE,500,401,500,500,150000,9635,388,0.064233333333333337,0.77600000000000002,0.224,0,1,0,388,1,26,0,0,1,0,399,false,false,0.73743033532513147,0.81036102874009175,2026072607,7510885276443798771,6132516441831817811,6132516441831817811,MAXIMUM_FRAMES,0.0457411,a36e6ef7d7e66278,,,true,0
s2-07c,smoke,BCH-B300-426,300,426,WHOLE_BLOCK_SHORTENED,14,27,,NONE,500,400,500,500,150000,9802,374,0.065346666666666664,0.748,0.252,0,1,0,374,1,27,0,0,1,0,399,false,false,0.70815217551244192,0.78406615161862814,2026072607,7510885276443798771,2245335506218405759,2245335506218405759,MAXIMUM_FRAMES,0.038496099999999998,d72687b01faca5a5,,,true,0
s2-07c,smoke,BCH-B300-426,300,426,WHOLE_BLOCK_SHORTENED,14,28,,NONE,500,399,500,500,150000,10178,377,0.067853333333333335,0.754,0.246,0,1,0,377,1,28,0,0,1,0,397,false,false,0.71440782673120218,0.78971900831432928,2026072607,7510885276443798771,15116289617953189197,15116289617953189197,MAXIMUM_FRAMES,0.041722700000000001,80bd50770cf2bc5f,,,true,0
s2-07c,smoke,BCH-B300-426,300,426,WHOLE_BLOCK_SHORTENED,14,29,,NONE,500,398,500,500,150000,9972,360,0.066479999999999997,0.71999999999999997,0.28000000000000003,0,1,0,360,1,29,0,0,1,0,397,false,false,0.67908133323819242,0.75756395695872447,2026072607,7510885276443798771,4313037778703338183,4313037778703338183,MAXIMUM_FRAMES,0.041164100000000002,a91ecd4f62801477,,,true,0
s2-07c,smoke,BCH-B300-426,300,426,WHOLE_BLOCK_SHORTENED,14,30,,NONE,500,397,500,500,150000,10635,374,0.070900000000000005,0.748,0.252,0,1,0,374,1,30,0,0,1,0,396,false,false,0.70815217551244192,0.78406615161862814,2026072607,7510885276443798771,10683400234126725580,10683400234126725580,MAXIMUM_FRAMES,0.045376800000000002,e9fa907b65f60af1,,,true,0
s2-07c,smoke,BCH-B300-426,300,426,WHOLE_BLOCK_SHORTENED,14,31,,NONE,500,396,500,500,150000,11118,374,0.074120000000000005,0.748,0.252,0,1,0,374,1,31,0,0,1,1,395,false,false,0.70815217551244192,0.78406615161862814,2026072607,7510885276443798771,8990922439178936661,8990922439178936661,MAXIMUM_FRAMES,0.041194700000000001,38fd295c35cfab80,,,true,0
s2-07c,smoke,BCH-B300-426,300,426,WHOLE_BLOCK_SHORTENED,14,32,,NONE,500,395,500,500,150000,11024,367,0.073493333333333327,0.73399999999999999,0.26600000000000001,0,1,0,367,1,32,0,0,1,0,393,false,false,0.69359221048446462,0.77083959817952896,2026072607,7510885276443798771,10396681913087024063,10396681913087024063,MAXIMUM_FRAMES,0.041845,4947b1594cddedd8,,,true,0
s2-07c,smoke,BCH-B300-426,300,426,WHOLE_BLOCK_SHORTENED,14,40,,NONE,500,387,500,500,150000,14854,400,0.099026666666666666,0.80000000000000004,0.20000000000000001,0,1,0,400,1,40,0,0,1,0,386,false,false,0.76271089469482611,0.83271450102824274,2026072607,7510885276443798771,18047686038419339106,18047686038419339106,MAXIMUM_FRAMES,0.042772900000000003,25b44f3306d23d5d,,,true,0
s2-07c,smoke,BCH-B300-426,300,426,WHOLE_BLOCK_SHORTENED,14,48,,NONE,500,379,500,500,150000,17298,396,0.11532000000000001,0.79200000000000004,0.20799999999999999,0,1,0,396,1,48,0,0,1,0,377,false,false,0.75426369688008277,0.8252836882903708,2026072607,7510885276443798771,15934446312929348588,15934446312929348588,MAXIMUM_FRAMES,0.039881199999999999,f517909e0f8f14a8,,,true,0
s2-07c,smoke,BCH-B300-426,300,426,WHOLE_BLOCK_SHORTENED,14,56,,NONE,500,371,500,500,150000,20008,401,0.13338666666666665,0.80200000000000005,0.19800000000000001,0,1,0,401,1,56,0,0,1,1,370,false,false,0.76482602093041596,0.83456887743080654,2026072607,7510885276443798771,12297252868144764385,12297252868144764385,MAXIMUM_FRAMES,0.041133000000000003,32d08b8ef07ae2f9,,,true,0
s2-07c,smoke,BCH-B300-426,300,426,WHOLE_BLOCK_SHORTENED,14,64,,NONE,500,363,500,500,150000,23074,410,0.15382666666666667,0.81999999999999995,0.17999999999999999,0,1,0,410,1,64,0,0,1,0,361,false,false,0.78392533001736553,0.85119509208724098,2026072607,7510885276443798771,6042050043068714660,6042050043068714660,MAXIMUM_FRAMES,0.042750200000000002,56a9d07939cab9ed,,,true,0
