caseName,ebn0Db,snrIndex,frameIndex,noiseHash,channelHardBitErrors,decodedBitErrors,trueSuccess,reportedSuccess,miscorrected,decoderFailure,frameStatus
BCH-B300,0,0,0,fc49cc4f2c22207c33a4b8ecb12151953955c4b41758d68500f98f8f5300444a,39,29,0,0,0,1,INVALID_ROOT_COUNT
BCH-B300,0,0,1,66345f5edd32134b3f7f5c0be350a2b81805e77d503272272d845a5d8aa1d92b,49,34,0,0,0,1,INVALID_ROOT_COUNT
BCH-B300,0,0,2,98cfed60bbc233fb97d7ed5f2dc0761e1d33fe92746869c1f9805050b30bd223,53,40,0,0,0,1,INVALID_ROOT_COUNT
BCH-B300,0,0,3,55a8016ee233eb4b18e58fb0ca42226d9721109ddf28491e2fad24e3e8257aeb,38,29,0,0,0,1,INVALID_ROOT_COUNT
BCH-B300,0,0,4,deefdeadbd5898162c3faecc7ec5e71434192810964b2e02f97b8b2e44a9af32,38,29,0,0,0,1,INVALID_ROOT_COUNT
BCH-B300,0,0,5,2c48e3a198b3db3bc9633b18f32ccaa3127dd814c854ad9cc991c91828e445d6,41,30,0,0,0,1,INVALID_ROOT_COUNT
BCH-B300,0,0,6,89a60516c9298fe3ee808f1eec1606f86e57d928ae6189ad708b1d2467123008,39,28,0,0,0,1,INVALID_ROOT_COUNT
BCH-B300,0,0,7,e983ca8cfa0b49d900af44ad43fdbe0982e32d6460025555560bceb467676be4,45,36,0,0,0,1,INVALID_ROOT_COUNT
BCH-B300,0,0,8,215dd8a981f95df89c79b51846dbbdebc08de3fb0ebc52bc361b8656c28be413,37,25,0,0,0,1,INVALID_ROOT_COUNT
BCH-B300,0,0,9,0227656245fc1a10083ce5d62a80a9f69594e47a3680d5eab9c32995adfaa6cf,31,20,0,0,0,1,INVALID_ROOT_COUNT
BCH-B300,0,0,10,71ca58224185bada2466202727d9f7463ee54d1e6afeb5dd5cac534d21768ab5,47,37,0,0,0,1,INVALID_ROOT_COUNT
BCH-B300,0,0,11,ca793ac05d608ba6a5e9edbe0a95003f1157833ba43b7db87f7a2a9d1aae27e9,51,39,0,0,0,1,INVALID_ROOT_COUNT
BCH-B300,0,0,12,9853b9471f3f0e33ff750e0390ead178262d0d844779ce4ad64777901964e3dc,39,27,0,0,0,1,INVALID_ROOT_COUNT
BCH-B300,0,0,13,e709d9ea9b3415bf86d99d23d825d89c6e86f2e9f772ffaa8eee69b4cf9ed3ca,32,25,0,0,0,1,INVALID_ROOT_COUNT
BCH-B300,0,0,14,de374cbb1fd12e7ae52efb50a5888dce6afa6f88e83385b81c5f868898231d74,35,31,0,0,0,1,INVALID_ROOT_COUNT
BCH-B300,0,0,15,157927ba1ced805a053d78d324734ef1b8294a2bfcb6c67c71a6a3be623183e2,37,25,0,0,0,1,INVALID_ROOT_COUNT
BCH-B300,0,0,16,94e5d6f1424506f06edf3a6d42e1cd2dca17d231b325173402f86b3260e6322b,38,30,0,0,0,1,INVALID_ROOT_COUNT
BCH-B300,0,0,17,9468b14e98ad08693d1c8158da9790f4b9a7483c1096e5f70583e8304ce92ab8,49,41,0,0,0,1,INVALID_ROOT_COUNT
BCH-B300,0,0,18,24e7bd0a687a04d13577b2ce6f88511cc75929de4198c8f3a07b1b95f2f31f06,35,27,0,0,0,1,INVALID_ROOT_COUNT
BCH-B300,0,0,19,d2fa81b1c39c5fe83337688574b4c555922191c6e0f67170def539805ae75690,49,42,0,0,0,1,INVALID_ROOT_COUNT
BCH-B300,0,0,20,4eaf22bd25a1206d74a2011bbc0e427f455c5a595562d1709238122e713843da,44,38,0,0,0,1,INVALID_ROOT_COUNT
BCH-B300,0,0,21,4ef71a776a237eae587a85856f3e2e8c49ae9f4f4cf1933ae4733a8ee43e5f1b,34,27,0,0,0,1,INVALID_ROOT_COUNT
BCH-B300,0,0,22,edbf85d35c175248e3c702b6921da1086ef305c247187bd9854039276b7977ec,44,30,0,0,0,1,INVALID_ROOT_COUNT
BCH-B300,0,0,23,d4a26749f4178f58a30357baf6926a53c6d3a354e9f883380fe4794bf3eafa3e,33,26,0,0,0,1,INVALID_ROOT_COUNT
BCH-B300,0,0,24,faed035a5ae280c35d2d4426992be38cc8c1fd45af2a311b97e459b001a93846,35,27,0,0,0,1,INVALID_ROOT_COUNT
BCH-B300,0,0,25,48e966facaf4a77cba9916cc5b9290ccf2b078967a925c4b09c0e38f944f507b,44,32,0,0,0,1,INVALID_ROOT_COUNT
BCH-B300,0,0,26,89af25a538472a463a7ebddcaefa6a1a95a8055c686d344669e073c86b377c01,36,27,0,0,0,1,INVALID_ROOT_COUNT
BCH-B300,0,0,27,8426b1558aafd85dbb45c2014733b5346ab7bd46316339ccd5f26cc831487d18,41,33,0,0,0,1,INVALID_ROOT_COUNT
BCH-B300,0,0,28,26e59cf961fdf4b15a7af43c2de7bbda52f2ada08913b3f1cab4d1389d3198d1,48,38,0,0,0,1,INVALID_ROOT_COUNT
BCH-B300,0,0,29,35ea54dc78ecc915fa2ec80a34d85061ce241cd5e7efd05c4ae4cae5f03df6e2,50,40,0,0,0,1,INVALID_ROOT_COUNT
BCH-B300,0,0,30,05824d6735473b5405248441c01db3e9eec8d4470ad35d89790dbb138d47f415,39,28,0,0,0,1,INVALID_ROOT_COUNT
BCH-B300,0,0,31,511437d75edaf2bc5cf71a299eb2b108e2778e800fe59bc9b6ce9fb6b5cb7ff9,41,34,0,0,0,1,INVALID_ROOT_COUNT
BCH-B300,0,0,32,db3c79cdb3dce629de8256685a85066540d73ce3e23af3de6fc753fc9fa418fa,36,28,0,0,0,1,INVALID_ROOT_COUNT
BCH-B300,0,0,33,0106d54cf8272176d81f86d3816e13212569aa5016bac260cf3f7879095fc4fd,39,29,0,0,0,1,INVALID_ROOT_COUNT
BCH-B300,0,0,34,a05828e5864f5f0be2b1bd46d76318938378e5fd7a2a1261f51637ee6c277eb1,31,23,0,0,0,1,INVALID_ROOT_COUNT
BCH-B300,0,0,35,c00df28ce7b75df35a41320a3fc0fc2d0dc98ff1358b9e7f4c42121eaf80bcf5,40,30,0,0,0,1,INVALID_ROOT_COUNT
BCH-B300,0,0,36,72491b02fce1f5dff62c22dc33c44c148db2a10cba8a8576c1cbb730412b804d,49,43,0,0,0,1,INVALID_ROOT_COUNT
BCH-B300,0,0,37,e503f80041c587876bffca1bfcb4dfbc29c0bfb493ac47b18d478993eb9098ea,33,25,0,0,0,1,INVALID_ROOT_COUNT
BCH-B300,0,0,38,43335438bd057312d2a663a953a54121f22d02130fdc3c0fddf2bc74061927ca,39,32,0,0,0,1,INVALID_ROOT_COUNT
BCH-B300,0,0,39,a7e74deef5793e0c264f0c0f4065a9b0339608886695e3bdca822f9f809df0f5,36,28,0,0,0,1,INVALID_ROOT_COUNT
BCH-B300,0,0,40,7cc827d2b60b54ffe5952004309d9f9b817d0df646b130be92c87740dd2569e5,31,25,0,0,0,1,INVALID_ROOT_COUNT
BCH-B300,0,0,41,cbf5d18f681a6bbe72a51004b9cdcdb396e9a316879c88a2b5b32a62f27990e4,43,36,0,0,0,1,INVALID_ROOT_COUNT
BCH-B300,0,0,42,cb6d8e3e50762575ed0146941a6ec130b73bd1d2fc72c64e84d0d08d9c445854,45,39,0,0,0,1,INVALID_ROOT_COUNT
BCH-B300,0,0,43,ba05a297f1dd933a9c427902d48970460de2478aed244eabd7b1a0bb32110308,46,41,0,0,0,1,INVALID_ROOT_COUNT
BCH-B300,0,0,44,cc994036e40abf0806fbe7484b8055533d0b18a8ad475dedaf34ab6ec2a87953,36,24,0,0,0,1,INVALID_ROOT_COUNT
BCH-B300,0,0,45,5d09264a1ba897855d85a62e0626a73aeed53c769ae5ee136c8f50c881556480,38,32,0,0,0,1,INVALID_ROOT_COUNT
BCH-B300,0,0,46,32e4648b7c11cd4f1d16a6ed95244f7e8a77c005e1118f4a322f66ef7208a60c,38,36,0,0,0,1,INVALID_ROOT_COUNT
BCH-B300,0,0,47,4a7139871beb60f8c6ab1b120cdb7259b6212009e7672e36b5596f6ee6ba3e96,33,25,0,0,0,1,INVALID_ROOT_COUNT
BCH-B300,0,0,48,3d190ad3b10ef0016c7ec4afa4fbd237bad3cf3e7ca9c0906bba120ace19139d,46,32,0,0,0,1,INVALID_ROOT_COUNT
BCH-B300,0,0,49,1a98199fa338f2931292a17077f852466d94f7ef22a68bd65cb3af22442f08dc,36,27,0,0,0,1,INVALID_ROOT_COUNT
BCH-B300,0,0,50,d870a9639babcb814a655c96f00f81735007477ab1535593ccf17c5ae2d4388a,42,32,0,0,0,1,INVALID_ROOT_COUNT
BCH-B300,0,0,51,38a43bbc2d3314992ba24795af5f60e51a4fac6a83ec5670791b5228e1bbc938,33,23,0,0,0,1,INVALID_ROOT_COUNT
BCH-B300,0,0,52,6f9c3085db808003031862371df44c0e7454a610e048e2135f24597c53ddf326,47,33,0,0,0,1,INVALID_ROOT_COUNT
BCH-B300,0,0,53,6eb809cb793acbcc11a577a9f4536efd5c88cc4c2f81bcc636887ef95958a1f4,46,36,0,0,0,1,INVALID_ROOT_COUNT
BCH-B300,0,0,54,f37b2f5081d7a0a25033db283eb7424a20b3ac4ccbe08c7777fec5fc9209a0b5,46,29,0,0,0,1,INVALID_ROOT_COUNT
BCH-B300,0,0,55,dc735673f36abf5e31bd5dea2fec18224eb20c6316532c1bda87c6975f34c190,58,41,0,0,0,1,INVALID_ROOT_COUNT
BCH-B300,0,0,56,107f5596258f21f2b2c17d223a83f998a9b544e1f97cade2532421f0a917359b,43,31,0,0,0,1,INVALID_ROOT_COUNT
BCH-B300,0,0,57,031272858c9a865c4080c22962428b10956008961ca50d2e1db94a73cad41937,47,33,0,0,0,1,INVALID_ROOT_COUNT
BCH-B300,0,0,58,ea6f939ce88f19257115cc49284dc69b9d94be0699676f67bd80d64056554f5d,44,35,0,0,0,1,INVALID_ROOT_COUNT
BCH-B300,0,0,59,fd55e9473eadf6b9ad6714038b4a44c9c7c51ea6898f5c7910458c02b0a6eb01,38,23,0,0,0,1,INVALID_ROOT_COUNT
BCH-B300,0,0,60,6f1aaef5c0184af3f114597a76512ce41245fe0fa2195d1b6f10f6e0117bae75,43,36,0,0,0,1,INVALID_ROOT_COUNT
BCH-B300,0,0,61,e3a28327a6a0add63b89cac1f81ef3ed6e035acbf5a7e1a9d646a1548711917e,42,35,0,0,0,1,INVALID_ROOT_COUNT
BCH-B300,0,0,62,552d2a942757390e8ea1745404e57c235893c07a6e6897f7a2bcf6609b7d9fc6,34,22,0,0,0,1,INVALID_ROOT_COUNT
BCH-B300,0,0,63,f3ba717f02b6c4570b3a2a2a266afdcf7e420ccd2c6f46170c26a741918667dc,43,32,0,0,0,1,INVALID_ROOT_COUNT
BCH-B300,0,0,64,8be9ac07a3651e052517293a8a3277cfcb224fc82458fa4b84974b11e26726db,44,36,0,0,0,1,INVALID_ROOT_COUNT
BCH-B300,0,0,65,c53f1687ada3411e9c89b170a97af55101ef0cdc9dd15ebfff18251e8af05240,40,35,0,0,0,1,INVALID_ROOT_COUNT
BCH-B300,0,0,66,efde8ac09339f6e62f38ac5ccf724a5246492eb71b774db9e2d723aae01a30c9,39,30,0,0,0,1,INVALID_ROOT_COUNT
BCH-B300,0,0,67,ab1f9bad03b9d74db2d91b9b0bbb5233eea003d78e2a9bbe7f23f6280ef9b20f,43,33,0,0,0,1,INVALID_ROOT_COUNT
BCH-B300,0,0,68,74b15ca50928d5c4a34621e93798f2b87c33b0d77c089b97e80f315062c553a3,39,33,0,0,0,1,INVALID_ROOT_COUNT
BCH-B300,0,0,69,89afb58161f485e70629135da2825083a0772226e28a87a2c5f1c4443c3c3447,43,29,0,0,0,1,INVALID_ROOT_COUNT
BCH-B300,0,0,70,a1e37922a66c6c2cf28782326663a0454d9f8cc99faa324730cc663218545fd4,48,40,0,0,0,1,INVALID_ROOT_COUNT
BCH-B300,0,0,71,7fa83757227c645bae7567ed7973620dcd18229286ab40eaefb2083d37ba1fe1,43,34,0,0,0,1,INVALID_ROOT_COUNT
BCH-B300,0,0,72,de8806f88aaf42426d281d63eda4c73630e361e0d7bc9bf3a8de0d0ec1cca3a5,43,28,0,0,0,1,INVALID_ROOT_COUNT
BCH-B300,0,0,73,644b0251d920de4a454172c588f30d8111329888ab9fb31556ed2bc6fbc86f50,43,32,0,0,0,1,INVALID_ROOT_COUNT
BCH-B300,0,0,74,1d9c3af578de8abec9867a9bccb5902269f155203e679f629c26ddf0efa2126b,42,34,0,0,0,1,INVALID_ROOT_COUNT
BCH-B300,0,0,75,78b1ec3fa53cc43374352fc9a86255563e6683e9f1564e3e9199baa56d0f037a,51,41,0,0,0,1,INVALID_ROOT_COUNT
BCH-B300,0,0,76,85c3c5f649682d423142d8ee5a8977fc86a34305288ba7fa928d88615f081898,39,28,0,0,0,1,INVALID_ROOT_COUNT
BCH-B300,0,0,77,ba988c7e27db515d01651c309e5d571b636aa1764cedb6c169a3086cbd73d50b,40,31,0,0,0,1,INVALID_ROOT_COUNT
BCH-B300,0,0,78,8e59dd271fe1849f1129016683481041c5b09cdf7c106e48995d8300a0ada4bd,35,26,0,0,0,1,INVALID_ROOT_COUNT
BCH-B300,0,0,79,dbff5b69d4cfedd78d1af56796b076254284449dd0c86e28209b72f8d27ae831,44,32,0,0,0,1,INVALID_ROOT_COUNT
BCH-B300,0,0,80,36c04cf7306e46953d58e958f708e48f90664749d487098340cc6289605389fa,28,21,0,0,0,1,INVALID_ROOT_COUNT
BCH-B300,0,0,81,6792341c689270ce5a8a56eed3e56f28a4f738adb167597d578550b69671f054,45,36,0,0,0,1,INVALID_ROOT_COUNT
BCH-B300,0,0,82,874c7e2d047a24d7e51e45ecb68784e454762a9c0e3aae32015603c08b43782a,45,34,0,0,0,1,INVALID_ROOT_COUNT
BCH-B300,0,0,83,563a88683123269b0547a722d2b747c875f52c5b573b3e04c4c7de8e2caeba35,33,26,0,0,0,1,INVALID_ROOT_COUNT
BCH-B300,0,0,84,0d65148695d287239008a3ab8003bbfab1da40e5a0d1f39023c1eb36d26eb9f8,57,43,0,0,0,1,INVALID_ROOT_COUNT
BCH-B300,0,0,85,f447d10388d286505cb3801a1ec76059eb565c5294cca9d42d5706afb3722c06,37,30,0,0,0,1,INVALID_ROOT_COUNT
BCH-B300,0,0,86,35e9b1c97a21fdc36599ed0a9d98f6cd8319d70479584a3bc4ca3165b7c96bd6,38,28,0,0,0,1,INVALID_ROOT_COUNT
BCH-B300,0,0,87,65d0239bafb1d9ff72ac93ff6fffbdfc0d16d7111f3e41b1702bad8fff0911bf,52,36,0,0,0,1,INVALID_ROOT_COUNT
BCH-B300,0,0,88,09a40a404b902500841ee7579ecd1e92f9801509f363417e189d6e97798ab63b,53,41,0,0,0,1,INVALID_ROOT_COUNT
BCH-B300,0,0,89,461b779d88554274a65e944e4e852caa4462490b7a5469e0fe24de35206b42ca,41,29,0,0,0,1,INVALID_ROOT_COUNT
BCH-B300,0,0,90,0b52c3ec20f167f83f2535d9ae0e963939e35f896b1ace97e0d089dbd706072d,53,39,0,0,0,1,INVALID_ROOT_COUNT
BCH-B300,0,0,91,5c3e9cf93096389da568d849ca5612b10be133c7f12d320749d3b40ade0adfbc,36,26,0,0,0,1,INVALID_ROOT_COUNT
BCH-B300,0,0,92,045a5cbead12532460828928e4256624fb850a7d909638968c1442dc5104add2,43,36,0,0,0,1,INVALID_ROOT_COUNT
BCH-B300,0,0,93,a6663df946ecd8a0eb1a3e3f9ed10260f9d688aaccdf61b24dc4a0ce61e6b4dc,36,27,0,0,0,1,INVALID_ROOT_COUNT
BCH-B300,0,0,94,be19170334beee9783363048ae854f6865e52f3e2a7dc789e6b9726b996c317c,43,39,0,0,0,1,INVALID_ROOT_COUNT
BCH-B300,0,0,95,59308b2d25512af105b23cefd606bec9513c0213475f26873bce40016974af12,33,25,0,0,0,1,INVALID_ROOT_COUNT
BCH-B300,0,0,96,e145ea83595d3058a2fe654d9e1795db0f83d6c0c55eb3f2328e0d4eb41f9f23,44,31,0,0,0,1,INVALID_ROOT_COUNT
BCH-B300,0,0,97,085ae803dad3f71b66082a19e8248c254a3146dfee9598808e98fbe44381cef6,37,32,0,0,0,1,INVALID_ROOT_COUNT
BCH-B300,0,0,98,563b6b111fafaffaece36f8d2c0f0b882814f4109a4a4227ac2dc7db9abc19ff,40,32,0,0,0,1,INVALID_ROOT_COUNT
BCH-B300,0,0,99,2b957ca2e62314ca87481cf670dd1d41541c412b5a3823cf6dac48447a853594,43,30,0,0,0,1,INVALID_ROOT_COUNT
BCH-B300,0,0,100,8dc5f14ec36ec1c39d70dd414b8cb0020ecc802e33321a2d860aa3336a29483d,44,34,0,0,0,1,INVALID_ROOT_COUNT
BCH-B300,0,0,101,014155bece6b882d2328d4cde5d24ab0f50c9b8d4e7003cdf2735a5b958b602f,38,30,0,0,0,1,INVALID_ROOT_COUNT
BCH-B300,0,0,102,d05b0579883d07e6eef2d3617cd37e415750ece763cd6cbf14e0931a44167b33,42,31,0,0,0,1,INVALID_ROOT_COUNT
BCH-B300,0,0,103,1a835dbb4017f528236e42229efcbf9ec8ea14532e7740606a9bb179a90a0351,32,26,0,0,0,1,INVALID_ROOT_COUNT
BCH-B300,0,0,104,c4a1fb714ee856eb456b382bc991b793fb20eacf15a2f0f49074c110dbd35962,33,22,0,0,0,1,INVALID_ROOT_COUNT
BCH-B300,0,0,105,a466da70e1303024e53b0b587dd13b1aa7f21f7c09ca45581b6f4a36579765c5,52,43,0,0,0,1,INVALID_ROOT_COUNT
BCH-B300,0,0,106,0dd108e6665c21e918c54a0249bcd6b438a55e7f87b7d8c8c58104fc6a9b7fac,43,35,0,0,0,1,INVALID_ROOT_COUNT
BCH-B300,0,0,107,b5b0e0d8e4d8f47cc3da133b39c5443b021b85b981f8527744bef0edaf66bcb5,48,43,0,0,0,1,INVALID_ROOT_COUNT
BCH-B300,0,0,108,0ae2c237a93874dd861df3af0eee1ec890c6efdc2906100a50d9e25943da07dc,31,20,0,0,0,1,INVALID_ROOT_COUNT
BCH-B300,0,0,109,47f6f97827d39fc24e3519a7c9f9660cadcbfba90058d78d19b5e91d5fd67d6d,40,32,0,0,0,1,INVALID_ROOT_COUNT
BCH-B300,0,0,110,2b6e12bddbaf25a7ed294a9f2be082b9beb3639032613827e1054847e4300712,31,23,0,0,0,1,INVALID_ROOT_COUNT
BCH-B300,0,0,111,31b7b45de3d02b604494ced559da9e87f79d6af2162644e234f12b4b80bfcacd,45,39,0,0,0,1,INVALID_ROOT_COUNT
BCH-B300,0,0,112,bea938e3e37c2174b9b95bd2feb2151036fd6be8111c6ce2aa3a44a9372660c8,34,23,0,0,0,1,INVALID_ROOT_COUNT
BCH-B300,0,0,113,29522800e393f7b9d14d4492d877a103a3a09811366e994578dacff38001b48e,34,26,0,0,0,1,INVALID_ROOT_COUNT
BCH-B300,0,0,114,8d73075df45659588d370006b3215cb1f813e6bbb07878efcf91babc1c0a8c92,41,31,0,0,0,1,INVALID_ROOT_COUNT
BCH-B300,0,0,115,0136aafc2d87111a0026c1a6b66bfa5c2b7da3a829ec483120f56f9e7ca64571,40,29,0,0,0,1,INVALID_ROOT_COUNT
BCH-B300,0,0,116,f5b3538857b761e5af98ff09b7d2b8e4b77347b4cf192e80ac469b20bdb5522f,34,26,0,0,0,1,INVALID_ROOT_COUNT
BCH-B300,0,0,117,db40f29d35bfa6fa5e409d7642e920ec6de029a05ebb30d06b6763f83d243e35,46,38,0,0,0,1,INVALID_ROOT_COUNT
BCH-B300,0,0,118,ac7e97f8de0f5f6f6270877fb8a27e4491cd13eceb21242f1bf01389a1c51a1f,45,38,0,0,0,1,INVALID_ROOT_COUNT
BCH-B300,0,0,119,37d23be7440784e968b6c364a792d0d76d74c0e741180efa38238392446046bc,44,32,0,0,0,1,INVALID_ROOT_COUNT
BCH-B300,0,0,120,5b9033f4f531457d68696c9a20d40a02ed16fd4e4eb2669e1a326093289293c3,35,26,0,0,0,1,INVALID_ROOT_COUNT
BCH-B300,0,0,121,9a7ad1005289f1448f3e9d2da35314f7c6fed44bbd3caf17d79ceba32f99b9b7,35,29,0,0,0,1,INVALID_ROOT_COUNT
BCH-B300,0,0,122,b013e65db854ebee2af553eb7b1bfc2e0c5cc6ff968a263a57ccf15ad81ac35f,45,33,0,0,0,1,INVALID_ROOT_COUNT
BCH-B300,0,0,123,de62fff8d36b6066e3f71cae40192806799c39baa5ea8d87d12414f5f0290b92,39,30,0,0,0,1,INVALID_ROOT_COUNT
BCH-B300,0,0,124,fd3fc6eb852f8d6e533173c583180d12e29537e31bbd779290bae21310991518,35,26,0,0,0,1,INVALID_ROOT_COUNT
BCH-B300,0,0,125,902f771d23a1f60d351f2800ec88969aed5c978c7eb7b987b28662022c353d95,49,45,0,0,0,1,INVALID_ROOT_COUNT
BCH-B300,0,0,126,069a9577920165481b1ac9b2f2474c91c91d8e55c8f9bcdae64ae51f1d5a9015,35,32,0,0,0,1,INVALID_ROOT_COUNT
BCH-B300,0,0,127,c32cedd222796b7e6f7f23850366ed8a7072013a4f1f52ade53e40bd580a83ec,35,29,0,0,0,1,INVALID_ROOT_COUNT
BCH-B300,0,0,128,97a55de53b7aecb736b3701aac17f776a3e7991a9bd57cb47e76b716f93dabc9,38,29,0,0,0,1,INVALID_ROOT_COUNT
BCH-B300,0,0,129,863268e53fbfe0c2a995b91d9bf65e0b1a9d06f9b28bc286df7f63747de752d9,44,32,0,0,0,1,INVALID_ROOT_COUNT
BCH-B300,0,0,130,7a2d15e7686846ea62d9132e32d939f1951d2840983c33364ab4cd5569da18d2,43,35,0,0,0,1,INVALID_ROOT_COUNT
BCH-B300,0,0,131,f68c4057c257b0d3231247cbdc0721405ce3196dbd5d11f318b80575334f5532,48,28,0,0,0,1,INVALID_ROOT_COUNT
BCH-B300,0,0,132,b8fc7b8380a673951d71928c6b561f58fb861025930351950db7d92fad0a590e,46,39,0,0,0,1,INVALID_ROOT_COUNT
BCH-B300,0,0,133,2f25c53288bdc77e0008f8fe49999d962f6a7e539ada2c47be70bdea75764109,42,29,0,0,0,1,INVALID_ROOT_COUNT
BCH-B300,0,0,134,ad003e58fbf12a1a72104b3371c1eb2248724a7932a7f64c7677a09f59f90fcf,30,24,0,0,0,1,INVALID_ROOT_COUNT
BCH-B300,0,0,135,603981b9885fea75d37c8e06ea6b40ecb2e5f91b0ebb86420222d5230c46d945,47,36,0,0,0,1,INVALID_ROOT_COUNT
BCH-B300,0,0,136,d4e6f93da1ffb2b069f4912234789275338bbafacb015567126af38214b0a8c1,46,37,0,0,0,1,INVALID_ROOT_COUNT
BCH-B300,0,0,137,1cfaf2cd61522b92a6036a7884f721d7dfc2c12e0df0f36782a2555b9032b96e,38,28,0,0,0,1,INVALID_ROOT_COUNT
BCH-B300,0,0,138,af92b3dca4458307c070a48fc11f9342844ef270aac55b3221bb3dec710bc955,43,35,0,0,0,1,INVALID_ROOT_COUNT
BCH-B300,0,0,139,76db8ae9e84125aa3605f9c9f01683ae8d5230710e32fb9add5493015c050da6,33,27,0,0,0,1,INVALID_ROOT_COUNT
BCH-B300,0,0,140,7d103bc7ed24a6e46552aec17fe4a7172a7fca1dcf09b840e4c9c46b800d0716,47,36,0,0,0,1,INVALID_ROOT_COUNT
BCH-B300,0,0,141,da0b9de9b3cc7f4bb2e673c5dda60b755237f73e6cbec76415379cc7ac5bdecd,40,32,0,0,0,1,INVALID_ROOT_COUNT
BCH-B300,0,0,142,1cc9c9ba6fff2a58a09a4104e9572969e6110de4b0265d3e1ab79b712824684c,37,30,0,0,0,1,INVALID_ROOT_COUNT
BCH-B300,0,0,143,fc62e781d419ac8d06c98fb5e1be00dc1d9231ad9ded9a5e350db6e19962fe44,44,35,0,0,0,1,INVALID_ROOT_COUNT
BCH-B300,0,0,144,96d542e4b0aeccb0d4b3d109798d3504c01d125aa2a0a184ce3d2b78206b47ab,48,37,0,0,0,1,INVALID_ROOT_COUNT
BCH-B300,0,0,145,fb8c3e55321578bc32204d235e0bf150543bb713b75a2e124d85ce2a4db34ada,43,36,0,0,0,1,INVALID_ROOT_COUNT
BCH-B300,0,0,146,69f5b8476831d4e9f3a097c8f8e339a5efb6ac5224859a53d7a725feb97fb520,45,35,0,0,0,1,INVALID_ROOT_COUNT
BCH-B300,0,0,147,7f9776df3ed6624c541396000e2e2cca9f54c4d0753725d41518ab4611c86fe7,37,23,0,0,0,1,INVALID_ROOT_COUNT
BCH-B300,0,0,148,d776e1055b83142b33d3096405e2e58e082773148137e5fd9cefc59880fb49cc,42,34,0,0,0,1,INVALID_ROOT_COUNT
BCH-B300,0,0,149,54a1944be52d9302f1730dd501c8f6f840a50d67cceb05366ebeb9575d4fe030,39,30,0,0,0,1,INVALID_ROOT_COUNT
BCH-B300,0,0,150,2330b80547181b2326a4d1373ed1fe42fbcdb5410884c2b39c73da97dfe382b6,48,35,0,0,0,1,INVALID_ROOT_COUNT
BCH-B300,0,0,151,b2230d839b828a1de92cebf3fb6a8a0c4fcc1546e8a8edb28501c292ce351ba9,31,25,0,0,0,1,INVALID_ROOT_COUNT
BCH-B300,0,0,152,f92bfb619b033f517cecc1e4093317cc3e937841735e5fd73e453796e24c2f1d,33,26,0,0,0,1,INVALID_ROOT_COUNT
BCH-B300,0,0,153,273e2d5aafa199c9acafc5a1fa0e63daf0deb92e25e98f99333ae9f672ae4350,27,20,0,0,0,1,INVALID_ROOT_COUNT
BCH-B300,0,0,154,65bbf8fb6412208905a2af434adbbf85a5ee8713e73bd61e4ddbef9bc9016344,44,34,0,0,0,1,INVALID_ROOT_COUNT
BCH-B300,0,0,155,a79cfd4814d92352cba90899715481e5aeabf2def36be1b6c96ae4c45be673f2,41,30,0,0,0,1,INVALID_ROOT_COUNT
BCH-B300,0,0,156,06a841438588d862ce411b39a0b122e52083d4806f3f6b0ce2197a8b3334399d,33,23,0,0,0,1,INVALID_ROOT_COUNT
BCH-B300,0,0,157,44b792cd7fd8403b194e06a375778a07461de78a8f796ec9fe88060d5114784c,35,25,0,0,0,1,INVALID_ROOT_COUNT
BCH-B300,0,0,158,4a1c0652ae97fcec96b4ff3dbf2ed57cae47f59f116c272cea4c74bee954ba03,35,26,0,0,0,1,INVALID_ROOT_COUNT
BCH-B300,0,0,159,ffc290bab68dd472b5a27416c9254855877f25bfc87705e5d56d1a03df03e55a,49,36,0,0,0,1,INVALID_ROOT_COUNT
BCH-B300,0,0,160,dfcd47e28d7b44e96e6bb6a7c2142393702d24aca7adf195425e66c07c4203d1,42,33,0,0,0,1,INVALID_ROOT_COUNT
BCH-B300,0,0,161,41ca00dc5e7dcd5cc1327c300c4005e51224e158be905b8e75ea2ffd14dba262,41,28,0,0,0,1,INVALID_ROOT_COUNT
BCH-B300,0,0,162,7e7167351914589f5c298ee44ef59d6f27ecc9c34b71847736d0fd919a764cfa,52,41,0,0,0,1,INVALID_ROOT_COUNT
BCH-B300,0,0,163,bfc9c42b134c2bd56f290483b3b4f20c14b280678386704068547ce01e5b915a,43,32,0,0,0,1,INVALID_ROOT_COUNT
BCH-B300,0,0,164,add1d21bc3ccad7178f3ee8a6f8fd245db010197309597041a7b3eda7d4c2e4e,29,24,0,0,0,1,INVALID_ROOT_COUNT
BCH-B300,0,0,165,e739ce53431c00cd956eb81ae3c17cb231bb375e7d8a9ce28f711e3ce0d3a975,40,27,0,0,0,1,INVALID_ROOT_COUNT
BCH-B300,0,0,166,a225118b6979acba71d18091c9e92128d94b0a57c8195f0fd185fcb42742474c,31,25,0,0,0,1,INVALID_ROOT_COUNT
BCH-B300,0,0,167,4259571e0b5f846494e03c5ccbaf323dcf3a468390a8ca1882b669ed668c459a,32,26,0,0,0,1,INVALID_ROOT_COUNT
BCH-B300,0,0,168,d87364e546c85f8193a31e3c72497f977fa0b53b386f54e2bc3053ea22b8b5f0,42,33,0,0,0,1,INVALID_ROOT_COUNT
BCH-B300,0,0,169,db6d1619c51793f0fc9aac98968d069a3c2e022ee68ffa6a530c60a0bc962044,44,33,0,0,0,1,INVALID_ROOT_COUNT
BCH-B300,0,0,170,ce0f02fa64f59920b8713a08900472eb9a150373ac20e303e123b7777b582df6,41,35,0,0,0,1,INVALID_ROOT_COUNT
BCH-B300,0,0,171,77b29846b6ade88efa4149e58bd0e6f5296992272ea515d5ee9f09c498dbe3cf,38,27,0,0,0,1,INVALID_ROOT_COUNT
BCH-B300,0,0,172,a62f68964a5150a84442d6336bd6c3eb29e380825a9fbe3efd233b89aff1ff4b,38,26,0,0,0,1,INVALID_ROOT_COUNT
BCH-B300,0,0,173,9bb20611453afc1dd87a5b83e841585c4eb6de0d5172a6177d9b88e125f39f72,38,31,0,0,0,1,INVALID_ROOT_COUNT
BCH-B300,0,0,174,71926f2b8efde7639f5513ead6910884a282173777c61806c0320ea53c44a603,39,29,0,0,0,1,INVALID_ROOT_COUNT
BCH-B300,0,0,175,3d8207e84e6ad3c9f7ddcef91090bf26faf0419e932908aa2d8f1170547100ba,37,30,0,0,0,1,INVALID_ROOT_COUNT
BCH-B300,0,0,176,125444ef96e7f6bb83d66d8c9fe2804a484856b4afd06a29e2f3fc1d8fb9e8f2,36,24,0,0,0,1,INVALID_ROOT_COUNT
BCH-B300,0,0,177,65a9d53c452778450c52878f29dc1c401e0266d0c20ac07b87f1b73422f63604,49,39,0,0,0,1,INVALID_ROOT_COUNT
BCH-B300,0,0,178,7186096dcef255b58054f8ff6a74233060b4b17268026ef1a127cd608ec974a9,43,32,0,0,0,1,INVALID_ROOT_COUNT
BCH-B300,0,0,179,c15659f7709176053aa9979c577db8e3872e8af5cc8da30822096d1ba374c5e0,42,39,0,0,0,1,INVALID_ROOT_COUNT
BCH-B300,0,0,180,758269902de732b676e0916891e17cd901b547766da1194c405a0e4309753bcf,44,35,0,0,0,1,INVALID_ROOT_COUNT
BCH-B300,0,0,181,7529b28507468956e24a005ed7773e2f2fa2537841079d9e5f363f712cd61826,32,29,0,0,0,1,INVALID_ROOT_COUNT
BCH-B300,0,0,182,c54dd7b577e508b06eb92bad1f19953c1117a5f828d096f05f3c012c92337210,39,27,0,0,0,1,INVALID_ROOT_COUNT
BCH-B300,0,0,183,44a6130931d9c0355e36c3f45950705ae6e47da11632c808e4bc935cc2b1dde0,54,39,0,0,0,1,INVALID_ROOT_COUNT
BCH-B300,0,0,184,d87ffea1ff41e55004fda56a3febb5a5b00ae41994754c93108ac241252ba5ef,34,23,0,0,0,1,INVALID_ROOT_COUNT
BCH-B300,0,0,185,eddc371470ee0d61641df3e99b336fe216a2150217f9a56591e3d1556b5d5513,49,43,0,0,0,1,INVALID_ROOT_COUNT
BCH-B300,0,0,186,d8272255ee8b3eb3bc60bfde7a42d0dcdbb4027914528d5fc5d3962c055ada27,45,38,0,0,0,1,INVALID_ROOT_COUNT
BCH-B300,0,0,187,4f6ef523c03bc3cc8958a973478f2a9137bfb4e1d26e437aca84a5937ad5e0fc,38,29,0,0,0,1,INVALID_ROOT_COUNT
BCH-B300,0,0,188,817d0969f04a00440caa876240115f0283ddebc9c3b868c56c2ecef7b92cbf88,31,25,0,0,0,1,INVALID_ROOT_COUNT
BCH-B300,0,0,189,e0185979bac0ed63963bbcc869f9461560176308aaf9cdca4cc8601cdb6fe642,36,26,0,0,0,1,INVALID_ROOT_COUNT
BCH-B300,0,0,190,c4deda9ee5e0a4f1835fbefc09cd5030e86005aa09939b835522c586d7b5f49d,37,31,0,0,0,1,INVALID_ROOT_COUNT
BCH-B300,0,0,191,194110cd95a5bc535b8f63381de50993aff0bcfc07eec26d4b72032f3bb8c743,42,35,0,0,0,1,INVALID_ROOT_COUNT
BCH-B300,0,0,192,aeec9887bfe0caa263782477c7b8b23b8740261906d54d59d8c28604e288864e,38,32,0,0,0,1,INVALID_ROOT_COUNT
BCH-B300,0,0,193,c4b95ad4a44dc99ee8489100293f37adf3969d0ad624785186c78c3e9618ce2f,49,39,0,0,0,1,INVALID_ROOT_COUNT
BCH-B300,0,0,194,48f5e76998db3cf515fa1c2f7d774ee718c9c7ba3e97f73725b785ece0e3e9e1,48,34,0,0,0,1,INVALID_ROOT_COUNT
BCH-B300,0,0,195,b0687ac15dd081c5fdd46e2f234e87e579ef3ea3e6ea0bb9d4b26951d5edd803,43,29,0,0,0,1,INVALID_ROOT_COUNT
BCH-B300,0,0,196,c2b49c44360e4209720bd46808b4cbf66753b8499e5d73f0c92d0e1a90358fa6,52,37,0,0,0,1,INVALID_ROOT_COUNT
BCH-B300,0,0,197,b997542d15e402d403d33f9dc91c60c8fcc6079642640db75173598999d8339d,51,41,0,0,0,1,INVALID_ROOT_COUNT
BCH-B300,0,0,198,c4173c1715e92d492bd0ef3b3f17daabcd23ded0cb6fc3b260bbe10ce4de983f,36,27,0,0,0,1,INVALID_ROOT_COUNT
BCH-B300,0,0,199,4b8d048dc683d464791b341672bbe07287cef1736ce558b54e3679e4062b2fc1,40,30,0,0,0,1,INVALID_ROOT_COUNT
