runLayer,experimentId,candidateId,rateCase,targetFerLevel,snrDb,esN0Db,ebN0Db,actualRate,sigmaSquared,windowBits,slideBits,dtb,frames,bitErrors,frameErrors,BER,FER,berCiLow,berCiHigh,ferCiLow,ferCiHigh,boundaryBER,nonBoundaryBER,mismatchVsBlockBits,mismatchVsBlockFrames,relativeFerIncreaseVsBlock,firstOutputDelaySymbols,avgDecisionDelaySymbols,p95DecisionDelaySymbols,maxDecisionDelaySymbols,fullFrameLastDecisionSymbol,steadyOutputIntervalMean,steadyOutputIntervalP95,windowCount,outputBatchCount,windowTriggerCount,ACSCount,tracebackOperations,avgWindowProcessingTimeUs,p95WindowProcessingTimeUs,medianWindowProcessingTimeUs,maxWindowProcessingTimeUs,timingBatchCount,windowBufferBytes,survivorMemoryBytes,pathMetricMemoryBytes,totalMemoryBytes,lostBits,duplicateBits,outputLength,finalFlushPass,payloadSeed,noiseSeed,frameIndex,caseId,sourceNoiseId,stopReason
formal_full_wsd_20260730,CONTROL_W,W96-S16-D70,R12,FULL_GRID,-2,-2,1.0963016742589877,0.49019607843137253,0.79244659623055669,96,16,70,1000,10298,639,0.034326666666666665,0.63900000000000001,0.033681100388586419,0.034984158558267045,0.60875216296783496,0.66818399817318075,0.035114035087719299,0.031833333333333332,294,41,0.0094786729857819982,170,137.77333333333334,168,170,611,31.428571428571427,32,15,15,15,181886000,1286000,1782.2590999999995,2187.1999999999998,1749.0999999999999,5220.1999999999998,5,18432,18432,1536,19968,0,0,300,1,2026072001,2026072903,0-999,CC-C-R12-S-W96-S16-D70,STAGE13-1200,TARGET_ERRORS_REACHED
formal_full_wsd_20260730,CONTROL_W,W128-S16-D70,R12,FULL_GRID,-2,-2,1.0963016742589877,0.49019607843137253,0.79244659623055669,128,16,70,1000,10285,638,0.034283333333333332,0.63800000000000001,0.033638164331783897,0.03494042905814345,0.60773822752546014,0.66720558713252665,0.035311224489795921,0.032346153846153844,245,35,0.0078988941548183318,170,142.03999999999999,196,226,611,36.666666666666664,88,13,13,13,210558000,1146000,2054.9422999999988,2489.0999999999999,2022.3,7177.3999999999996,5,24576,24576,1536,26112,0,0,300,1,2026072001,2026072903,0-999,CC-C-R12-S-W128-S16-D70,STAGE13-1200,TARGET_ERRORS_REACHED
formal_full_wsd_20260730,CONTROL_W,W160-S16-D70,R12,FULL_GRID,-2,-2,1.0963016742589877,0.49019607843137253,0.79244659623055669,160,16,70,1000,10251,636,0.034169999999999999,0.63600000000000001,0.033525871348842919,0.034826058276816153,0.60571077260470396,0.66524834908722497,0.035243902439024387,0.032875000000000001,209,30,0.0047393364928909991,170,153.13333333333333,260,290,611,44,152,11,11,11,222846000,1006000,2173.7910999999981,2647.8000000000002,2134.8000000000002,14247.299999999999,5,30720,30720,1536,32256,0,0,300,1,2026072001,2026072903,0-999,CC-C-R12-S-W160-S16-D70,STAGE13-1200,TARGET_ERRORS_REACHED
formal_full_wsd_20260730,CONTROL_W,W192-S16-D70,R12,FULL_GRID,-2,-2,1.0963016742589877,0.49019607843137253,0.79244659623055669,192,16,70,1000,10243,635,0.034143333333333331,0.63500000000000001,0.033499449748655853,0.034799147226587147,0.6046972526360328,0.66426952257286742,0.034704545454545453,0.033702380952380949,175,26,0.0031595576619273327,170,171.05333333333334,324,354,611,55,216,9,9,9,218750000,866000,2149.725899999999,2626.0999999999999,2110.1999999999998,8729.7000000000007,5,36864,36864,1536,38400,0,0,300,1,2026072001,2026072903,0-999,CC-C-R12-S-W192-S16-D70,STAGE13-1200,TARGET_ERRORS_REACHED
formal_full_wsd_20260730,CONTROL_S,W160-S8-D70,R12,FULL_GRID,-2,-2,1.0963016742589877,0.49019607843137253,0.79244659623055669,160,8,70,1000,10285,639,0.034283333333333332,0.63900000000000001,0.033638164331783897,0.03494042905814345,0.60875216296783496,0.66818399817318075,0.034555555555555555,0.033963768115942032,265,45,0.0094786729857819982,154,152.91999999999999,276,306,611,24,168,20,20,20,408190000,1636000,3935.2531999999946,4753.1999999999998,3897.9000000000001,6122,5,30720,30720,1536,32256,0,0,300,1,2026072001,2026072903,0-999,CC-C-R12-S-W160-S8-D70,STAGE13-1200,TARGET_ERRORS_REACHED
formal_full_wsd_20260730,CONTROL_S,W160-S16-D70,R12,FULL_GRID,-2,-2,1.0963016742589877,0.49019607843137253,0.79244659623055669,160,16,70,1000,10251,636,0.034169999999999999,0.63600000000000001,0.033525871348842919,0.034826058276816153,0.60571077260470396,0.66524834908722497,0.035243902439024387,0.032875000000000001,209,30,0.0047393364928909991,170,153.13333333333333,260,290,611,44,152,11,11,11,222846000,1006000,2164.9728000000014,2665,2140,4814.3999999999996,5,30720,30720,1536,32256,0,0,300,1,2026072001,2026072903,0-999,CC-C-R12-S-W160-S16-D70,STAGE13-1200,TARGET_ERRORS_REACHED
formal_full_wsd_20260730,CONTROL_S,W160-S25-D70,R12,FULL_GRID,-2,-2,1.0963016742589877,0.49019607843137253,0.79244659623055669,160,25,70,1000,10269,637,0.034229999999999997,0.63700000000000001,0.033585320336981,0.034886607752114218,0.60672443081988359,0.66622703735507427,0.035891666666666669,0.03312222222222222,169,22,0.0063191153238546655,188,162.5,280,310,611,70.333333333333329,172,7,7,7,142206000,726000,1393.9933000000001,1719.8,1372.7,3292.0999999999999,5,30720,30720,1536,32256,0,0,300,1,2026072001,2026072903,0-999,CC-C-R12-S-W160-S25-D70,STAGE13-1200,TARGET_ERRORS_REACHED
formal_full_wsd_20260730,CONTROL_S,W160-S50-D70,R12,FULL_GRID,-2,-2,1.0963016742589877,0.49019607843137253,0.79244659623055669,160,50,70,1000,10285,633,0.034283333333333332,0.63300000000000001,0.033638164331783897,0.03494042905814345,0.60267062647511083,0.66231145576773154,0.036216666666666668,0.033799999999999997,77,9,0,238,175,280,310,611,124,172,4,4,4,80766000,516000,802.36159999999904,976.89999999999998,789.29999999999995,4554.8999999999996,5,30720,30720,1536,32256,0,0,300,1,2026072001,2026072903,0-999,CC-C-R12-S-W160-S50-D70,STAGE13-1200,TARGET_ERRORS_REACHED
formal_full_wsd_20260730,CONTROL_D,W160-S16-D35,R12,FULL_GRID,-2,-2,1.0963016742589877,0.49019607843137253,0.79244659623055669,160,16,35,1000,10845,682,0.036150000000000002,0.68200000000000005,0.035487963659538137,0.036823915259513805,0.65248657064629245,0.71012048926496563,0.038890243902439024,0.032845588235294119,2131,245,0.077409162717219662,100,115.8,260,290,611,51,222,11,11,11,222846000,656000,2149.0377000000017,2650.8000000000002,2134.5,5308,5,30720,30720,1536,32256,0,0,300,1,2026072001,2026072903,0-999,CC-C-R12-S-W160-S16-D35,STAGE13-1200,TARGET_ERRORS_REACHED
formal_full_wsd_20260730,CONTROL_D,W160-S16-D49,R12,FULL_GRID,-2,-2,1.0963016742589877,0.49019607843137253,0.79244659623055669,160,16,49,1000,10418,654,0.03472666666666667,0.65400000000000003,0.034077446296363917,0.035387802406730534,0.62397801848851331,0.68284333989793589,0.036274390243902437,0.032860294117647057,862,110,0.033175355450236997,128,130.73333333333332,260,290,611,48.200000000000003,194,11,11,11,222846000,796000,2176.769500000004,2657.0999999999999,2132.5999999999999,8824.7000000000007,5,30720,30720,1536,32256,0,0,300,1,2026072001,2026072903,0-999,CC-C-R12-S-W160-S16-D49,STAGE13-1200,TARGET_ERRORS_REACHED
formal_full_wsd_20260730,CONTROL_D,W160-S16-D70,R12,FULL_GRID,-2,-2,1.0963016742589877,0.49019607843137253,0.79244659623055669,160,16,70,1000,10251,636,0.034169999999999999,0.63600000000000001,0.033525871348842919,0.034826058276816153,0.60571077260470396,0.66524834908722497,0.035243902439024387,0.032875000000000001,209,30,0.0047393364928909991,170,153.13333333333333,260,290,611,44,152,11,11,11,222846000,1006000,2185.0684999999985,2735.4000000000001,2142.4000000000001,4764.8000000000002,5,30720,30720,1536,32256,0,0,300,1,2026072001,2026072903,0-999,CC-C-R12-S-W160-S16-D70,STAGE13-1200,TARGET_ERRORS_REACHED
formal_full_wsd_20260730,CONTROL_D,W160-S16-D84,R12,FULL_GRID,-2,-2,1.0963016742589877,0.49019607843137253,0.79244659623055669,160,16,84,1000,10256,634,0.034186666666666664,0.63400000000000001,0.033542384902842358,0.034842877629326759,0.60368387067247475,0.66329055805339654,0.035274390243902436,0.032875000000000001,74,14,0.0015797788309636664,198,168.06666666666666,260,290,611,41.200000000000003,124,11,11,11,222846000,1146000,2178.3217999999983,2658.0999999999999,2137.5,6720.6000000000004,5,30720,30720,1536,32256,0,0,300,1,2026072001,2026072903,0-999,CC-C-R12-S-W160-S16-D84,STAGE13-1200,TARGET_ERRORS_REACHED
formal_full_wsd_20260730,CONTROL_D,W160-S16-D98,R12,FULL_GRID,-2,-2,1.0963016742589877,0.49019607843137253,0.79244659623055669,160,16,98,1000,10263,633,0.034209999999999997,0.63300000000000001,0.033565503948008911,0.034866424653274254,0.60267062647511083,0.66231145576773154,0.035304878048780484,0.032889705882352939,11,3,0,226,183,260,290,611,38.399999999999999,96,11,11,11,222846000,1286000,2187.4758000000006,2693.9000000000001,2142.3000000000002,7159.6000000000004,5,30720,30720,1536,32256,0,0,300,1,2026072001,2026072903,0-999,CC-C-R12-S-W160-S16-D98,STAGE13-1200,TARGET_ERRORS_REACHED
formal_full_wsd_20260730,CONTROL_D,W160-S16-D112,R12,FULL_GRID,-2,-2,1.0963016742589877,0.49019607843137253,0.79244659623055669,160,16,112,1000,10272,633,0.03424,0.63300000000000001,0.033595228553792274,0.034896699279208972,0.60267062647511083,0.66231145576773154,0.035359756097560972,0.032889705882352939,0,0,0,254,197.93333333333334,260,290,611,35.600000000000001,68,11,11,11,222846000,1426000,2168.1141000000007,2673.0999999999999,2141.3000000000002,4602.6000000000004,5,30720,30720,1536,32256,0,0,300,1,2026072001,2026072903,0-999,CC-C-R12-S-W160-S16-D112,STAGE13-1200,TARGET_ERRORS_REACHED
formal_full_wsd_20260730,CONTROL_W,W96-S16-D70,R12,FULL_GRID,0.5,0.5,3.5963016742589877,0.49019607843137253,0.44562546906687278,96,16,70,39747,949,200,7.9586719333115283e-05,0.0050318263013560769,7.4681859181411955e-05,8.4813687327349281e-05,0.0043824441025831469,0.0057768743923233773,8.2318912737097227e-05,7.0934773553839144e-05,0,0,0,170,137.77333333333334,168,170,611,31.428571428571427,32,15,15,15,7229422842,51114642,1890.8420006541257,2169.6999999999998,1952.2,9928.1000000000004,5,18432,18432,1536,19968,0,0,300,1,2026072001,2026072903,0-39746,CC-C-R12-S-W96-S16-D70,STAGE13-1200,TARGET_ERRORS_REACHED
formal_full_wsd_20260730,CONTROL_W,W128-S16-D70,R12,FULL_GRID,0.5,0.5,3.5963016742589877,0.49019607843137253,0.44562546906687278,128,16,70,39747,949,200,7.9586719333115283e-05,0.0050318263013560769,7.4681859181411955e-05,8.4813687327349281e-05,0.0043824441025831469,0.0057768743923233773,7.9585007827570614e-05,7.9589944862795643e-05,0,0,0,170,142.03999999999999,196,226,611,36.666666666666664,88,13,13,13,8369048826,45550062,2179.4879990942691,2500.5999999999999,2248.9000000000001,5589.8000000000002,5,24576,24576,1536,26112,0,0,300,1,2026072001,2026072903,0-39746,CC-C-R12-S-W128-S16-D70,STAGE13-1200,TARGET_ERRORS_REACHED
formal_full_wsd_20260730,CONTROL_W,W160-S16-D70,R12,FULL_GRID,0.5,0.5,3.5963016742589877,0.49019607843137253,0.44562546906687278,160,16,70,39747,949,200,7.9586719333115283e-05,0.0050318263013560769,7.4681859181411955e-05,8.4813687327349281e-05,0.0043824441025831469,0.0057768743923233773,7.6397850551077019e-05,8.343211992322025e-05,0,0,0,170,153.13333333333333,260,290,611,44,152,11,11,11,8857459962,39985482,2313.1850881827431,2653.3000000000002,2381.0999999999999,9224.7999999999993,5,30720,30720,1536,32256,0,0,300,1,2026072001,2026072903,0-39746,CC-C-R12-S-W160-S16-D70,STAGE13-1200,TARGET_ERRORS_REACHED
formal_full_wsd_20260730,CONTROL_W,W192-S16-D70,R12,FULL_GRID,0.5,0.5,3.5963016742589877,0.49019607843137253,0.44562546906687278,192,16,70,39747,949,200,7.9586719333115283e-05,0.0050318263013560769,7.4681859181411955e-05,8.4813687327349281e-05,0.0043824441025831469,0.0057768743923233773,7.9479983623692577e-05,7.9670583104804555e-05,0,0,0,170,171.05333333333334,324,354,611,55,216,9,9,9,8694656250,34420902,2273.4036908445942,2611.9000000000001,2341,7879.1999999999998,5,36864,36864,1536,38400,0,0,300,1,2026072001,2026072903,0-39746,CC-C-R12-S-W192-S16-D70,STAGE13-1200,TARGET_ERRORS_REACHED
formal_full_wsd_20260730,CONTROL_S,W160-S8-D70,R12,FULL_GRID,0.5,0.5,3.5963016742589877,0.49019607843137253,0.44562546906687278,160,8,70,39747,949,200,7.9586719333115283e-05,0.0050318263013560769,7.4681859181411955e-05,8.4813687327349281e-05,0.0043824441025831469,0.0057768743923233773,7.5477394520341156e-05,8.4410709330719704e-05,0,0,0,154,152.91999999999999,276,306,611,24,168,20,20,20,16224327930,65026092,4208.9109467381195,4772.3999999999996,4323.8000000000002,9581.8999999999996,5,30720,30720,1536,32256,0,0,300,1,2026072001,2026072903,0-39746,CC-C-R12-S-W160-S8-D70,STAGE13-1200,TARGET_ERRORS_REACHED
formal_full_wsd_20260730,CONTROL_S,W160-S16-D70,R12,FULL_GRID,0.5,0.5,3.5963016742589877,0.49019607843137253,0.44562546906687278,160,16,70,39747,949,200,7.9586719333115283e-05,0.0050318263013560769,7.4681859181411955e-05,8.4813687327349281e-05,0.0043824441025831469,0.0057768743923233773,7.6397850551077019e-05,8.343211992322025e-05,0,0,0,170,153.13333333333333,260,290,611,44,152,11,11,11,8857459962,39985482,2307.4897526857158,2645.0999999999999,2378.0999999999999,9063.3999999999996,5,30720,30720,1536,32256,0,0,300,1,2026072001,2026072903,0-39746,CC-C-R12-S-W160-S16-D70,STAGE13-1200,TARGET_ERRORS_REACHED
formal_full_wsd_20260730,CONTROL_S,W160-S25-D70,R12,FULL_GRID,0.5,0.5,3.5963016742589877,0.49019607843137253,0.44562546906687278,160,25,70,39747,949,200,7.9586719333115283e-05,0.0050318263013560769,7.4681859181411955e-05,8.4813687327349281e-05,0.0043824441025831469,0.0057768743923233773,7.4219437945002137e-05,8.3164906925190714e-05,0,0,0,188,162.5,280,310,611,70.333333333333329,172,7,7,7,5652261882,28856322,1480.8191209399433,1713.2,1524.2,9535.7999999999993,5,30720,30720,1536,32256,0,0,300,1,2026072001,2026072903,0-39746,CC-C-R12-S-W160-S25-D70,STAGE13-1200,TARGET_ERRORS_REACHED
formal_full_wsd_20260730,CONTROL_S,W160-S50-D70,R12,FULL_GRID,0.5,0.5,3.5963016742589877,0.49019607843137253,0.44562546906687278,160,50,70,39747,949,200,7.9586719333115283e-05,0.0050318263013560769,7.4681859181411955e-05,8.4813687327349281e-05,0.0043824441025831469,0.0057768743923233773,7.7154669954126518e-05,8.0194731677862475e-05,0,0,0,238,175,280,310,611,124,172,4,4,4,3210206202,20509452,846.30721563891541,990.70000000000005,871.60000000000002,4318.8000000000002,5,30720,30720,1536,32256,0,0,300,1,2026072001,2026072903,0-39746,CC-C-R12-S-W160-S50-D70,STAGE13-1200,TARGET_ERRORS_REACHED
formal_full_wsd_20260730,CONTROL_D,W160-S16-D35,R12,FULL_GRID,0.5,0.5,3.5963016742589877,0.49019607843137253,0.44562546906687278,160,16,35,39747,975,209,8.1767177397036248e-05,0.0052582584849171004,7.6793464186937038e-05,8.7062997044757222e-05,0.0045934941161776916,0.0060186449817504527,8.0386493350932453e-05,8.343211992322025e-05,28,10,0.045000000000000012,100,115.8,260,290,611,51,222,11,11,11,8857459962,26074032,2299.5004478325395,2639.1999999999998,2371.0999999999999,6003.8999999999996,5,30720,30720,1536,32256,0,0,300,1,2026072001,2026072903,0-39746,CC-C-R12-S-W160-S16-D35,STAGE13-1200,TARGET_ERRORS_REACHED
formal_full_wsd_20260730,CONTROL_D,W160-S16-D49,R12,FULL_GRID,0.5,0.5,3.5963016742589877,0.49019607843137253,0.44562546906687278,160,16,49,39747,949,200,7.9586719333115283e-05,0.0050318263013560769,7.4681859181411955e-05,8.4813687327349281e-05,0.0043824441025831469,0.0057768743923233773,7.6397850551077019e-05,8.343211992322025e-05,0,0,0,128,130.73333333333332,260,290,611,48.200000000000003,194,11,11,11,8857459962,31638612,2304.0156615593705,2647.5999999999999,2373.5,9359,5,30720,30720,1536,32256,0,0,300,1,2026072001,2026072903,0-39746,CC-C-R12-S-W160-S16-D49,STAGE13-1200,TARGET_ERRORS_REACHED
formal_full_wsd_20260730,CONTROL_D,W160-S16-D70,R12,FULL_GRID,0.5,0.5,3.5963016742589877,0.49019607843137253,0.44562546906687278,160,16,70,39747,949,200,7.9586719333115283e-05,0.0050318263013560769,7.4681859181411955e-05,8.4813687327349281e-05,0.0043824441025831469,0.0057768743923233773,7.6397850551077019e-05,8.343211992322025e-05,0,0,0,170,153.13333333333333,260,290,611,44,152,11,11,11,8857459962,39985482,2308.4551110775624,2651,2375.5999999999999,11266.9,5,30720,30720,1536,32256,0,0,300,1,2026072001,2026072903,0-39746,CC-C-R12-S-W160-S16-D70,STAGE13-1200,TARGET_ERRORS_REACHED
formal_full_wsd_20260730,CONTROL_D,W160-S16-D84,R12,FULL_GRID,0.5,0.5,3.5963016742589877,0.49019607843137253,0.44562546906687278,160,16,84,39747,949,200,7.9586719333115283e-05,0.0050318263013560769,7.4681859181411955e-05,8.4813687327349281e-05,0.0043824441025831469,0.0057768743923233773,7.6397850551077019e-05,8.343211992322025e-05,0,0,0,198,168.06666666666666,260,290,611,41.200000000000003,124,11,11,11,8857459962,45550062,2311.780481545773,2651.8000000000002,2377,19692.200000000001,5,30720,30720,1536,32256,0,0,300,1,2026072001,2026072903,0-39746,CC-C-R12-S-W160-S16-D84,STAGE13-1200,TARGET_ERRORS_REACHED
formal_full_wsd_20260730,CONTROL_D,W160-S16-D98,R12,FULL_GRID,0.5,0.5,3.5963016742589877,0.49019607843137253,0.44562546906687278,160,16,98,39747,949,200,7.9586719333115283e-05,0.0050318263013560769,7.4681859181411955e-05,8.4813687327349281e-05,0.0043824441025831469,0.0057768743923233773,7.6397850551077019e-05,8.343211992322025e-05,0,0,0,226,183,260,290,611,38.399999999999999,96,11,11,11,8857459962,51114642,2312.1862555664575,2653.1999999999998,2377.5,10494.200000000001,5,30720,30720,1536,32256,0,0,300,1,2026072001,2026072903,0-39746,CC-C-R12-S-W160-S16-D98,STAGE13-1200,TARGET_ERRORS_REACHED
formal_full_wsd_20260730,CONTROL_D,W160-S16-D112,R12,FULL_GRID,0.5,0.5,3.5963016742589877,0.49019607843137253,0.44562546906687278,160,16,112,39747,949,200,7.9586719333115283e-05,0.0050318263013560769,7.4681859181411955e-05,8.4813687327349281e-05,0.0043824441025831469,0.0057768743923233773,7.6397850551077019e-05,8.343211992322025e-05,0,0,0,254,197.93333333333334,260,290,611,35.600000000000001,68,11,11,11,8857459962,56679222,2312.7577326590626,2653.1999999999998,2377.9000000000001,18369.799999999999,5,30720,30720,1536,32256,0,0,300,1,2026072001,2026072903,0-39746,CC-C-R12-S-W160-S16-D112,STAGE13-1200,TARGET_ERRORS_REACHED
formal_full_wsd_20260730,CONTROL_W,W96-S16-D70,R12,FULL_GRID,4,4,7.0963016742589877,0.49019607843137253,0.19905358527674863,96,16,70,50000,0,0,0,0,0,2.5609718912715457e-07,0,7.6823274145000517e-05,0,0,0,0,0,170,137.77333333333334,168,170,611,31.428571428571427,32,15,15,15,9094300000,64300000,1866.4737899999777,2183.9000000000001,1919.5999999999999,28813.700000000001,5,18432,18432,1536,19968,0,0,300,1,2026072001,2026072903,0-49999,CC-C-R12-S-W96-S16-D70,STAGE13-1200,MAX_FRAMES_REACHED
formal_full_wsd_20260730,CONTROL_W,W128-S16-D70,R12,FULL_GRID,4,4,7.0963016742589877,0.49019607843137253,0.19905358527674863,128,16,70,50000,0,0,0,0,0,2.5609718912715457e-07,0,7.6823274145000517e-05,0,0,0,0,0,170,142.03999999999999,196,226,611,36.666666666666664,88,13,13,13,10527900000,57300000,2154.1741779999898,2518.3000000000002,2216.1999999999998,9699.2000000000007,5,24576,24576,1536,26112,0,0,300,1,2026072001,2026072903,0-49999,CC-C-R12-S-W128-S16-D70,STAGE13-1200,MAX_FRAMES_REACHED
formal_full_wsd_20260730,CONTROL_W,W160-S16-D70,R12,FULL_GRID,4,4,7.0963016742589877,0.49019607843137253,0.19905358527674863,160,16,70,50000,0,0,0,0,0,2.5609718912715457e-07,0,7.6823274145000517e-05,0,0,0,0,0,170,153.13333333333333,260,290,611,44,152,11,11,11,11142300000,50300000,2280.6182200000094,2658.6999999999998,2346.5,11072.799999999999,5,30720,30720,1536,32256,0,0,300,1,2026072001,2026072903,0-49999,CC-C-R12-S-W160-S16-D70,STAGE13-1200,MAX_FRAMES_REACHED
formal_full_wsd_20260730,CONTROL_W,W192-S16-D70,R12,FULL_GRID,4,4,7.0963016742589877,0.49019607843137253,0.19905358527674863,192,16,70,50000,0,0,0,0,0,2.5609718912715457e-07,0,7.6823274145000517e-05,0,0,0,0,0,170,171.05333333333334,324,354,611,55,216,9,9,9,10937500000,43300000,2245.3815239999999,2613.9000000000001,2310.9000000000001,11845.799999999999,5,36864,36864,1536,38400,0,0,300,1,2026072001,2026072903,0-49999,CC-C-R12-S-W192-S16-D70,STAGE13-1200,MAX_FRAMES_REACHED
formal_full_wsd_20260730,CONTROL_S,W160-S8-D70,R12,FULL_GRID,4,4,7.0963016742589877,0.49019607843137253,0.19905358527674863,160,8,70,50000,0,0,0,0,0,2.5609718912715457e-07,0,7.6823274145000517e-05,0,0,0,0,0,154,152.91999999999999,276,306,611,24,168,20,20,20,20409500000,81800000,4153.9274619999833,4757.3000000000002,4265.6000000000004,18491.700000000001,5,30720,30720,1536,32256,0,0,300,1,2026072001,2026072903,0-49999,CC-C-R12-S-W160-S8-D70,STAGE13-1200,MAX_FRAMES_REACHED
formal_full_wsd_20260730,CONTROL_S,W160-S16-D70,R12,FULL_GRID,4,4,7.0963016742589877,0.49019607843137253,0.19905358527674863,160,16,70,50000,0,0,0,0,0,2.5609718912715457e-07,0,7.6823274145000517e-05,0,0,0,0,0,170,153.13333333333333,260,290,611,44,152,11,11,11,11142300000,50300000,2282.151538000011,2658.0999999999999,2346.0999999999999,9658.6000000000004,5,30720,30720,1536,32256,0,0,300,1,2026072001,2026072903,0-49999,CC-C-R12-S-W160-S16-D70,STAGE13-1200,MAX_FRAMES_REACHED
formal_full_wsd_20260730,CONTROL_S,W160-S25-D70,R12,FULL_GRID,4,4,7.0963016742589877,0.49019607843137253,0.19905358527674863,160,25,70,50000,0,0,0,0,0,2.5609718912715457e-07,0,7.6823274145000517e-05,0,0,0,0,0,188,162.5,280,310,611,70.333333333333329,172,7,7,7,7110300000,36300000,1462.5808959999924,1721.5,1504.3,20037.900000000001,5,30720,30720,1536,32256,0,0,300,1,2026072001,2026072903,0-49999,CC-C-R12-S-W160-S25-D70,STAGE13-1200,MAX_FRAMES_REACHED
formal_full_wsd_20260730,CONTROL_S,W160-S50-D70,R12,FULL_GRID,4,4,7.0963016742589877,0.49019607843137253,0.19905358527674863,160,50,70,50000,0,0,0,0,0,2.5609718912715457e-07,0,7.6823274145000517e-05,0,0,0,0,0,238,175,280,310,611,124,172,4,4,4,4038300000,25800000,836.95362799999339,1001.6,860.5,3125.5999999999999,5,30720,30720,1536,32256,0,0,300,1,2026072001,2026072903,0-49999,CC-C-R12-S-W160-S50-D70,STAGE13-1200,MAX_FRAMES_REACHED
formal_full_wsd_20260730,CONTROL_D,W160-S16-D35,R12,FULL_GRID,4,4,7.0963016742589877,0.49019607843137253,0.19905358527674863,160,16,35,50000,0,0,0,0,0,2.5609718912715457e-07,0,7.6823274145000517e-05,0,0,0,0,0,100,115.8,260,290,611,51,222,11,11,11,11142300000,32800000,2275.2696339999893,2656.5,2339.8000000000002,21673.099999999999,5,30720,30720,1536,32256,0,0,300,1,2026072001,2026072903,0-49999,CC-C-R12-S-W160-S16-D35,STAGE13-1200,MAX_FRAMES_REACHED
formal_full_wsd_20260730,CONTROL_D,W160-S16-D49,R12,FULL_GRID,4,4,7.0963016742589877,0.49019607843137253,0.19905358527674863,160,16,49,50000,0,0,0,0,0,2.5609718912715457e-07,0,7.6823274145000517e-05,0,0,0,0,0,128,130.73333333333332,260,290,611,48.200000000000003,194,11,11,11,11142300000,39800000,2278.5631080000048,2656.9000000000001,2341.9000000000001,8480.2000000000007,5,30720,30720,1536,32256,0,0,300,1,2026072001,2026072903,0-49999,CC-C-R12-S-W160-S16-D49,STAGE13-1200,MAX_FRAMES_REACHED
formal_full_wsd_20260730,CONTROL_D,W160-S16-D70,R12,FULL_GRID,4,4,7.0963016742589877,0.49019607843137253,0.19905358527674863,160,16,70,50000,0,0,0,0,0,2.5609718912715457e-07,0,7.6823274145000517e-05,0,0,0,0,0,170,153.13333333333333,260,290,611,44,152,11,11,11,11142300000,50300000,2282.9555559999776,2662.5999999999999,2346,16630.299999999999,5,30720,30720,1536,32256,0,0,300,1,2026072001,2026072903,0-49999,CC-C-R12-S-W160-S16-D70,STAGE13-1200,MAX_FRAMES_REACHED
formal_full_wsd_20260730,CONTROL_D,W160-S16-D84,R12,FULL_GRID,4,4,7.0963016742589877,0.49019607843137253,0.19905358527674863,160,16,84,50000,0,0,0,0,0,2.5609718912715457e-07,0,7.6823274145000517e-05,0,0,0,0,0,198,168.06666666666666,260,290,611,41.200000000000003,124,11,11,11,11142300000,57300000,2283.1058639999833,2658.5,2346.4000000000001,8838.8999999999996,5,30720,30720,1536,32256,0,0,300,1,2026072001,2026072903,0-49999,CC-C-R12-S-W160-S16-D84,STAGE13-1200,MAX_FRAMES_REACHED
formal_full_wsd_20260730,CONTROL_D,W160-S16-D98,R12,FULL_GRID,4,4,7.0963016742589877,0.49019607843137253,0.19905358527674863,160,16,98,50000,0,0,0,0,0,2.5609718912715457e-07,0,7.6823274145000517e-05,0,0,0,0,0,226,183,260,290,611,38.399999999999999,96,11,11,11,11142300000,64300000,2280.7734640000017,2658.6999999999998,2345.9000000000001,16087.700000000001,5,30720,30720,1536,32256,0,0,300,1,2026072001,2026072903,0-49999,CC-C-R12-S-W160-S16-D98,STAGE13-1200,MAX_FRAMES_REACHED
formal_full_wsd_20260730,CONTROL_D,W160-S16-D112,R12,FULL_GRID,4,4,7.0963016742589877,0.49019607843137253,0.19905358527674863,160,16,112,50000,0,0,0,0,0,2.5609718912715457e-07,0,7.6823274145000517e-05,0,0,0,0,0,254,197.93333333333334,260,290,611,35.600000000000001,68,11,11,11,11142300000,71300000,2282.4012240000052,2666.0999999999999,2346.6999999999998,16163,5,30720,30720,1536,32256,0,0,300,1,2026072001,2026072903,0-49999,CC-C-R12-S-W160-S16-D112,STAGE13-1200,MAX_FRAMES_REACHED
formal_full_wsd_20260730,CONTROL_W,W96-S16-D70,R12,FULL_GRID,8,8,11.096301674258989,0.49019607843137253,0.079244659623055658,96,16,70,50000,0,0,0,0,0,2.5609718912715457e-07,0,7.6823274145000517e-05,0,0,0,0,0,170,137.77333333333334,168,170,611,31.428571428571427,32,15,15,15,9094300000,64300000,2110.5636520000062,2826.9000000000001,2028.3,26724.299999999999,5,18432,18432,1536,19968,0,0,300,1,2026072001,2026072903,0-49999,CC-C-R12-S-W96-S16-D70,STAGE13-1200,MAX_FRAMES_REACHED
formal_full_wsd_20260730,CONTROL_W,W128-S16-D70,R12,FULL_GRID,8,8,11.096301674258989,0.49019607843137253,0.079244659623055658,128,16,70,50000,0,0,0,0,0,2.5609718912715457e-07,0,7.6823274145000517e-05,0,0,0,0,0,170,142.03999999999999,196,226,611,36.666666666666664,88,13,13,13,10527900000,57300000,2439.7523200000028,3238.6999999999998,2349.8000000000002,84318.600000000006,5,24576,24576,1536,26112,0,0,300,1,2026072001,2026072903,0-49999,CC-C-R12-S-W128-S16-D70,STAGE13-1200,MAX_FRAMES_REACHED
formal_full_wsd_20260730,CONTROL_W,W160-S16-D70,R12,FULL_GRID,8,8,11.096301674258989,0.49019607843137253,0.079244659623055658,160,16,70,50000,0,0,0,0,0,2.5609718912715457e-07,0,7.6823274145000517e-05,0,0,0,0,0,170,153.13333333333333,260,290,611,44,152,11,11,11,11142300000,50300000,2589.4046959999846,3417,2496.5999999999999,48885.900000000001,5,30720,30720,1536,32256,0,0,300,1,2026072001,2026072903,0-49999,CC-C-R12-S-W160-S16-D70,STAGE13-1200,MAX_FRAMES_REACHED
formal_full_wsd_20260730,CONTROL_W,W192-S16-D70,R12,FULL_GRID,8,8,11.096301674258989,0.49019607843137253,0.079244659623055658,192,16,70,50000,0,0,0,0,0,2.5609718912715457e-07,0,7.6823274145000517e-05,0,0,0,0,0,170,171.05333333333334,324,354,611,55,216,9,9,9,10937500000,43300000,2550.8199060000102,3382.5,2455.9000000000001,63890.400000000001,5,36864,36864,1536,38400,0,0,300,1,2026072001,2026072903,0-49999,CC-C-R12-S-W192-S16-D70,STAGE13-1200,MAX_FRAMES_REACHED
formal_full_wsd_20260730,CONTROL_S,W160-S8-D70,R12,FULL_GRID,8,8,11.096301674258989,0.49019607843137253,0.079244659623055658,160,8,70,50000,0,0,0,0,0,2.5609718912715457e-07,0,7.6823274145000517e-05,0,0,0,0,0,154,152.91999999999999,276,306,611,24,168,20,20,20,20409500000,81800000,4715.2181879999644,6001.3000000000002,4577.3000000000002,132758.39999999999,5,30720,30720,1536,32256,0,0,300,1,2026072001,2026072903,0-49999,CC-C-R12-S-W160-S8-D70,STAGE13-1200,MAX_FRAMES_REACHED
formal_full_wsd_20260730,CONTROL_S,W160-S16-D70,R12,FULL_GRID,8,8,11.096301674258989,0.49019607843137253,0.079244659623055658,160,16,70,50000,0,0,0,0,0,2.5609718912715457e-07,0,7.6823274145000517e-05,0,0,0,0,0,170,153.13333333333333,260,290,611,44,152,11,11,11,11142300000,50300000,2592.3540520000156,3423.6999999999998,2495.5,69179.399999999994,5,30720,30720,1536,32256,0,0,300,1,2026072001,2026072903,0-49999,CC-C-R12-S-W160-S16-D70,STAGE13-1200,MAX_FRAMES_REACHED
formal_full_wsd_20260730,CONTROL_S,W160-S25-D70,R12,FULL_GRID,8,8,11.096301674258989,0.49019607843137253,0.079244659623055658,160,25,70,50000,0,0,0,0,0,2.5609718912715457e-07,0,7.6823274145000517e-05,0,0,0,0,0,188,162.5,280,310,611,70.333333333333329,172,7,7,7,7110300000,36300000,1661.7168139999919,2267.3000000000002,1591.5,37838.300000000003,5,30720,30720,1536,32256,0,0,300,1,2026072001,2026072903,0-49999,CC-C-R12-S-W160-S25-D70,STAGE13-1200,MAX_FRAMES_REACHED
formal_full_wsd_20260730,CONTROL_S,W160-S50-D70,R12,FULL_GRID,8,8,11.096301674258989,0.49019607843137253,0.079244659623055658,160,50,70,50000,0,0,0,0,0,2.5609718912715457e-07,0,7.6823274145000517e-05,0,0,0,0,0,238,175,280,310,611,124,172,4,4,4,4038300000,25800000,953.16396800000621,1345.8,907,25578.599999999999,5,30720,30720,1536,32256,0,0,300,1,2026072001,2026072903,0-49999,CC-C-R12-S-W160-S50-D70,STAGE13-1200,MAX_FRAMES_REACHED
formal_full_wsd_20260730,CONTROL_D,W160-S16-D35,R12,FULL_GRID,8,8,11.096301674258989,0.49019607843137253,0.079244659623055658,160,16,35,50000,0,0,0,0,0,2.5609718912715457e-07,0,7.6823274145000517e-05,0,0,0,0,0,100,115.8,260,290,611,51,222,11,11,11,11142300000,32800000,2581.7652399999988,3425.0999999999999,2488,32313.400000000001,5,30720,30720,1536,32256,0,0,300,1,2026072001,2026072903,0-49999,CC-C-R12-S-W160-S16-D35,STAGE13-1200,MAX_FRAMES_REACHED
formal_full_wsd_20260730,CONTROL_D,W160-S16-D49,R12,FULL_GRID,8,8,11.096301674258989,0.49019607843137253,0.079244659623055658,160,16,49,50000,0,0,0,0,0,2.5609718912715457e-07,0,7.6823274145000517e-05,0,0,0,0,0,128,130.73333333333332,260,290,611,48.200000000000003,194,11,11,11,11142300000,39800000,2587.578893999992,3419,2492.3000000000002,84039.699999999997,5,30720,30720,1536,32256,0,0,300,1,2026072001,2026072903,0-49999,CC-C-R12-S-W160-S16-D49,STAGE13-1200,MAX_FRAMES_REACHED
formal_full_wsd_20260730,CONTROL_D,W160-S16-D70,R12,FULL_GRID,8,8,11.096301674258989,0.49019607843137253,0.079244659623055658,160,16,70,50000,0,0,0,0,0,2.5609718912715457e-07,0,7.6823274145000517e-05,0,0,0,0,0,170,153.13333333333333,260,290,611,44,152,11,11,11,11142300000,50300000,2590.5458899999985,3431.5999999999999,2496.0999999999999,32527.299999999999,5,30720,30720,1536,32256,0,0,300,1,2026072001,2026072903,0-49999,CC-C-R12-S-W160-S16-D70,STAGE13-1200,MAX_FRAMES_REACHED
formal_full_wsd_20260730,CONTROL_D,W160-S16-D84,R12,FULL_GRID,8,8,11.096301674258989,0.49019607843137253,0.079244659623055658,160,16,84,50000,0,0,0,0,0,2.5609718912715457e-07,0,7.6823274145000517e-05,0,0,0,0,0,198,168.06666666666666,260,290,611,41.200000000000003,124,11,11,11,11142300000,57300000,2589.0940840000039,3434.5,2497.8000000000002,31548.200000000001,5,30720,30720,1536,32256,0,0,300,1,2026072001,2026072903,0-49999,CC-C-R12-S-W160-S16-D84,STAGE13-1200,MAX_FRAMES_REACHED
formal_full_wsd_20260730,CONTROL_D,W160-S16-D98,R12,FULL_GRID,8,8,11.096301674258989,0.49019607843137253,0.079244659623055658,160,16,98,50000,0,0,0,0,0,2.5609718912715457e-07,0,7.6823274145000517e-05,0,0,0,0,0,226,183,260,290,611,38.399999999999999,96,11,11,11,11142300000,64300000,2597.5621019999958,3446.5,2497.8000000000002,41839,5,30720,30720,1536,32256,0,0,300,1,2026072001,2026072903,0-49999,CC-C-R12-S-W160-S16-D98,STAGE13-1200,MAX_FRAMES_REACHED
formal_full_wsd_20260730,CONTROL_D,W160-S16-D112,R12,FULL_GRID,8,8,11.096301674258989,0.49019607843137253,0.079244659623055658,160,16,112,50000,0,0,0,0,0,2.5609718912715457e-07,0,7.6823274145000517e-05,0,0,0,0,0,254,197.93333333333334,260,290,611,35.600000000000001,68,11,11,11,11142300000,71300000,2591.4058140000075,3422.4000000000001,2498.3000000000002,33194.099999999999,5,30720,30720,1536,32256,0,0,300,1,2026072001,2026072903,0-49999,CC-C-R12-S-W160-S16-D112,STAGE13-1200,MAX_FRAMES_REACHED
formal_full_wsd_20260730,CONTROL_W,W96-S16-D70,R23,FULL_GRID,-2.5,-2.5,-0.65308569182401222,0.65359477124183007,0.88913970501946138,96,16,70,1000,109276,1000,0.36425333333333332,1,0.36253308909147502,0.36597705396554386,0.99617324151444497,1,0.37958771929824564,0.31569444444444444,22490,848,0,127,103.08,126,127,458,23.571428571428573,24,15,15,15,181886000,1286000,2048.5599000000011,2748.5999999999999,1964.4000000000001,4795.5,5,18432,18432,1536,19968,0,0,300,1,2026072001,2026072903,0-999,CC-C-R23-S-W96-S16-D70,STAGE13-2300,TARGET_ERRORS_REACHED
formal_full_wsd_20260730,CONTROL_W,W128-S16-D70,R23,FULL_GRID,-2.5,-2.5,-0.65308569182401222,0.65359477124183007,0.88913970501946138,128,16,70,1000,109205,1000,0.36401666666666666,1,0.36229666457196513,0.36574015121261122,0.99617324151444497,1,0.37931632653061226,0.33518269230769232,18639,792,0,127,106.28,147,169,458,27.5,66,13,13,13,210558000,1146000,2355.1297999999997,3062.3000000000002,2270.0999999999999,6777.1000000000004,5,24576,24576,1536,26112,0,0,300,1,2026072001,2026072903,0-999,CC-C-R23-S-W128-S16-D70,STAGE13-2300,TARGET_ERRORS_REACHED
formal_full_wsd_20260730,CONTROL_W,W160-S16-D70,R23,FULL_GRID,-2.5,-2.5,-0.65308569182401222,0.65359477124183007,0.88913970501946138,160,16,70,1000,109229,1000,0.36409666666666668,1,0.36237658266908707,0.3658202310667375,0.99617324151444497,1,0.3775609756097561,0.34786029411764707,15375,732,0,127,114.59999999999999,195,217,458,33,114,11,11,11,222846000,1006000,2516.537600000001,3316.5,2423.1999999999998,9262.2000000000007,5,30720,30720,1536,32256,0,0,300,1,2026072001,2026072903,0-999,CC-C-R23-S-W160-S16-D70,STAGE13-2300,TARGET_ERRORS_REACHED
formal_full_wsd_20260730,CONTROL_W,W192-S16-D70,R23,FULL_GRID,-2.5,-2.5,-0.65308569182401222,0.65359477124183007,0.88913970501946138,192,16,70,1000,109208,1000,0.36402666666666667,1,0.36230665433129472,0.36575016119718773,0.99617324151444497,1,0.3738030303030303,0.3563452380952381,11766,653,0,127,128.03999999999999,243,265,458,41.25,162,9,9,9,218750000,866000,2454.6654999999996,3209.4000000000001,2376.4000000000001,7812.6999999999998,5,36864,36864,1536,38400,0,0,300,1,2026072001,2026072903,0-999,CC-C-R23-S-W192-S16-D70,STAGE13-2300,TARGET_ERRORS_REACHED
formal_full_wsd_20260730,CONTROL_S,W160-S8-D70,R23,FULL_GRID,-2.5,-2.5,-0.65308569182401222,0.65359477124183007,0.88913970501946138,160,8,70,1000,109167,1000,0.36388999999999999,1,0.36217012768997481,0.36561335800512529,0.99617324151444497,1,0.36729012345679013,0.35989855072463767,15279,818,0,115,114.44,207,229,458,18,126,20,20,20,408190000,1636000,4562.2663000000002,5619,4470.3999999999996,8812.7000000000007,5,30720,30720,1536,32256,0,0,300,1,2026072001,2026072903,0-999,CC-C-R23-S-W160-S8-D70,STAGE13-2300,TARGET_ERRORS_REACHED
formal_full_wsd_20260730,CONTROL_S,W160-S16-D70,R23,FULL_GRID,-2.5,-2.5,-0.65308569182401222,0.65359477124183007,0.88913970501946138,160,16,70,1000,109229,1000,0.36409666666666668,1,0.36237658266908707,0.3658202310667375,0.99617324151444497,1,0.3775609756097561,0.34786029411764707,15375,732,0,127,114.59999999999999,195,217,458,33,114,11,11,11,222846000,1006000,2493.3314000000005,3344.9000000000001,2393.8000000000002,6649.8000000000002,5,30720,30720,1536,32256,0,0,300,1,2026072001,2026072903,0-999,CC-C-R23-S-W160-S16-D70,STAGE13-2300,TARGET_ERRORS_REACHED
formal_full_wsd_20260730,CONTROL_S,W160-S25-D70,R23,FULL_GRID,-2.5,-2.5,-0.65308569182401222,0.65359477124183007,0.88913970501946138,160,25,70,1000,109055,1000,0.36351666666666665,1,0.36179717762973129,0.3652396509595438,0.99617324151444497,1,0.38169999999999998,0.35139444444444445,13107,649,0,141,121.75,210,232,458,52.666666666666664,129,7,7,7,142206000,726000,1623.7682000000009,2269.3000000000002,1532.5,7918.3000000000002,5,30720,30720,1536,32256,0,0,300,1,2026072001,2026072903,0-999,CC-C-R23-S-W160-S25-D70,STAGE13-2300,TARGET_ERRORS_REACHED
formal_full_wsd_20260730,CONTROL_S,W160-S50-D70,R23,FULL_GRID,-2.5,-2.5,-0.65308569182401222,0.65359477124183007,0.88913970501946138,160,50,70,1000,109021,1000,0.36340333333333336,1,0.3616839608687954,0.36512620395621154,0.99617324151444497,1,0.39274999999999999,0.35606666666666664,11335,490,0,178,131,210,232,458,93,129,4,4,4,80766000,516000,926.82020000000023,1341.5999999999999,870.29999999999995,2679.0999999999999,5,30720,30720,1536,32256,0,0,300,1,2026072001,2026072903,0-999,CC-C-R23-S-W160-S50-D70,STAGE13-2300,TARGET_ERRORS_REACHED
formal_full_wsd_20260730,CONTROL_D,W160-S16-D35,R23,FULL_GRID,-2.5,-2.5,-0.65308569182401222,0.65359477124183007,0.88913970501946138,160,16,35,1000,109098,1000,0.36365999999999998,1,0.36194036368112104,0.3653831279041404,0.99617324151444497,1,0.37648780487804878,0.34819117647058823,26198,939,0,75,86.86666666666666,195,217,458,38.200000000000003,166,11,11,11,222846000,656000,2492.4623000000029,3259.8000000000002,2415.6999999999998,6137.8999999999996,5,30720,30720,1536,32256,0,0,300,1,2026072001,2026072903,0-999,CC-C-R23-S-W160-S16-D35,STAGE13-2300,TARGET_ERRORS_REACHED
formal_full_wsd_20260730,CONTROL_D,W160-S16-D49,R23,FULL_GRID,-2.5,-2.5,-0.65308569182401222,0.65359477124183007,0.88913970501946138,160,16,49,1000,109056,1000,0.36352000000000001,1,0.36180050753602777,0.36524298763454943,0.99617324151444497,1,0.37654268292682924,0.34781617647058821,20740,880,0,96,98.066666666666663,195,217,458,36.100000000000001,145,11,11,11,222846000,796000,2511.0019000000034,3303.5,2402.1999999999998,7793.8999999999996,5,30720,30720,1536,32256,0,0,300,1,2026072001,2026072903,0-999,CC-C-R23-S-W160-S16-D49,STAGE13-2300,TARGET_ERRORS_REACHED
formal_full_wsd_20260730,CONTROL_D,W160-S16-D70,R23,FULL_GRID,-2.5,-2.5,-0.65308569182401222,0.65359477124183007,0.88913970501946138,160,16,70,1000,109229,1000,0.36409666666666668,1,0.36237658266908707,0.3658202310667375,0.99617324151444497,1,0.3775609756097561,0.34786029411764707,15375,732,0,127,114.59999999999999,195,217,458,33,114,11,11,11,222846000,1006000,2516.291099999999,3278.3000000000002,2413.3000000000002,6119.5,5,30720,30720,1536,32256,0,0,300,1,2026072001,2026072903,0-999,CC-C-R23-S-W160-S16-D70,STAGE13-2300,TARGET_ERRORS_REACHED
formal_full_wsd_20260730,CONTROL_D,W160-S16-D84,R23,FULL_GRID,-2.5,-2.5,-0.65308569182401222,0.65359477124183007,0.88913970501946138,160,16,84,1000,109343,1000,0.36447666666666667,1,0.3627561943321006,0.36620060967215295,0.99617324151444497,1,0.37817682926829266,0.34795588235294117,12885,659,0,148,125.8,195,217,458,30.899999999999999,93,11,11,11,222846000,1146000,2515.647899999999,3411.5,2416.5,6186.8000000000002,5,30720,30720,1536,32256,0,0,300,1,2026072001,2026072903,0-999,CC-C-R23-S-W160-S16-D84,STAGE13-2300,TARGET_ERRORS_REACHED
formal_full_wsd_20260730,CONTROL_D,W160-S16-D98,R23,FULL_GRID,-2.5,-2.5,-0.65308569182401222,0.65359477124183007,0.88913970501946138,160,16,98,1000,109257,1000,0.36419000000000001,1,0.36246982051401466,0.36591365749826621,0.99617324151444497,1,0.37775609756097561,0.34783088235294118,10447,560,0,169,137,195,217,458,28.800000000000001,72,11,11,11,222846000,1286000,2507.517600000001,3184.3000000000002,2426,6491.5,5,30720,30720,1536,32256,0,0,300,1,2026072001,2026072903,0-999,CC-C-R23-S-W160-S16-D98,STAGE13-2300,TARGET_ERRORS_REACHED
formal_full_wsd_20260730,CONTROL_D,W160-S16-D112,R23,FULL_GRID,-2.5,-2.5,-0.65308569182401222,0.65359477124183007,0.88913970501946138,160,16,112,1000,109211,1000,0.36403666666666668,1,0.36231664409142733,0.3657601711809611,0.99617324151444497,1,0.37749390243902436,0.34780882352941178,8545,494,0,190,148.19999999999999,195,217,458,26.699999999999999,51,11,11,11,222846000,1426000,2468.0276000000008,3156.6999999999998,2402.0999999999999,5713.1999999999998,5,30720,30720,1536,32256,0,0,300,1,2026072001,2026072903,0-999,CC-C-R23-S-W160-S16-D112,STAGE13-2300,TARGET_ERRORS_REACHED
formal_full_wsd_20260730,CONTROL_W,W96-S16-D70,R23,FULL_GRID,1,1,2.8469143081759878,0.65359477124183007,0.39716411736214075,96,16,70,2149,2056,212,0.0031890801923375213,0.098650535132619829,0.0030543805133312601,0.0033297003531755458,0.08675018125568934,0.1119831983286399,0.0033654984366453594,0.0026304224186960343,182,21,0.060000000000000137,127,103.08,126,127,458,23.571428571428573,24,15,15,15,390873014,2763614,2122.9335504885998,2852.1999999999998,2034.9000000000001,6371.3000000000002,5,18432,18432,1536,19968,0,0,300,1,2026072001,2026072903,0-2148,CC-C-R23-S-W96-S16-D70,STAGE13-2300,TARGET_ERRORS_REACHED
formal_full_wsd_20260730,CONTROL_W,W128-S16-D70,R23,FULL_GRID,1,1,2.8469143081759878,0.65359477124183007,0.39716411736214075,128,16,70,2149,2039,210,0.0031627113386071041,0.097719869706840393,0.0030285800373276378,0.0033027634359552261,0.085874081920989914,0.11100128810875226,0.0032573289902280132,0.0029843934567061604,165,19,0.050000000000000086,127,106.28,147,169,458,27.5,66,13,13,13,452489142,2462754,2455.2970218706278,3235.5999999999999,2360.4000000000001,7453.8000000000002,5,24576,24576,1536,26112,0,0,300,1,2026072001,2026072903,0-2148,CC-C-R23-S-W128-S16-D70,STAGE13-2300,TARGET_ERRORS_REACHED
formal_full_wsd_20260730,CONTROL_W,W160-S16-D70,R23,FULL_GRID,1,1,2.8469143081759878,0.65359477124183007,0.39716411736214075,160,16,70,2149,2033,210,0.0031534046843493097,0.097719869706840393,0.0030194745573320202,0.0032932557183423935,0.085874081920989914,0.11100128810875226,0.003211930676775358,0.0030828292228943697,157,17,0.050000000000000086,127,114.59999999999999,195,217,458,33,114,11,11,11,478896054,2161894,2595.2582131223835,3346.5999999999999,2501.1999999999998,6282.8000000000002,5,30720,30720,1536,32256,0,0,300,1,2026072001,2026072903,0-2148,CC-C-R23-S-W160-S16-D70,STAGE13-2300,TARGET_ERRORS_REACHED
formal_full_wsd_20260730,CONTROL_W,W192-S16-D70,R23,FULL_GRID,1,1,2.8469143081759878,0.65359477124183007,0.39716411736214075,192,16,70,2149,2005,209,0.0031099736311462696,0.097254536993950674,0.0029769863015108931,0.0032488823853240863,0.085436162120433826,0.1105102031320148,0.0031198443250560516,0.0031022180859314411,119,15,0.045000000000000068,127,128.03999999999999,243,265,458,41.25,162,9,9,9,470093750,1861034,2584.9099115867793,3400.0999999999999,2485.9000000000001,7232.6000000000004,5,36864,36864,1536,38400,0,0,300,1,2026072001,2026072903,0-2148,CC-C-R23-S-W192-S16-D70,STAGE13-2300,TARGET_ERRORS_REACHED
formal_full_wsd_20260730,CONTROL_S,W160-S8-D70,R23,FULL_GRID,1,1,2.8469143081759878,0.65359477124183007,0.39716411736214075,160,8,70,2149,2045,214,0.0031720179928648984,0.099581200558399252,0.0030376858156994152,0.003312270855191899,0.087626623289345576,0.1129647658495707,0.0031855183863870075,0.0031561697048172054,167,22,0.070000000000000034,115,114.44,207,229,458,18,126,20,20,20,877200310,3515764,4764.7990693345864,5933.1999999999998,4668.5,10594.6,5,30720,30720,1536,32256,0,0,300,1,2026072001,2026072903,0-2148,CC-C-R23-S-W160-S8-D70,STAGE13-2300,TARGET_ERRORS_REACHED
formal_full_wsd_20260730,CONTROL_S,W160-S16-D70,R23,FULL_GRID,1,1,2.8469143081759878,0.65359477124183007,0.39716411736214075,160,16,70,2149,2033,210,0.0031534046843493097,0.097719869706840393,0.0030194745573320202,0.0032932557183423935,0.085874081920989914,0.11100128810875226,0.003211930676775358,0.0030828292228943697,157,17,0.050000000000000086,127,114.59999999999999,195,217,458,33,114,11,11,11,478896054,2161894,2605.2895765472299,3415.4000000000001,2522.8000000000002,5838.1999999999998,5,30720,30720,1536,32256,0,0,300,1,2026072001,2026072903,0-2148,CC-C-R23-S-W160-S16-D70,STAGE13-2300,TARGET_ERRORS_REACHED
formal_full_wsd_20260730,CONTROL_S,W160-S25-D70,R23,FULL_GRID,1,1,2.8469143081759878,0.65359477124183007,0.39716411736214075,160,25,70,2149,2010,206,0.0031177291763610981,0.095858538855281533,0.0029845730053214645,0.0032568066795205563,0.084122928842584294,0.10903642207798375,0.0031991624011167984,0.0030634403598572978,126,11,0.030000000000000145,141,121.75,210,232,458,52.666666666666664,129,7,7,7,305600694,1560174,1689.8981386691432,2374,1590.4000000000001,5665.5,5,30720,30720,1536,32256,0,0,300,1,2026072001,2026072903,0-2148,CC-C-R23-S-W160-S25-D70,STAGE13-2300,TARGET_ERRORS_REACHED
formal_full_wsd_20260730,CONTROL_S,W160-S50-D70,R23,FULL_GRID,1,1,2.8469143081759878,0.65359477124183007,0.39716411736214075,160,50,70,2149,2009,204,0.0031161780673181327,0.094927873429502097,0.002983055647599001,0.0032552218376416119,0.08324788410718667,0.10805345725879431,0.0036373507057546146,0.002985884907709012,95,8,0.020000000000000094,178,131,210,232,458,93,129,4,4,4,173566134,1108884,971.50456026058498,1438.0999999999999,898.79999999999995,4496.3000000000002,5,30720,30720,1536,32256,0,0,300,1,2026072001,2026072903,0-2148,CC-C-R23-S-W160-S50-D70,STAGE13-2300,TARGET_ERRORS_REACHED
formal_full_wsd_20260730,CONTROL_D,W160-S16-D35,R23,FULL_GRID,1,1,2.8469143081759878,0.65359477124183007,0.39716411736214075,160,16,35,2149,2657,297,0.0041212967271599191,0.13820381572824569,0.0039678410120756761,0.0042806618148775602,0.12425689001635747,0.15344189563792193,0.0049455787717486294,0.0031273095557441217,995,136,0.4850000000000001,75,86.86666666666666,195,217,458,38.200000000000003,166,11,11,11,478896054,1409744,2595.0362494183369,3372.6999999999998,2495.5,5886.5,5,30720,30720,1536,32256,0,0,300,1,2026072001,2026072903,0-2148,CC-C-R23-S-W160-S16-D35,STAGE13-2300,TARGET_ERRORS_REACHED
formal_full_wsd_20260730,CONTROL_D,W160-S16-D49,R23,FULL_GRID,1,1,2.8469143081759878,0.65359477124183007,0.39716411736214075,160,16,49,2149,2214,232,0.0034341554211261053,0.10795718939041414,0.0032942826559800697,0.0035799457475492596,0.095529352653654837,0.12178412247654499,0.0037254990977085203,0.0030828292228943697,390,48,0.16000000000000003,96,98.066666666666663,195,217,458,36.100000000000001,145,11,11,11,478896054,1710604,2623.9353187529,3472.0999999999999,2521.4000000000001,8379.2999999999993,5,30720,30720,1536,32256,0,0,300,1,2026072001,2026072903,0-2148,CC-C-R23-S-W160-S16-D49,STAGE13-2300,TARGET_ERRORS_REACHED
formal_full_wsd_20260730,CONTROL_D,W160-S16-D70,R23,FULL_GRID,1,1,2.8469143081759878,0.65359477124183007,0.39716411736214075,160,16,70,2149,2033,210,0.0031534046843493097,0.097719869706840393,0.0030194745573320202,0.0032932557183423935,0.085874081920989914,0.11100128810875226,0.003211930676775358,0.0030828292228943697,157,17,0.050000000000000086,127,114.59999999999999,195,217,458,33,114,11,11,11,478896054,2161894,2623.5924150767855,3482.0999999999999,2520.0999999999999,7963.1000000000004,5,30720,30720,1536,32256,0,0,300,1,2026072001,2026072903,0-2148,CC-C-R23-S-W160-S16-D70,STAGE13-2300,TARGET_ERRORS_REACHED
formal_full_wsd_20260730,CONTROL_D,W160-S16-D84,R23,FULL_GRID,1,1,2.8469143081759878,0.65359477124183007,0.39716411736214075,160,16,84,2149,1984,203,0.0030774003412439893,0.094462540716612378,0.0029451244750619966,0.0032155980201434065,0.082810496714350978,0.10756183987433646,0.003072898341826601,0.0030828292228943697,80,6,0.015000000000000072,148,125.8,195,217,458,30.899999999999999,93,11,11,11,478896054,2462754,2601.1992089343839,3395.6999999999998,2502.6999999999998,10879.4,5,30720,30720,1536,32256,0,0,300,1,2026072001,2026072903,0-2148,CC-C-R23-S-W160-S16-D84,STAGE13-2300,TARGET_ERRORS_REACHED
formal_full_wsd_20260730,CONTROL_D,W160-S16-D98,R23,FULL_GRID,1,1,2.8469143081759878,0.65359477124183007,0.39716411736214075,160,16,98,2149,1963,202,0.0030448270513417095,0.09399720800372266,0.0029132664563178002,0.0031823098472580275,0.082373200094449317,0.1070701317169446,0.0030133130554199912,0.0030828292228943697,45,4,0.010000000000000047,169,137,195,217,458,28.800000000000001,72,11,11,11,478896054,2763614,2616.7143787808222,3477.4000000000001,2515,5944.8000000000002,5,30720,30720,1536,32256,0,0,300,1,2026072001,2026072903,0-2148,CC-C-R23-S-W160-S16-D98,STAGE13-2300,TARGET_ERRORS_REACHED
formal_full_wsd_20260730,CONTROL_D,W160-S16-D112,R23,FULL_GRID,1,1,2.8469143081759878,0.65359477124183007,0.39716411736214075,160,16,112,2149,1944,201,0.0030153559795253605,0.093531875290832941,0.0028844458665135322,0.0031521886446355361,0.081935994848775423,0.10657833218532495,0.0029594025581949632,0.0030828292228943697,16,2,0.0050000000000000235,190,148.19999999999999,195,217,458,26.699999999999999,51,11,11,11,478896054,3064474,2609.6741275011645,3412.8000000000002,2517.1999999999998,7377.8000000000002,5,30720,30720,1536,32256,0,0,300,1,2026072001,2026072903,0-2148,CC-C-R23-S-W160-S16-D112,STAGE13-2300,TARGET_ERRORS_REACHED
formal_full_wsd_20260730,CONTROL_W,W96-S16-D70,R23,FULL_GRID,4.5,4.5,6.3469143081759878,0.65359477124183007,0.17740669461678774,96,16,70,50000,0,0,0,0,0,2.5609718912715457e-07,0,7.6823274145000517e-05,0,0,0,0,0,127,103.08,126,127,458,23.571428571428573,24,15,15,15,9094300000,64300000,2168.7164480000115,2929,2045.8,49277.300000000003,5,18432,18432,1536,19968,0,0,300,1,2026072001,2026072903,0-49999,CC-C-R23-S-W96-S16-D70,STAGE13-2300,MAX_FRAMES_REACHED
formal_full_wsd_20260730,CONTROL_W,W128-S16-D70,R23,FULL_GRID,4.5,4.5,6.3469143081759878,0.65359477124183007,0.17740669461678774,128,16,70,50000,0,0,0,0,0,2.5609718912715457e-07,0,7.6823274145000517e-05,0,0,0,0,0,127,106.28,147,169,458,27.5,66,13,13,13,10527900000,57300000,2509.8323899999796,3320.5999999999999,2378.3000000000002,85865.300000000003,5,24576,24576,1536,26112,0,0,300,1,2026072001,2026072903,0-49999,CC-C-R23-S-W128-S16-D70,STAGE13-2300,MAX_FRAMES_REACHED
formal_full_wsd_20260730,CONTROL_W,W160-S16-D70,R23,FULL_GRID,4.5,4.5,6.3469143081759878,0.65359477124183007,0.17740669461678774,160,16,70,50000,0,0,0,0,0,2.5609718912715457e-07,0,7.6823274145000517e-05,0,0,0,0,0,127,114.59999999999999,195,217,458,33,114,11,11,11,11142300000,50300000,2664.5253499999981,3513.9000000000001,2531.5999999999999,85340.800000000003,5,30720,30720,1536,32256,0,0,300,1,2026072001,2026072903,0-49999,CC-C-R23-S-W160-S16-D70,STAGE13-2300,MAX_FRAMES_REACHED
formal_full_wsd_20260730,CONTROL_W,W192-S16-D70,R23,FULL_GRID,4.5,4.5,6.3469143081759878,0.65359477124183007,0.17740669461678774,192,16,70,50000,0,0,0,0,0,2.5609718912715457e-07,0,7.6823274145000517e-05,0,0,0,0,0,127,128.03999999999999,243,265,458,41.25,162,9,9,9,10937500000,43300000,2624.5219340000008,3461.1999999999998,2493.6999999999998,63675.300000000003,5,36864,36864,1536,38400,0,0,300,1,2026072001,2026072903,0-49999,CC-C-R23-S-W192-S16-D70,STAGE13-2300,MAX_FRAMES_REACHED
formal_full_wsd_20260730,CONTROL_S,W160-S8-D70,R23,FULL_GRID,4.5,4.5,6.3469143081759878,0.65359477124183007,0.17740669461678774,160,8,70,50000,0,0,0,0,0,2.5609718912715457e-07,0,7.6823274145000517e-05,0,0,0,0,0,115,114.44,207,229,458,18,126,20,20,20,20409500000,81800000,4847.0520280000264,6060.8999999999996,4688.3999999999996,73709.899999999994,5,30720,30720,1536,32256,0,0,300,1,2026072001,2026072903,0-49999,CC-C-R23-S-W160-S8-D70,STAGE13-2300,MAX_FRAMES_REACHED
formal_full_wsd_20260730,CONTROL_S,W160-S16-D70,R23,FULL_GRID,4.5,4.5,6.3469143081759878,0.65359477124183007,0.17740669461678774,160,16,70,50000,0,0,0,0,0,2.5609718912715457e-07,0,7.6823274145000517e-05,0,0,0,0,0,127,114.59999999999999,195,217,458,33,114,11,11,11,11142300000,50300000,2660.5143319999843,3500.4000000000001,2532.6999999999998,40686.300000000003,5,30720,30720,1536,32256,0,0,300,1,2026072001,2026072903,0-49999,CC-C-R23-S-W160-S16-D70,STAGE13-2300,MAX_FRAMES_REACHED
formal_full_wsd_20260730,CONTROL_S,W160-S25-D70,R23,FULL_GRID,4.5,4.5,6.3469143081759878,0.65359477124183007,0.17740669461678774,160,25,70,50000,0,0,0,0,0,2.5609718912715457e-07,0,7.6823274145000517e-05,0,0,0,0,0,141,121.75,210,232,458,52.666666666666664,129,7,7,7,7110300000,36300000,1712.3764099999953,2362.9000000000001,1602.3,31670.700000000001,5,30720,30720,1536,32256,0,0,300,1,2026072001,2026072903,0-49999,CC-C-R23-S-W160-S25-D70,STAGE13-2300,MAX_FRAMES_REACHED
formal_full_wsd_20260730,CONTROL_S,W160-S50-D70,R23,FULL_GRID,4.5,4.5,6.3469143081759878,0.65359477124183007,0.17740669461678774,160,50,70,50000,0,0,0,0,0,2.5609718912715457e-07,0,7.6823274145000517e-05,0,0,0,0,0,178,131,210,232,458,93,129,4,4,4,4038300000,25800000,979.68799400000717,1428.7,904.89999999999998,22761.299999999999,5,30720,30720,1536,32256,0,0,300,1,2026072001,2026072903,0-49999,CC-C-R23-S-W160-S50-D70,STAGE13-2300,MAX_FRAMES_REACHED
formal_full_wsd_20260730,CONTROL_D,W160-S16-D35,R23,FULL_GRID,4.5,4.5,6.3469143081759878,0.65359477124183007,0.17740669461678774,160,16,35,50000,0,0,0,0,0,2.5609718912715457e-07,0,7.6823274145000517e-05,0,0,0,0,0,75,86.86666666666666,195,217,458,38.200000000000003,166,11,11,11,11142300000,32800000,2658.2635119999968,3513.1999999999998,2527.0999999999999,48284.900000000001,5,30720,30720,1536,32256,0,0,300,1,2026072001,2026072903,0-49999,CC-C-R23-S-W160-S16-D35,STAGE13-2300,MAX_FRAMES_REACHED
formal_full_wsd_20260730,CONTROL_D,W160-S16-D49,R23,FULL_GRID,4.5,4.5,6.3469143081759878,0.65359477124183007,0.17740669461678774,160,16,49,50000,0,0,0,0,0,2.5609718912715457e-07,0,7.6823274145000517e-05,0,0,0,0,0,96,98.066666666666663,195,217,458,36.100000000000001,145,11,11,11,11142300000,39800000,2661.7246200000013,3505.6999999999998,2532.1999999999998,71254.199999999997,5,30720,30720,1536,32256,0,0,300,1,2026072001,2026072903,0-49999,CC-C-R23-S-W160-S16-D49,STAGE13-2300,MAX_FRAMES_REACHED
formal_full_wsd_20260730,CONTROL_D,W160-S16-D70,R23,FULL_GRID,4.5,4.5,6.3469143081759878,0.65359477124183007,0.17740669461678774,160,16,70,50000,0,0,0,0,0,2.5609718912715457e-07,0,7.6823274145000517e-05,0,0,0,0,0,127,114.59999999999999,195,217,458,33,114,11,11,11,11142300000,50300000,2664.0089559999956,3521.5,2530,75164.699999999997,5,30720,30720,1536,32256,0,0,300,1,2026072001,2026072903,0-49999,CC-C-R23-S-W160-S16-D70,STAGE13-2300,MAX_FRAMES_REACHED
formal_full_wsd_20260730,CONTROL_D,W160-S16-D84,R23,FULL_GRID,4.5,4.5,6.3469143081759878,0.65359477124183007,0.17740669461678774,160,16,84,50000,0,0,0,0,0,2.5609718912715457e-07,0,7.6823274145000517e-05,0,0,0,0,0,148,125.8,195,217,458,30.899999999999999,93,11,11,11,11142300000,57300000,2667.7670039999971,3523,2534.6999999999998,48931.099999999999,5,30720,30720,1536,32256,0,0,300,1,2026072001,2026072903,0-49999,CC-C-R23-S-W160-S16-D84,STAGE13-2300,MAX_FRAMES_REACHED
formal_full_wsd_20260730,CONTROL_D,W160-S16-D98,R23,FULL_GRID,4.5,4.5,6.3469143081759878,0.65359477124183007,0.17740669461678774,160,16,98,50000,0,0,0,0,0,2.5609718912715457e-07,0,7.6823274145000517e-05,0,0,0,0,0,169,137,195,217,458,28.800000000000001,72,11,11,11,11142300000,64300000,2665.921457999983,3527.3000000000002,2534.6999999999998,26594.099999999999,5,30720,30720,1536,32256,0,0,300,1,2026072001,2026072903,0-49999,CC-C-R23-S-W160-S16-D98,STAGE13-2300,MAX_FRAMES_REACHED
formal_full_wsd_20260730,CONTROL_D,W160-S16-D112,R23,FULL_GRID,4.5,4.5,6.3469143081759878,0.65359477124183007,0.17740669461678774,160,16,112,50000,0,0,0,0,0,2.5609718912715457e-07,0,7.6823274145000517e-05,0,0,0,0,0,190,148.19999999999999,195,217,458,26.699999999999999,51,11,11,11,11142300000,71300000,2667.8108199999706,3536.3000000000002,2535.0999999999999,46953.699999999997,5,30720,30720,1536,32256,0,0,300,1,2026072001,2026072903,0-49999,CC-C-R23-S-W160-S16-D112,STAGE13-2300,MAX_FRAMES_REACHED
formal_full_wsd_20260730,CONTROL_W,W96-S16-D70,R23,FULL_GRID,8.5,8.5,10.346914308175988,0.65359477124183007,0.070626877231137725,96,16,70,50000,0,0,0,0,0,2.5609718912715457e-07,0,7.6823274145000517e-05,0,0,0,0,0,127,103.08,126,127,458,23.571428571428573,24,15,15,15,9094300000,64300000,2110.6642379999926,2912.9000000000001,1994.5,32584.900000000001,5,18432,18432,1536,19968,0,0,300,1,2026072001,2026072903,0-49999,CC-C-R23-S-W96-S16-D70,STAGE13-2300,MAX_FRAMES_REACHED
formal_full_wsd_20260730,CONTROL_W,W128-S16-D70,R23,FULL_GRID,8.5,8.5,10.346914308175988,0.65359477124183007,0.070626877231137725,128,16,70,50000,0,0,0,0,0,2.5609718912715457e-07,0,7.6823274145000517e-05,0,0,0,0,0,127,106.28,147,169,458,27.5,66,13,13,13,10527900000,57300000,2439.0865600000043,3324,2316.4000000000001,28746.099999999999,5,24576,24576,1536,26112,0,0,300,1,2026072001,2026072903,0-49999,CC-C-R23-S-W128-S16-D70,STAGE13-2300,MAX_FRAMES_REACHED
formal_full_wsd_20260730,CONTROL_W,W160-S16-D70,R23,FULL_GRID,8.5,8.5,10.346914308175988,0.65359477124183007,0.070626877231137725,160,16,70,50000,0,0,0,0,0,2.5609718912715457e-07,0,7.6823274145000517e-05,0,0,0,0,0,127,114.59999999999999,195,217,458,33,114,11,11,11,11142300000,50300000,2591.9934760000019,3508.5,2464.8000000000002,41104.199999999997,5,30720,30720,1536,32256,0,0,300,1,2026072001,2026072903,0-49999,CC-C-R23-S-W160-S16-D70,STAGE13-2300,MAX_FRAMES_REACHED
formal_full_wsd_20260730,CONTROL_W,W192-S16-D70,R23,FULL_GRID,8.5,8.5,10.346914308175988,0.65359477124183007,0.070626877231137725,192,16,70,50000,0,0,0,0,0,2.5609718912715457e-07,0,7.6823274145000517e-05,0,0,0,0,0,127,128.03999999999999,243,265,458,41.25,162,9,9,9,10937500000,43300000,2545.7932819999742,3441.5999999999999,2425.9000000000001,35290.199999999997,5,36864,36864,1536,38400,0,0,300,1,2026072001,2026072903,0-49999,CC-C-R23-S-W192-S16-D70,STAGE13-2300,MAX_FRAMES_REACHED
formal_full_wsd_20260730,CONTROL_S,W160-S8-D70,R23,FULL_GRID,8.5,8.5,10.346914308175988,0.65359477124183007,0.070626877231137725,160,8,70,50000,0,0,0,0,0,2.5609718912715457e-07,0,7.6823274145000517e-05,0,0,0,0,0,115,114.44,207,229,458,18,126,20,20,20,20409500000,81800000,4705.5986879999928,6056.6999999999998,4571.5,60163.400000000001,5,30720,30720,1536,32256,0,0,300,1,2026072001,2026072903,0-49999,CC-C-R23-S-W160-S8-D70,STAGE13-2300,MAX_FRAMES_REACHED
formal_full_wsd_20260730,CONTROL_S,W160-S16-D70,R23,FULL_GRID,8.5,8.5,10.346914308175988,0.65359477124183007,0.070626877231137725,160,16,70,50000,0,0,0,0,0,2.5609718912715457e-07,0,7.6823274145000517e-05,0,0,0,0,0,127,114.59999999999999,195,217,458,33,114,11,11,11,11142300000,50300000,2588.2744480000165,3513.5,2463.5,26541,5,30720,30720,1536,32256,0,0,300,1,2026072001,2026072903,0-49999,CC-C-R23-S-W160-S16-D70,STAGE13-2300,MAX_FRAMES_REACHED
formal_full_wsd_20260730,CONTROL_S,W160-S25-D70,R23,FULL_GRID,8.5,8.5,10.346914308175988,0.65359477124183007,0.070626877231137725,160,25,70,50000,0,0,0,0,0,2.5609718912715457e-07,0,7.6823274145000517e-05,0,0,0,0,0,141,121.75,210,232,458,52.666666666666664,129,7,7,7,7110300000,36300000,1661.8419799999913,2347.3000000000002,1564.3,21664.5,5,30720,30720,1536,32256,0,0,300,1,2026072001,2026072903,0-49999,CC-C-R23-S-W160-S25-D70,STAGE13-2300,MAX_FRAMES_REACHED
formal_full_wsd_20260730,CONTROL_S,W160-S50-D70,R23,FULL_GRID,8.5,8.5,10.346914308175988,0.65359477124183007,0.070626877231137725,160,50,70,50000,0,0,0,0,0,2.5609718912715457e-07,0,7.6823274145000517e-05,0,0,0,0,0,178,131,210,232,458,93,129,4,4,4,4038300000,25800000,953.11045200000922,1414,885.5,30662.900000000001,5,30720,30720,1536,32256,0,0,300,1,2026072001,2026072903,0-49999,CC-C-R23-S-W160-S50-D70,STAGE13-2300,MAX_FRAMES_REACHED
formal_full_wsd_20260730,CONTROL_D,W160-S16-D35,R23,FULL_GRID,8.5,8.5,10.346914308175988,0.65359477124183007,0.070626877231137725,160,16,35,50000,0,0,0,0,0,2.5609718912715457e-07,0,7.6823274145000517e-05,0,0,0,0,0,75,86.86666666666666,195,217,458,38.200000000000003,166,11,11,11,11142300000,32800000,2582.7749099999778,3491.9000000000001,2457.6999999999998,46221.599999999999,5,30720,30720,1536,32256,0,0,300,1,2026072001,2026072903,0-49999,CC-C-R23-S-W160-S16-D35,STAGE13-2300,MAX_FRAMES_REACHED
formal_full_wsd_20260730,CONTROL_D,W160-S16-D49,R23,FULL_GRID,8.5,8.5,10.346914308175988,0.65359477124183007,0.070626877231137725,160,16,49,50000,0,0,0,0,0,2.5609718912715457e-07,0,7.6823274145000517e-05,0,0,0,0,0,96,98.066666666666663,195,217,458,36.100000000000001,145,11,11,11,11142300000,39800000,2582.3216159999974,3490.6999999999998,2461.1999999999998,46114.199999999997,5,30720,30720,1536,32256,0,0,300,1,2026072001,2026072903,0-49999,CC-C-R23-S-W160-S16-D49,STAGE13-2300,MAX_FRAMES_REACHED
formal_full_wsd_20260730,CONTROL_D,W160-S16-D70,R23,FULL_GRID,8.5,8.5,10.346914308175988,0.65359477124183007,0.070626877231137725,160,16,70,50000,0,0,0,0,0,2.5609718912715457e-07,0,7.6823274145000517e-05,0,0,0,0,0,127,114.59999999999999,195,217,458,33,114,11,11,11,11142300000,50300000,2588.0147340000271,3516.0999999999999,2463.0999999999999,40822.300000000003,5,30720,30720,1536,32256,0,0,300,1,2026072001,2026072903,0-49999,CC-C-R23-S-W160-S16-D70,STAGE13-2300,MAX_FRAMES_REACHED
formal_full_wsd_20260730,CONTROL_D,W160-S16-D84,R23,FULL_GRID,8.5,8.5,10.346914308175988,0.65359477124183007,0.070626877231137725,160,16,84,50000,0,0,0,0,0,2.5609718912715457e-07,0,7.6823274145000517e-05,0,0,0,0,0,148,125.8,195,217,458,30.899999999999999,93,11,11,11,11142300000,57300000,2587.7119700000094,3503.5,2464.9000000000001,40330,5,30720,30720,1536,32256,0,0,300,1,2026072001,2026072903,0-49999,CC-C-R23-S-W160-S16-D84,STAGE13-2300,MAX_FRAMES_REACHED
formal_full_wsd_20260730,CONTROL_D,W160-S16-D98,R23,FULL_GRID,8.5,8.5,10.346914308175988,0.65359477124183007,0.070626877231137725,160,16,98,50000,0,0,0,0,0,2.5609718912715457e-07,0,7.6823274145000517e-05,0,0,0,0,0,169,137,195,217,458,28.800000000000001,72,11,11,11,11142300000,64300000,2589.2891819999882,3516.5999999999999,2465.0999999999999,43893.900000000001,5,30720,30720,1536,32256,0,0,300,1,2026072001,2026072903,0-49999,CC-C-R23-S-W160-S16-D98,STAGE13-2300,MAX_FRAMES_REACHED
formal_full_wsd_20260730,CONTROL_D,W160-S16-D112,R23,FULL_GRID,8.5,8.5,10.346914308175988,0.65359477124183007,0.070626877231137725,160,16,112,50000,0,0,0,0,0,2.5609718912715457e-07,0,7.6823274145000517e-05,0,0,0,0,0,190,148.19999999999999,195,217,458,26.699999999999999,51,11,11,11,11142300000,71300000,2587.876898000005,3525.6999999999998,2465.0999999999999,44006.800000000003,5,30720,30720,1536,32256,0,0,300,1,2026072001,2026072903,0-49999,CC-C-R23-S-W160-S16-D112,STAGE13-2300,MAX_FRAMES_REACHED
formal_full_wsd_20260730,CONTROL_W,W96-S16-D70,R34,FULL_GRID,-3,-3,-1.6646109162978253,0.73529411764705888,0.99763115748443987,96,16,70,1000,136280,1000,0.45426666666666665,1,0.45248556948921381,0.45604893504723398,0.99617324151444497,1,0.46876315789473683,0.40836111111111112,29119,911,0,113,91.74666666666667,112,114,407,20.928571428571427,22,15,15,15,181886000,1286000,1686.1316000000006,2010,1712.8,2885,5,18432,18432,1536,19968,0,0,300,1,2026072001,2026072903,0-999,CC-C-R34-S-W96-S16-D70,STAGE13-3400,TARGET_ERRORS_REACHED
formal_full_wsd_20260730,CONTROL_W,W128-S16-D70,R34,FULL_GRID,-3,-3,-1.6646109162978253,0.73529411764705888,0.99763115748443987,128,16,70,1000,136314,1000,0.45438000000000001,1,0.45259886416809164,0.45616230413262443,0.99617324151444497,1,0.46756632653061225,0.42952884615384618,24327,876,0,113,94.573333333333338,130,150,407,24.416666666666668,58,13,13,13,210558000,1146000,1936.6289000000013,2270.0999999999999,1970.5,3393.6999999999998,5,24576,24576,1536,26112,0,0,300,1,2026072001,2026072903,0-999,CC-C-R34-S-W128-S16-D70,STAGE13-3400,TARGET_ERRORS_REACHED
formal_full_wsd_20260730,CONTROL_W,W160-S16-D70,R34,FULL_GRID,-3,-3,-1.6646109162978253,0.73529411764705888,0.99763115748443987,160,16,70,1000,136201,1000,0.45400333333333331,1,0.45222232633008524,0.45578551828350383,0.99617324151444497,1,0.4650670731707317,0.44066176470588236,19996,836,0,113,101.93333333333334,173,193,407,29.300000000000001,101,11,11,11,222846000,1006000,2041.9028999999985,2429.4000000000001,2086,3170.4000000000001,5,30720,30720,1536,32256,0,0,300,1,2026072001,2026072903,0-999,CC-C-R34-S-W160-S16-D70,STAGE13-3400,TARGET_ERRORS_REACHED
formal_full_wsd_20260730,CONTROL_W,W192-S16-D70,R34,FULL_GRID,-3,-3,-1.6646109162978253,0.73529411764705888,0.99763115748443987,192,16,70,1000,136250,1000,0.45416666666666666,1,0.45238560367339165,0.45594890342399585,0.99617324151444497,1,0.46312878787878786,0.44712499999999999,15579,767,0,113,113.82666666666667,216,236,407,36.625,144,9,9,9,218750000,866000,2012.2007000000003,2398.6999999999998,2050.0999999999999,2965.1999999999998,5,36864,36864,1536,38400,0,0,300,1,2026072001,2026072903,0-999,CC-C-R34-S-W192-S16-D70,STAGE13-3400,TARGET_ERRORS_REACHED
formal_full_wsd_20260730,CONTROL_S,W160-S8-D70,R34,FULL_GRID,-3,-3,-1.6646109162978253,0.73529411764705888,0.99763115748443987,160,8,70,1000,136075,1000,0.45358333333333334,1,0.45180247119241851,0.45536538417711764,0.99617324151444497,1,0.4536296296296296,0.45352898550724635,19496,879,0,102,101.77333333333333,184,204,407,16,112,20,20,20,408190000,1636000,3728.5825000000041,4260.3000000000002,3794.0999999999999,6629,5,30720,30720,1536,32256,0,0,300,1,2026072001,2026072903,0-999,CC-C-R34-S-W160-S8-D70,STAGE13-3400,TARGET_ERRORS_REACHED
formal_full_wsd_20260730,CONTROL_S,W160-S16-D70,R34,FULL_GRID,-3,-3,-1.6646109162978253,0.73529411764705888,0.99763115748443987,160,16,70,1000,136201,1000,0.45400333333333331,1,0.45222232633008524,0.45578551828350383,0.99617324151444497,1,0.4650670731707317,0.44066176470588236,19996,836,0,113,101.93333333333334,173,193,407,29.300000000000001,101,11,11,11,222846000,1006000,2047.4079000000015,2433.5999999999999,2079.5,3385.5,5,30720,30720,1536,32256,0,0,300,1,2026072001,2026072903,0-999,CC-C-R34-S-W160-S16-D70,STAGE13-3400,TARGET_ERRORS_REACHED
formal_full_wsd_20260730,CONTROL_S,W160-S25-D70,R34,FULL_GRID,-3,-3,-1.6646109162978253,0.73529411764705888,0.99763115748443987,160,25,70,1000,136265,1000,0.45421666666666666,1,0.45243558657224325,0.45599891924467439,0.99617324151444497,1,0.47026666666666667,0.44351666666666667,17388,748,0,125,108.16666666666667,186,206,407,46.833333333333336,114,7,7,7,142206000,726000,1314.1471999999997,1573.4000000000001,1336,2917,5,30720,30720,1536,32256,0,0,300,1,2026072001,2026072903,0-999,CC-C-R34-S-W160-S25-D70,STAGE13-3400,TARGET_ERRORS_REACHED
formal_full_wsd_20260730,CONTROL_S,W160-S50-D70,R34,FULL_GRID,-3,-3,-1.6646109162978253,0.73529411764705888,0.99763115748443987,160,50,70,1000,136457,1000,0.45485666666666669,1,0.45307536927763914,0.45663912014926411,0.99617324151444497,1,0.47393333333333332,0.45008749999999997,15408,584,0,158,116.5,186,206,407,82.666666666666671,114,4,4,4,80766000,516000,750.99859999999967,915,764,2418.3000000000002,5,30720,30720,1536,32256,0,0,300,1,2026072001,2026072903,0-999,CC-C-R34-S-W160-S50-D70,STAGE13-3400,TARGET_ERRORS_REACHED
formal_full_wsd_20260730,CONTROL_D,W160-S16-D35,R34,FULL_GRID,-3,-3,-1.6646109162978253,0.73529411764705888,0.99763115748443987,160,16,35,1000,136127,1000,0.45375666666666664,1,0.45197574458632167,0.45553877301091877,0.99617324151444497,1,0.46463414634146344,0.44063970588235296,30732,978,0,66,77.026666666666671,173,193,407,34,148,11,11,11,222846000,656000,2039.6537000000003,2395.1999999999998,2078.4000000000001,7721.3999999999996,5,30720,30720,1536,32256,0,0,300,1,2026072001,2026072903,0-999,CC-C-R34-S-W160-S16-D35,STAGE13-3400,TARGET_ERRORS_REACHED
formal_full_wsd_20260730,CONTROL_D,W160-S16-D49,R34,FULL_GRID,-3,-3,-1.6646109162978253,0.73529411764705888,0.99763115748443987,160,16,49,1000,136221,1000,0.45406999999999997,1,0.4522889701203246,0.45585220611930471,0.99617324151444497,1,0.46523780487804878,0.44060294117647059,25558,926,0,85,87,173,193,407,32.100000000000001,129,11,11,11,222846000,796000,2038.367099999999,2417.6999999999998,2076.6999999999998,3106.1999999999998,5,30720,30720,1536,32256,0,0,300,1,2026072001,2026072903,0-999,CC-C-R34-S-W160-S16-D49,STAGE13-3400,TARGET_ERRORS_REACHED
formal_full_wsd_20260730,CONTROL_D,W160-S16-D70,R34,FULL_GRID,-3,-3,-1.6646109162978253,0.73529411764705888,0.99763115748443987,160,16,70,1000,136201,1000,0.45400333333333331,1,0.45222232633008524,0.45578551828350383,0.99617324151444497,1,0.4650670731707317,0.44066176470588236,19996,836,0,113,101.93333333333334,173,193,407,29.300000000000001,101,11,11,11,222846000,1006000,2034.2804999999996,2389.5,2079.3000000000002,3581.4000000000001,5,30720,30720,1536,32256,0,0,300,1,2026072001,2026072903,0-999,CC-C-R34-S-W160-S16-D70,STAGE13-3400,TARGET_ERRORS_REACHED
formal_full_wsd_20260730,CONTROL_D,W160-S16-D84,R34,FULL_GRID,-3,-3,-1.6646109162978253,0.73529411764705888,0.99763115748443987,160,16,84,1000,136409,1000,0.45469666666666669,1,0.45291542332303975,0.45647907020136719,0.99617324151444497,1,0.46640243902439027,0.44058088235294118,17138,754,0,132,111.90666666666667,173,193,407,27.399999999999999,82,11,11,11,222846000,1146000,2057.7735000000016,2470.5,2086.8000000000002,3292.1999999999998,5,30720,30720,1536,32256,0,0,300,1,2026072001,2026072903,0-999,CC-C-R34-S-W160-S16-D84,STAGE13-3400,TARGET_ERRORS_REACHED
formal_full_wsd_20260730,CONTROL_D,W160-S16-D98,R34,FULL_GRID,-3,-3,-1.6646109162978253,0.73529411764705888,0.99763115748443987,160,16,98,1000,136539,1000,0.45512999999999998,1,0.45334861071247201,0.45691253838119583,0.99617324151444497,1,0.46704268292682927,0.44076470588235295,14366,670,0,150,121.82666666666667,173,193,407,25.600000000000001,64,11,11,11,222846000,1286000,2060.9409000000014,2461.8000000000002,2087.5999999999999,3613.9000000000001,5,30720,30720,1536,32256,0,0,300,1,2026072001,2026072903,0-999,CC-C-R34-S-W160-S16-D98,STAGE13-3400,TARGET_ERRORS_REACHED
formal_full_wsd_20260730,CONTROL_D,W160-S16-D112,R34,FULL_GRID,-3,-3,-1.6646109162978253,0.73529411764705888,0.99763115748443987,160,16,112,1000,136461,1000,0.45487,1,0.45308869811556135,0.45665245763654988,0.99617324151444497,1,0.46663414634146344,0.44068382352941177,11632,599,0,169,131.80000000000001,173,193,407,23.699999999999999,45,11,11,11,222846000,1426000,2053.6599999999976,2445.5,2086.4000000000001,3823.5,5,30720,30720,1536,32256,0,0,300,1,2026072001,2026072903,0-999,CC-C-R34-S-W160-S16-D112,STAGE13-3400,TARGET_ERRORS_REACHED
formal_full_wsd_20260730,CONTROL_W,W96-S16-D70,R34,FULL_GRID,1.5,1.5,2.8353890837021747,0.73529411764705888,0.35397289219206896,96,16,70,1000,3552,240,0.01184,0.23999999999999999,0.011459143946582555,0.012233357536923733,0.21455652518754262,0.26743338922494608,0.012403508771929824,0.010055555555555555,694,70,0.15942028985507248,113,91.74666666666667,112,114,407,20.928571428571427,22,15,15,15,181886000,1286000,1760.6575999999989,2085.5,1778.2,3967.6999999999998,5,18432,18432,1536,19968,0,0,300,1,2026072001,2026072903,0-999,CC-C-R34-S-W96-S16-D70,STAGE13-3400,TARGET_ERRORS_REACHED
formal_full_wsd_20260730,CONTROL_W,W128-S16-D70,R34,FULL_GRID,1.5,1.5,2.8353890837021747,0.73529411764705888,0.35397289219206896,128,16,70,1000,3492,234,0.011639999999999999,0.23400000000000001,0.011262390183859973,0.012030116421525822,0.20880800256185078,0.2612278329524646,0.011637755102040816,0.01164423076923077,490,55,0.13043478260869579,113,94.573333333333338,130,150,407,24.416666666666668,58,13,13,13,210558000,1146000,2030.5568999999994,2398.9000000000001,2051.4000000000001,4299.6000000000004,5,24576,24576,1536,26112,0,0,300,1,2026072001,2026072903,0-999,CC-C-R34-S-W128-S16-D70,STAGE13-3400,TARGET_ERRORS_REACHED
formal_full_wsd_20260730,CONTROL_W,W160-S16-D70,R34,FULL_GRID,1.5,1.5,2.8353890837021747,0.73529411764705888,0.35397289219206896,160,16,70,1000,3420,227,0.0114,0.22700000000000001,0.011026324000784283,0.011786188750856925,0.20211062426744336,0.2539787858656698,0.011353658536585366,0.011455882352941177,354,40,0.096618357487922801,113,101.93333333333334,173,193,407,29.300000000000001,101,11,11,11,222846000,1006000,2140.9577000000013,2518.0999999999999,2166.5,3461.8000000000002,5,30720,30720,1536,32256,0,0,300,1,2026072001,2026072903,0-999,CC-C-R34-S-W160-S16-D70,STAGE13-3400,TARGET_ERRORS_REACHED
formal_full_wsd_20260730,CONTROL_W,W192-S16-D70,R34,FULL_GRID,1.5,1.5,2.8353890837021747,0.73529411764705888,0.35397289219206896,192,16,70,1000,3374,220,0.011246666666666667,0.22,0.010875526395382862,0.01163032361636597,0.19542349338903661,0.24671949136287427,0.011106060606060605,0.011357142857142857,276,29,0.062801932367149815,113,113.82666666666667,216,236,407,36.625,144,9,9,9,218750000,866000,2104.1611999999986,2462.3000000000002,2134.5999999999999,3243.3000000000002,5,36864,36864,1536,38400,0,0,300,1,2026072001,2026072903,0-999,CC-C-R34-S-W192-S16-D70,STAGE13-3400,TARGET_ERRORS_REACHED
formal_full_wsd_20260730,CONTROL_S,W160-S8-D70,R34,FULL_GRID,1.5,1.5,2.8353890837021747,0.73529411764705888,0.35397289219206896,160,8,70,1000,3454,230,0.011513333333333334,0.23000000000000001,0.011137794414594509,0.011901382101314978,0.20497969372023053,0.25708675586196927,0.011419753086419753,0.011623188405797102,414,45,0.11111111111111122,102,101.77333333333333,184,204,407,16,112,20,20,20,408190000,1636000,3871.7461999999991,4445.3999999999996,3944.5999999999999,5670.8999999999996,5,30720,30720,1536,32256,0,0,300,1,2026072001,2026072903,0-999,CC-C-R34-S-W160-S8-D70,STAGE13-3400,TARGET_ERRORS_REACHED
formal_full_wsd_20260730,CONTROL_S,W160-S16-D70,R34,FULL_GRID,1.5,1.5,2.8353890837021747,0.73529411764705888,0.35397289219206896,160,16,70,1000,3420,227,0.0114,0.22700000000000001,0.011026324000784283,0.011786188750856925,0.20211062426744336,0.2539787858656698,0.011353658536585366,0.011455882352941177,354,40,0.096618357487922801,113,101.93333333333334,173,193,407,29.300000000000001,101,11,11,11,222846000,1006000,2130.031199999999,2525.5999999999999,2169.5,4875.6000000000004,5,30720,30720,1536,32256,0,0,300,1,2026072001,2026072903,0-999,CC-C-R34-S-W160-S16-D70,STAGE13-3400,TARGET_ERRORS_REACHED
formal_full_wsd_20260730,CONTROL_S,W160-S25-D70,R34,FULL_GRID,1.5,1.5,2.8353890837021747,0.73529411764705888,0.35397289219206896,160,25,70,1000,3417,222,0.011390000000000001,0.222,0.011016488834882864,0.011776024172852321,0.19733303685615078,0.24879464086181791,0.012083333333333333,0.010927777777777778,325,32,0.072463768115942101,125,108.16666666666667,186,206,407,46.833333333333336,114,7,7,7,142206000,726000,1377.1900000000001,1643.7,1391.4000000000001,2578.5999999999999,5,30720,30720,1536,32256,0,0,300,1,2026072001,2026072903,0-999,CC-C-R34-S-W160-S25-D70,STAGE13-3400,TARGET_ERRORS_REACHED
formal_full_wsd_20260730,CONTROL_S,W160-S50-D70,R34,FULL_GRID,1.5,1.5,2.8353890837021747,0.73529411764705888,0.35397289219206896,160,50,70,1000,3324,219,0.01108,0.219,0.010711636302771596,0.011460884643876824,0.19446904537483753,0.24568159289404448,0.012366666666666666,0.010758333333333333,202,22,0.057971014492753679,158,116.5,186,206,407,82.666666666666671,114,4,4,4,80766000,516000,787.60330000000056,994.39999999999998,793.79999999999995,1610.7,5,30720,30720,1536,32256,0,0,300,1,2026072001,2026072903,0-999,CC-C-R34-S-W160-S50-D70,STAGE13-3400,TARGET_ERRORS_REACHED
formal_full_wsd_20260730,CONTROL_D,W160-S16-D35,R34,FULL_GRID,1.5,1.5,2.8353890837021747,0.73529411764705888,0.35397289219206896,160,16,35,1000,4759,354,0.015863333333333333,0.35399999999999998,0.015422384492082677,0.016316680622947478,0.32497103040683056,0.38414638307095145,0.019396341463414634,0.011602941176470588,2227,228,0.71014492753623193,66,77.026666666666671,173,193,407,34,148,11,11,11,222846000,656000,2129.6802999999991,2502.4000000000001,2163.5999999999999,4325.1999999999998,5,30720,30720,1536,32256,0,0,300,1,2026072001,2026072903,0-999,CC-C-R34-S-W160-S16-D35,STAGE13-3400,TARGET_ERRORS_REACHED
formal_full_wsd_20260730,CONTROL_D,W160-S16-D49,R34,FULL_GRID,1.5,1.5,2.8353890837021747,0.73529411764705888,0.35397289219206896,160,16,49,1000,3933,278,0.01311,0.27800000000000002,0.01270916237414923,0.013523306585422173,0.25112205627415252,0.30657702449343394,0.014457317073170732,0.011485294117647059,1095,120,0.34299516908212579,85,87,173,193,407,32.100000000000001,129,11,11,11,222846000,796000,2120.8600999999999,2480.4000000000001,2161.5,4006,5,30720,30720,1536,32256,0,0,300,1,2026072001,2026072903,0-999,CC-C-R34-S-W160-S16-D49,STAGE13-3400,TARGET_ERRORS_REACHED
formal_full_wsd_20260730,CONTROL_D,W160-S16-D70,R34,FULL_GRID,1.5,1.5,2.8353890837021747,0.73529411764705888,0.35397289219206896,160,16,70,1000,3420,227,0.0114,0.22700000000000001,0.011026324000784283,0.011786188750856925,0.20211062426744336,0.2539787858656698,0.011353658536585366,0.011455882352941177,354,40,0.096618357487922801,113,101.93333333333334,173,193,407,29.300000000000001,101,11,11,11,222846000,1006000,2125.5730000000008,2478.6999999999998,2162.0999999999999,3254.1999999999998,5,30720,30720,1536,32256,0,0,300,1,2026072001,2026072903,0-999,CC-C-R34-S-W160-S16-D70,STAGE13-3400,TARGET_ERRORS_REACHED
formal_full_wsd_20260730,CONTROL_D,W160-S16-D84,R34,FULL_GRID,1.5,1.5,2.8353890837021747,0.73529411764705888,0.35397289219206896,160,16,84,1000,3345,216,0.01115,0.216,0.010780467531493379,0.011532051622497215,0.19160700894892252,0.24256658987087282,0.010896341463414633,0.011455882352941177,207,22,0.043478260869565258,132,111.90666666666667,173,193,407,27.399999999999999,82,11,11,11,222846000,1146000,2138.2205000000008,2510,2169.5999999999999,3053.0999999999999,5,30720,30720,1536,32256,0,0,300,1,2026072001,2026072903,0-999,CC-C-R34-S-W160-S16-D84,STAGE13-3400,TARGET_ERRORS_REACHED
formal_full_wsd_20260730,CONTROL_D,W160-S16-D98,R34,FULL_GRID,1.5,1.5,2.8353890837021747,0.73529411764705888,0.35397289219206896,160,16,98,1000,3323,213,0.011076666666666667,0.21299999999999999,0.010708358720218671,0.011457495645127744,0.18874695684098677,0.23944960252972189,0.010768292682926828,0.011448529411764706,151,15,0.02898550724637684,150,121.82666666666667,173,193,407,25.600000000000001,64,11,11,11,222846000,1286000,2140.8038999999994,2506,2174.0999999999999,4017.3000000000002,5,30720,30720,1536,32256,0,0,300,1,2026072001,2026072903,0-999,CC-C-R34-S-W160-S16-D98,STAGE13-3400,TARGET_ERRORS_REACHED
formal_full_wsd_20260730,CONTROL_D,W160-S16-D112,R34,FULL_GRID,1.5,1.5,2.8353890837021747,0.73529411764705888,0.35397289219206896,160,16,112,1000,3285,212,0.01095,0.21199999999999999,0.010583817040580014,0.01132870723529009,0.18779405230733129,0.2384101605803485,0.010530487804878049,0.011455882352941177,87,9,0.0241545893719807,169,131.80000000000001,173,193,407,23.699999999999999,45,11,11,11,222846000,1426000,2150.6654999999982,2523.3000000000002,2175,4057.6999999999998,5,30720,30720,1536,32256,0,0,300,1,2026072001,2026072903,0-999,CC-C-R34-S-W160-S16-D112,STAGE13-3400,TARGET_ERRORS_REACHED
formal_full_wsd_20260730,CONTROL_W,W96-S16-D70,R34,FULL_GRID,5,5,6.3353890837021751,0.73529411764705888,0.15811388300841897,96,16,70,50000,0,0,0,0,0,2.5609718912715457e-07,0,7.6823274145000517e-05,0,0,0,0,0,113,91.74666666666667,112,114,407,20.928571428571427,22,15,15,15,9094300000,64300000,1872.735253999982,2401.6999999999998,1845.7,17942,5,18432,18432,1536,19968,0,0,300,1,2026072001,2026072903,0-49999,CC-C-R34-S-W96-S16-D70,STAGE13-3400,MAX_FRAMES_REACHED
formal_full_wsd_20260730,CONTROL_W,W128-S16-D70,R34,FULL_GRID,5,5,6.3353890837021751,0.73529411764705888,0.15811388300841897,128,16,70,50000,0,0,0,0,0,2.5609718912715457e-07,0,7.6823274145000517e-05,0,0,0,0,0,113,94.573333333333338,130,150,407,24.416666666666668,58,13,13,13,10527900000,57300000,2159.1237099999721,2732.3000000000002,2128,36095.300000000003,5,24576,24576,1536,26112,0,0,300,1,2026072001,2026072903,0-49999,CC-C-R34-S-W128-S16-D70,STAGE13-3400,MAX_FRAMES_REACHED
formal_full_wsd_20260730,CONTROL_W,W160-S16-D70,R34,FULL_GRID,5,5,6.3353890837021751,0.73529411764705888,0.15811388300841897,160,16,70,50000,0,0,0,0,0,2.5609718912715457e-07,0,7.6823274145000517e-05,0,0,0,0,0,113,101.93333333333334,173,193,407,29.300000000000001,101,11,11,11,11142300000,50300000,2289.3445020000258,2899.1999999999998,2255.0999999999999,27812.5,5,30720,30720,1536,32256,0,0,300,1,2026072001,2026072903,0-49999,CC-C-R34-S-W160-S16-D70,STAGE13-3400,MAX_FRAMES_REACHED
formal_full_wsd_20260730,CONTROL_W,W192-S16-D70,R34,FULL_GRID,5,5,6.3353890837021751,0.73529411764705888,0.15811388300841897,192,16,70,50000,0,0,0,0,0,2.5609718912715457e-07,0,7.6823274145000517e-05,0,0,0,0,0,113,113.82666666666667,216,236,407,36.625,144,9,9,9,10937500000,43300000,2254.7321060000058,2840.4000000000001,2221.6999999999998,35266,5,36864,36864,1536,38400,0,0,300,1,2026072001,2026072903,0-49999,CC-C-R34-S-W192-S16-D70,STAGE13-3400,MAX_FRAMES_REACHED
formal_full_wsd_20260730,CONTROL_S,W160-S8-D70,R34,FULL_GRID,5,5,6.3353890837021751,0.73529411764705888,0.15811388300841897,160,8,70,50000,0,0,0,0,0,2.5609718912715457e-07,0,7.6823274145000517e-05,0,0,0,0,0,102,101.77333333333333,184,204,407,16,112,20,20,20,20409500000,81800000,4165.2084860000023,5028.8000000000002,4124.1000000000004,53432.900000000001,5,30720,30720,1536,32256,0,0,300,1,2026072001,2026072903,0-49999,CC-C-R34-S-W160-S8-D70,STAGE13-3400,MAX_FRAMES_REACHED
formal_full_wsd_20260730,CONTROL_S,W160-S16-D70,R34,FULL_GRID,5,5,6.3353890837021751,0.73529411764705888,0.15811388300841897,160,16,70,50000,0,0,0,0,0,2.5609718912715457e-07,0,7.6823274145000517e-05,0,0,0,0,0,113,101.93333333333334,173,193,407,29.300000000000001,101,11,11,11,11142300000,50300000,2292.7428519999994,2906.6999999999998,2258,39846.400000000001,5,30720,30720,1536,32256,0,0,300,1,2026072001,2026072903,0-49999,CC-C-R34-S-W160-S16-D70,STAGE13-3400,MAX_FRAMES_REACHED
formal_full_wsd_20260730,CONTROL_S,W160-S25-D70,R34,FULL_GRID,5,5,6.3353890837021751,0.73529411764705888,0.15811388300841897,160,25,70,50000,0,0,0,0,0,2.5609718912715457e-07,0,7.6823274145000517e-05,0,0,0,0,0,125,108.16666666666667,186,206,407,46.833333333333336,114,7,7,7,7110300000,36300000,1470.5916039999836,1926.9000000000001,1442.9000000000001,19273.400000000001,5,30720,30720,1536,32256,0,0,300,1,2026072001,2026072903,0-49999,CC-C-R34-S-W160-S25-D70,STAGE13-3400,MAX_FRAMES_REACHED
formal_full_wsd_20260730,CONTROL_S,W160-S50-D70,R34,FULL_GRID,5,5,6.3353890837021751,0.73529411764705888,0.15811388300841897,160,50,70,50000,0,0,0,0,0,2.5609718912715457e-07,0,7.6823274145000517e-05,0,0,0,0,0,158,116.5,186,206,407,82.666666666666671,114,4,4,4,4038300000,25800000,842.5491840000027,1141.0999999999999,822.70000000000005,44015.400000000001,5,30720,30720,1536,32256,0,0,300,1,2026072001,2026072903,0-49999,CC-C-R34-S-W160-S50-D70,STAGE13-3400,MAX_FRAMES_REACHED
formal_full_wsd_20260730,CONTROL_D,W160-S16-D35,R34,FULL_GRID,5,5,6.3353890837021751,0.73529411764705888,0.15811388300841897,160,16,35,50000,0,0,0,0,0,2.5609718912715457e-07,0,7.6823274145000517e-05,0,0,0,0,0,66,77.026666666666671,173,193,407,34,148,11,11,11,11142300000,32800000,2282.0625740000005,2880.3000000000002,2248.9000000000001,39909,5,30720,30720,1536,32256,0,0,300,1,2026072001,2026072903,0-49999,CC-C-R34-S-W160-S16-D35,STAGE13-3400,MAX_FRAMES_REACHED
formal_full_wsd_20260730,CONTROL_D,W160-S16-D49,R34,FULL_GRID,5,5,6.3353890837021751,0.73529411764705888,0.15811388300841897,160,16,49,50000,0,0,0,0,0,2.5609718912715457e-07,0,7.6823274145000517e-05,0,0,0,0,0,85,87,173,193,407,32.100000000000001,129,11,11,11,11142300000,39800000,2283.3548680000076,2896.1999999999998,2251.8000000000002,31542.799999999999,5,30720,30720,1536,32256,0,0,300,1,2026072001,2026072903,0-49999,CC-C-R34-S-W160-S16-D49,STAGE13-3400,MAX_FRAMES_REACHED
formal_full_wsd_20260730,CONTROL_D,W160-S16-D70,R34,FULL_GRID,5,5,6.3353890837021751,0.73529411764705888,0.15811388300841897,160,16,70,50000,0,0,0,0,0,2.5609718912715457e-07,0,7.6823274145000517e-05,0,0,0,0,0,113,101.93333333333334,173,193,407,29.300000000000001,101,11,11,11,11142300000,50300000,2286.6119320000389,2894.5,2255.0999999999999,20103.900000000001,5,30720,30720,1536,32256,0,0,300,1,2026072001,2026072903,0-49999,CC-C-R34-S-W160-S16-D70,STAGE13-3400,MAX_FRAMES_REACHED
formal_full_wsd_20260730,CONTROL_D,W160-S16-D84,R34,FULL_GRID,5,5,6.3353890837021751,0.73529411764705888,0.15811388300841897,160,16,84,50000,0,0,0,0,0,2.5609718912715457e-07,0,7.6823274145000517e-05,0,0,0,0,0,132,111.90666666666667,173,193,407,27.399999999999999,82,11,11,11,11142300000,57300000,2291.6955800000155,2887,2255.8000000000002,115582,5,30720,30720,1536,32256,0,0,300,1,2026072001,2026072903,0-49999,CC-C-R34-S-W160-S16-D84,STAGE13-3400,MAX_FRAMES_REACHED
formal_full_wsd_20260730,CONTROL_D,W160-S16-D98,R34,FULL_GRID,5,5,6.3353890837021751,0.73529411764705888,0.15811388300841897,160,16,98,50000,0,0,0,0,0,2.5609718912715457e-07,0,7.6823274145000517e-05,0,0,0,0,0,150,121.82666666666667,173,193,407,25.600000000000001,64,11,11,11,11142300000,64300000,2289.7231039999988,2894,2256.6999999999998,43331.300000000003,5,30720,30720,1536,32256,0,0,300,1,2026072001,2026072903,0-49999,CC-C-R34-S-W160-S16-D98,STAGE13-3400,MAX_FRAMES_REACHED
formal_full_wsd_20260730,CONTROL_D,W160-S16-D112,R34,FULL_GRID,5,5,6.3353890837021751,0.73529411764705888,0.15811388300841897,160,16,112,50000,0,0,0,0,0,2.5609718912715457e-07,0,7.6823274145000517e-05,0,0,0,0,0,169,131.80000000000001,173,193,407,23.699999999999999,45,11,11,11,11142300000,71300000,2288.7330880000104,2877,2255.1999999999998,61341.099999999999,5,30720,30720,1536,32256,0,0,300,1,2026072001,2026072903,0-49999,CC-C-R34-S-W160-S16-D112,STAGE13-3400,MAX_FRAMES_REACHED
formal_full_wsd_20260730,CONTROL_W,W96-S16-D70,R34,FULL_GRID,9,9,10.335389083702175,0.73529411764705888,0.06294627058970835,96,16,70,50000,0,0,0,0,0,2.5609718912715457e-07,0,7.6823274145000517e-05,0,0,0,0,0,113,91.74666666666667,112,114,407,20.928571428571427,22,15,15,15,9094300000,64300000,1661.7426300000086,2246,1646.5,61609.800000000003,5,18432,18432,1536,19968,0,0,300,1,2026072001,2026072903,0-49999,CC-C-R34-S-W96-S16-D70,STAGE13-3400,MAX_FRAMES_REACHED
formal_full_wsd_20260730,CONTROL_W,W128-S16-D70,R34,FULL_GRID,9,9,10.335389083702175,0.73529411764705888,0.06294627058970835,128,16,70,50000,0,0,0,0,0,2.5609718912715457e-07,0,7.6823274145000517e-05,0,0,0,0,0,113,94.573333333333338,130,150,407,24.416666666666668,58,13,13,13,10527900000,57300000,1906.5151759999844,2560.8000000000002,1893.8,58521.800000000003,5,24576,24576,1536,26112,0,0,300,1,2026072001,2026072903,0-49999,CC-C-R34-S-W128-S16-D70,STAGE13-3400,MAX_FRAMES_REACHED
formal_full_wsd_20260730,CONTROL_W,W160-S16-D70,R34,FULL_GRID,9,9,10.335389083702175,0.73529411764705888,0.06294627058970835,160,16,70,50000,0,0,0,0,0,2.5609718912715457e-07,0,7.6823274145000517e-05,0,0,0,0,0,113,101.93333333333334,173,193,407,29.300000000000001,101,11,11,11,11142300000,50300000,2021.453294000004,2728.1999999999998,2005.7,35620.599999999999,5,30720,30720,1536,32256,0,0,300,1,2026072001,2026072903,0-49999,CC-C-R34-S-W160-S16-D70,STAGE13-3400,MAX_FRAMES_REACHED
formal_full_wsd_20260730,CONTROL_W,W192-S16-D70,R34,FULL_GRID,9,9,10.335389083702175,0.73529411764705888,0.06294627058970835,192,16,70,50000,0,0,0,0,0,2.5609718912715457e-07,0,7.6823274145000517e-05,0,0,0,0,0,113,113.82666666666667,216,236,407,36.625,144,9,9,9,10937500000,43300000,1990.556189999973,2678.3000000000002,1972.5999999999999,74604.800000000003,5,36864,36864,1536,38400,0,0,300,1,2026072001,2026072903,0-49999,CC-C-R34-S-W192-S16-D70,STAGE13-3400,MAX_FRAMES_REACHED
formal_full_wsd_20260730,CONTROL_S,W160-S8-D70,R34,FULL_GRID,9,9,10.335389083702175,0.73529411764705888,0.06294627058970835,160,8,70,50000,0,0,0,0,0,2.5609718912715457e-07,0,7.6823274145000517e-05,0,0,0,0,0,102,101.77333333333333,184,204,407,16,112,20,20,20,20409500000,81800000,3660.2107879999985,4809.6000000000004,3624.3000000000002,43533,5,30720,30720,1536,32256,0,0,300,1,2026072001,2026072903,0-49999,CC-C-R34-S-W160-S8-D70,STAGE13-3400,MAX_FRAMES_REACHED
formal_full_wsd_20260730,CONTROL_S,W160-S16-D70,R34,FULL_GRID,9,9,10.335389083702175,0.73529411764705888,0.06294627058970835,160,16,70,50000,0,0,0,0,0,2.5609718912715457e-07,0,7.6823274145000517e-05,0,0,0,0,0,113,101.93333333333334,173,193,407,29.300000000000001,101,11,11,11,11142300000,50300000,2013.3522760000101,2714.4000000000001,2003.3,18483.099999999999,5,30720,30720,1536,32256,0,0,300,1,2026072001,2026072903,0-49999,CC-C-R34-S-W160-S16-D70,STAGE13-3400,MAX_FRAMES_REACHED
formal_full_wsd_20260730,CONTROL_S,W160-S25-D70,R34,FULL_GRID,9,9,10.335389083702175,0.73529411764705888,0.06294627058970835,160,25,70,50000,0,0,0,0,0,2.5609718912715457e-07,0,7.6823274145000517e-05,0,0,0,0,0,125,108.16666666666667,186,206,407,46.833333333333336,114,7,7,7,7110300000,36300000,1296.3396279999915,1768.5999999999999,1289.5999999999999,42162.599999999999,5,30720,30720,1536,32256,0,0,300,1,2026072001,2026072903,0-49999,CC-C-R34-S-W160-S25-D70,STAGE13-3400,MAX_FRAMES_REACHED
formal_full_wsd_20260730,CONTROL_S,W160-S50-D70,R34,FULL_GRID,9,9,10.335389083702175,0.73529411764705888,0.06294627058970835,160,50,70,50000,0,0,0,0,0,2.5609718912715457e-07,0,7.6823274145000517e-05,0,0,0,0,0,158,116.5,186,206,407,82.666666666666671,114,4,4,4,4038300000,25800000,744.81981600000961,1023.5,738.60000000000002,34368.199999999997,5,30720,30720,1536,32256,0,0,300,1,2026072001,2026072903,0-49999,CC-C-R34-S-W160-S50-D70,STAGE13-3400,MAX_FRAMES_REACHED
formal_full_wsd_20260730,CONTROL_D,W160-S16-D35,R34,FULL_GRID,9,9,10.335389083702175,0.73529411764705888,0.06294627058970835,160,16,35,50000,0,0,0,0,0,2.5609718912715457e-07,0,7.6823274145000517e-05,0,0,0,0,0,66,77.026666666666671,173,193,407,34,148,11,11,11,11142300000,32800000,2012.3038859999922,2710.9000000000001,1995.7,41159.199999999997,5,30720,30720,1536,32256,0,0,300,1,2026072001,2026072903,0-49999,CC-C-R34-S-W160-S16-D35,STAGE13-3400,MAX_FRAMES_REACHED
formal_full_wsd_20260730,CONTROL_D,W160-S16-D49,R34,FULL_GRID,9,9,10.335389083702175,0.73529411764705888,0.06294627058970835,160,16,49,50000,0,0,0,0,0,2.5609718912715457e-07,0,7.6823274145000517e-05,0,0,0,0,0,85,87,173,193,407,32.100000000000001,129,11,11,11,11142300000,39800000,2012.5283240000092,2715.0999999999999,1998.0999999999999,28044,5,30720,30720,1536,32256,0,0,300,1,2026072001,2026072903,0-49999,CC-C-R34-S-W160-S16-D49,STAGE13-3400,MAX_FRAMES_REACHED
formal_full_wsd_20260730,CONTROL_D,W160-S16-D70,R34,FULL_GRID,9,9,10.335389083702175,0.73529411764705888,0.06294627058970835,160,16,70,50000,0,0,0,0,0,2.5609718912715457e-07,0,7.6823274145000517e-05,0,0,0,0,0,113,101.93333333333334,173,193,407,29.300000000000001,101,11,11,11,11142300000,50300000,2020.7676200000096,2716.5999999999999,2001.8,113391.3,5,30720,30720,1536,32256,0,0,300,1,2026072001,2026072903,0-49999,CC-C-R34-S-W160-S16-D70,STAGE13-3400,MAX_FRAMES_REACHED
formal_full_wsd_20260730,CONTROL_D,W160-S16-D84,R34,FULL_GRID,9,9,10.335389083702175,0.73529411764705888,0.06294627058970835,160,16,84,50000,0,0,0,0,0,2.5609718912715457e-07,0,7.6823274145000517e-05,0,0,0,0,0,132,111.90666666666667,173,193,407,27.399999999999999,82,11,11,11,11142300000,57300000,2020.4733100000058,2722.5999999999999,2003.9000000000001,153043.89999999999,5,30720,30720,1536,32256,0,0,300,1,2026072001,2026072903,0-49999,CC-C-R34-S-W160-S16-D84,STAGE13-3400,MAX_FRAMES_REACHED
formal_full_wsd_20260730,CONTROL_D,W160-S16-D98,R34,FULL_GRID,9,9,10.335389083702175,0.73529411764705888,0.06294627058970835,160,16,98,50000,0,0,0,0,0,2.5609718912715457e-07,0,7.6823274145000517e-05,0,0,0,0,0,150,121.82666666666667,173,193,407,25.600000000000001,64,11,11,11,11142300000,64300000,2021.2844059999818,2725.8000000000002,2006.5999999999999,44016.199999999997,5,30720,30720,1536,32256,0,0,300,1,2026072001,2026072903,0-49999,CC-C-R34-S-W160-S16-D98,STAGE13-3400,MAX_FRAMES_REACHED
formal_full_wsd_20260730,CONTROL_D,W160-S16-D112,R34,FULL_GRID,9,9,10.335389083702175,0.73529411764705888,0.06294627058970835,160,16,112,50000,0,0,0,0,0,2.5609718912715457e-07,0,7.6823274145000517e-05,0,0,0,0,0,169,131.80000000000001,173,193,407,23.699999999999999,45,11,11,11,11142300000,71300000,2024.8029099999994,2725.4000000000001,2007.5,56437.300000000003,5,30720,30720,1536,32256,0,0,300,1,2026072001,2026072903,0-49999,CC-C-R34-S-W160-S16-D112,STAGE13-3400,MAX_FRAMES_REACHED
