stageId,runId,gitCommit,caseId,legendLabel,payloadLength,encodedLength,actualRate,motherN,motherK,motherT,blockCount,interleaverMode,interleaverDepth,interleaverRows,interleaverColumns,interleaverBlockCount,interleaverSeed,permutationFile,permutationSha256,burstLengthIndex,burstLengthBits,burstRatio,masterSeed,framesProcessed,payloadBitsProcessed,payloadErrorBits,payloadErrorFrames,decoderDeclaredSuccessFrames,decoderDeclaredFailureFrames,trueSuccessFrames,miscorrectionFrames,undetectedErrorFrames,affectedCodeBlocksTotal,meanAffectedCodeBlocks,maxAffectedCodeBlocks,maxErrorsInOneCodeBlockObserved,meanMaxErrorsInOneCodeBlock,interleaverApplyTimeTotalNs,deinterleaverApplyTimeTotalNs,decoderTimeTotalNs,interleaverTimeMeanNs,deinterleaverTimeMeanNs,decoderTimeMeanNs,decoderTimeP50Ns,decoderTimeP95Ns,decoderTimeP99Ns,decoderTimeMaxNs,interleaverBufferBits,interleaverBufferBytes,interleaverStartupDelayBits,ber,fer,decoderFailureRate,miscorrectionRate,undetectedErrorRate,trueSuccessRate,stopReason,checkpointPath,resultSha256
stage15_interleaving_formal,stage15_formal_v1,c56ea139a842ce7156261a02174dba399024849b,K200_S15,分块200,200,285,0.70175438596491224,15,11,1,19,ROW_COLUMN,4,4,72,1,1140071481932319848,../stage13_burst_interleaving_validation/results/stage13_burst_interleaving_validation_permutations.csv,2bf4fdd7dd4b4596de41b62f4037d780accd2b33eb4b171f897a7b69c62a2726,1,5,0.017543859649122806,1397048147,1000,200000,2130,903,1000,0,97,903,0,4054,4.0540000000000003,5,2,1.9299999999999999,548300,628100,6375500,548,628,6375,5700,9000,13600,68000,285,36,285,0.01065,0.90300000000000002,0,0.90300000000000002,0,0.097000000000000003,TARGET_FRAME_ERRORS_REACHED,results/checkpoints/stage15_interleaving_formal_K200_S15_ROW_COLUMN_D4_L5.json,
stage15_interleaving_formal,stage15_formal_v1,c56ea139a842ce7156261a02174dba399024849b,K200_S15,分块200,200,285,0.70175438596491224,15,11,1,19,ROW_COLUMN,4,4,72,1,1140071481932319848,../stage13_burst_interleaving_validation/results/stage13_burst_interleaving_validation_permutations.csv,2bf4fdd7dd4b4596de41b62f4037d780accd2b33eb4b171f897a7b69c62a2726,5,20,0.070175438596491224,1397048147,1000,200000,17299,1000,1000,0,0,1000,0,5061,5.0609999999999999,6,6,5.0099999999999998,631400,662100,7634500,631,662,7634,5800,9800,11400,678700,285,36,285,0.086495000000000002,1,0,1,0,0,TARGET_FRAME_ERRORS_REACHED,results/checkpoints/stage15_interleaving_formal_K200_S15_ROW_COLUMN_D4_L20.json,
stage15_interleaving_formal,stage15_formal_v1,c56ea139a842ce7156261a02174dba399024849b,K200_S15,分块200,200,285,0.70175438596491224,15,11,1,19,ROW_COLUMN,16,16,18,1,1140071481932319848,../stage13_burst_interleaving_validation/results/stage13_burst_interleaving_validation_permutations.csv,3e176e22f2606ff990324081ee68cc2f588770bc0ecb7b9e0911f2b1505ef056,2,8,0.028070175438596492,1397048147,50000,10000000,0,0,50000,0,50000,0,0,400000,8,8,1,1,32806300,33720800,379629100,656,674,7592,6100,10300,15500,711200,285,36,285,0,0,0,0,0,1,MAX_FRAMES_REACHED,results/checkpoints/stage15_interleaving_formal_K200_S15_ROW_COLUMN_D16_L8.json,
stage15_interleaving_formal,stage15_formal_v1,c56ea139a842ce7156261a02174dba399024849b,K200_S15,分块200,200,285,0.70175438596491224,15,11,1,19,ROW_COLUMN,16,16,18,1,1140071481932319848,../stage13_burst_interleaving_validation/results/stage13_burst_interleaving_validation_permutations.csv,3e176e22f2606ff990324081ee68cc2f588770bc0ecb7b9e0911f2b1505ef056,6,30,0.10526315789473684,1397048147,1000,200000,29015,1000,1000,0,0,1000,0,16694,16.693999999999999,19,2,2,513300,551900,6905800,513,551,6905,6600,7100,14500,40200,285,36,285,0.14507500000000001,1,0,1,0,0,TARGET_FRAME_ERRORS_REACHED,results/checkpoints/stage15_interleaving_formal_K200_S15_ROW_COLUMN_D16_L30.json,
stage15_interleaving_formal,stage15_formal_v1,c56ea139a842ce7156261a02174dba399024849b,K200_M255K207,255整块200,200,248,0.80645161290322576,255,207,6,1,ROW_COLUMN,4,4,62,1,1140071481932319848,../stage13_burst_interleaving_validation/results/stage13_burst_interleaving_validation_permutations.csv,bb300a094e912b7f4f05e394521c66e9cb15f60ab7f673ff809e87cbddceb4e8,3,10,0.040322580645161289,1397048147,1000,200000,8073,1000,0,1000,0,0,0,1000,1,1,10,10,632500,660100,19479100,632,660,19479,17800,23500,35200,110700,248,31,248,0.040364999999999998,1,1,0,0,0,TARGET_FRAME_ERRORS_REACHED,results/checkpoints/stage15_interleaving_formal_K200_M255K207_ROW_COLUMN_D4_L10.json,
stage15_interleaving_formal,stage15_formal_v1,c56ea139a842ce7156261a02174dba399024849b,K200_M255K207,255整块200,200,248,0.80645161290322576,255,207,6,1,ROW_COLUMN,16,16,16,1,1140071481932319848,../stage13_burst_interleaving_validation/results/stage13_burst_interleaving_validation_permutations.csv,63a09628a7e11c5ac40070a16137d2caad4f0e6435896cd0df6561bebf10e5cb,0,3,0.012096774193548387,1397048147,50000,10000000,0,0,50000,0,50000,0,0,50000,1,1,3,3,29392700,30941200,760098900,587,618,15201,13400,21100,27700,398100,248,31,248,0,0,0,0,0,1,MAX_FRAMES_REACHED,results/checkpoints/stage15_interleaving_formal_K200_M255K207_ROW_COLUMN_D16_L3.json,
stage15_interleaving_formal,stage15_formal_v1,c56ea139a842ce7156261a02174dba399024849b,K200_M255K207,255整块200,200,248,0.80645161290322576,255,207,6,1,ROW_COLUMN,16,16,16,1,1140071481932319848,../stage13_burst_interleaving_validation/results/stage13_burst_interleaving_validation_permutations.csv,63a09628a7e11c5ac40070a16137d2caad4f0e6435896cd0df6561bebf10e5cb,4,15,0.060483870967741937,1397048147,1000,200000,12089,1000,0,1000,0,0,0,1000,1,1,15,15,625800,696200,20021000,625,696,20021,18100,27300,36800,42500,248,31,248,0.060444999999999999,1,1,0,0,0,TARGET_FRAME_ERRORS_REACHED,results/checkpoints/stage15_interleaving_formal_K200_M255K207_ROW_COLUMN_D16_L15.json,
stage15_interleaving_formal,stage15_formal_v1,c56ea139a842ce7156261a02174dba399024849b,K200_M511K421,421整块200,200,290,0.68965517241379315,511,421,10,1,ROW_COLUMN,4,4,73,1,1140071481932319848,../stage13_burst_interleaving_validation/results/stage13_burst_interleaving_validation_permutations.csv,f497c93d8a6fa61a97d607a9de76ee7295982cb6ef1b6bc2e27c04bb726a491e,1,5,0.017241379310344827,1397048147,50000,10000000,0,0,50000,0,50000,0,0,50000,1,1,5,5,63065700,63281500,3080394100,1261,1265,61607,41000,105900,384400,23716600,290,37,290,0,0,0,0,0,1,MAX_FRAMES_REACHED,results/checkpoints/stage15_interleaving_formal_K200_M511K421_ROW_COLUMN_D4_L5.json,
stage15_interleaving_formal,stage15_formal_v1,c56ea139a842ce7156261a02174dba399024849b,K200_M511K421,421整块200,200,290,0.68965517241379315,511,421,10,1,ROW_COLUMN,4,4,73,1,1140071481932319848,../stage13_burst_interleaving_validation/results/stage13_burst_interleaving_validation_permutations.csv,f497c93d8a6fa61a97d607a9de76ee7295982cb6ef1b6bc2e27c04bb726a491e,5,20,0.068965517241379309,1397048147,1000,200000,13860,1000,0,1000,0,0,0,1000,1,1,20,20,710000,751900,53824900,710,751,53824,53000,71700,96300,205400,290,37,290,0.0693,1,1,0,0,0,TARGET_FRAME_ERRORS_REACHED,results/checkpoints/stage15_interleaving_formal_K200_M511K421_ROW_COLUMN_D4_L20.json,
stage15_interleaving_formal,stage15_formal_v1,c56ea139a842ce7156261a02174dba399024849b,K200_M511K421,421整块200,200,290,0.68965517241379315,511,421,10,1,ROW_COLUMN,16,16,19,1,1140071481932319848,../stage13_burst_interleaving_validation/results/stage13_burst_interleaving_validation_permutations.csv,c33073850114663953bea2006362af5880a573405030b6ce08723895b15e287a,2,8,0.027586206896551724,1397048147,50000,10000000,0,0,50000,0,50000,0,0,50000,1,1,8,8,59763700,55887600,3327201000,1195,1117,66544,50100,91600,325200,22719900,290,37,290,0,0,0,0,0,1,MAX_FRAMES_REACHED,results/checkpoints/stage15_interleaving_formal_K200_M511K421_ROW_COLUMN_D16_L8.json,
stage15_interleaving_formal,stage15_formal_v1,c56ea139a842ce7156261a02174dba399024849b,K200_M511K421,421整块200,200,290,0.68965517241379315,511,421,10,1,ROW_COLUMN,16,16,19,1,1140071481932319848,../stage13_burst_interleaving_validation/results/stage13_burst_interleaving_validation_permutations.csv,c33073850114663953bea2006362af5880a573405030b6ce08723895b15e287a,6,30,0.10344827586206896,1397048147,1000,200000,20709,1000,0,1000,0,0,0,1000,1,1,30,30,872600,855600,56790600,872,855,56790,54500,73600,104100,251400,290,37,290,0.103545,1,1,0,0,0,TARGET_FRAME_ERRORS_REACHED,results/checkpoints/stage15_interleaving_formal_K200_M511K421_ROW_COLUMN_D16_L30.json,
stage15_interleaving_formal,stage15_formal_v1,c56ea139a842ce7156261a02174dba399024849b,K200_M511K385,385整块200,200,326,0.61349693251533743,511,385,14,1,ROW_COLUMN,4,4,82,1,1140071481932319848,../stage13_burst_interleaving_validation/results/stage13_burst_interleaving_validation_permutations.csv,97d8a347fe25f9e8c37ff8c576a791967b5350e2fc733c1aec5a7ac740bd2106,3,10,0.030674846625766871,1397048147,50000,10000000,0,0,50000,0,50000,0,0,50000,1,1,10,10,58740100,66767800,4526222400,1174,1335,90524,69000,130400,470200,26284900,326,41,326,0,0,0,0,0,1,MAX_FRAMES_REACHED,results/checkpoints/stage15_interleaving_formal_K200_M511K385_ROW_COLUMN_D4_L10.json,
stage15_interleaving_formal,stage15_formal_v1,c56ea139a842ce7156261a02174dba399024849b,K200_M511K385,385整块200,200,326,0.61349693251533743,511,385,14,1,ROW_COLUMN,16,16,21,1,1140071481932319848,../stage13_burst_interleaving_validation/results/stage13_burst_interleaving_validation_permutations.csv,97606b25e01ee48903d8bbd38dde9e2efcea34c173c6fcb275d560500fab916f,0,3,0.009202453987730062,1397048147,50000,10000000,0,0,50000,0,50000,0,0,50000,1,1,3,3,66654800,51190000,2715494400,1333,1023,54309,44700,68300,189300,13775800,326,41,326,0,0,0,0,0,1,MAX_FRAMES_REACHED,results/checkpoints/stage15_interleaving_formal_K200_M511K385_ROW_COLUMN_D16_L3.json,
stage15_interleaving_formal,stage15_formal_v1,c56ea139a842ce7156261a02174dba399024849b,K200_M511K385,385整块200,200,326,0.61349693251533743,511,385,14,1,ROW_COLUMN,16,16,21,1,1140071481932319848,../stage13_burst_interleaving_validation/results/stage13_burst_interleaving_validation_permutations.csv,97606b25e01ee48903d8bbd38dde9e2efcea34c173c6fcb275d560500fab916f,4,15,0.046012269938650305,1397048147,1000,200000,9186,1000,0,1000,0,0,0,1000,1,1,15,15,885500,937600,80918700,885,937,80918,79700,97400,131100,272200,326,41,326,0.045929999999999999,1,1,0,0,0,TARGET_FRAME_ERRORS_REACHED,results/checkpoints/stage15_interleaving_formal_K200_M511K385_ROW_COLUMN_D16_L15.json,
stage15_interleaving_formal,stage15_formal_v1,c56ea139a842ce7156261a02174dba399024849b,K300_S15,分块300,300,420,0.7142857142857143,15,11,1,28,ROW_COLUMN,4,4,105,1,1140071481932319848,../stage13_burst_interleaving_validation/results/stage13_burst_interleaving_validation_permutations.csv,381400a871d12948ed338cb5ec4d475273a0e1873e24de75d0dd47fd2a14e172,1,5,0.011904761904761904,1397048147,1000,300000,2068,930,1000,0,70,930,0,4054,4.0540000000000003,5,2,1.946,1009400,1035300,13209900,1009,1035,13209,13400,15400,25000,92300,420,53,420,0.0068933333333333329,0.93000000000000005,0,0.93000000000000005,0,0.070000000000000007,TARGET_FRAME_ERRORS_REACHED,results/checkpoints/stage15_interleaving_formal_K300_S15_ROW_COLUMN_D4_L5.json,
stage15_interleaving_formal,stage15_formal_v1,c56ea139a842ce7156261a02174dba399024849b,K300_S15,分块300,300,420,0.7142857142857143,15,11,1,28,ROW_COLUMN,4,4,105,1,1140071481932319848,../stage13_burst_interleaving_validation/results/stage13_burst_interleaving_validation_permutations.csv,381400a871d12948ed338cb5ec4d475273a0e1873e24de75d0dd47fd2a14e172,5,20,0.047619047619047616,1397048147,1000,300000,17667,1000,1000,0,0,1000,0,4981,4.9809999999999999,8,5,4.726,1203400,1262200,14578700,1203,1262,14578,14400,17300,30900,145600,420,53,420,0.058889999999999998,1,0,1,0,0,TARGET_FRAME_ERRORS_REACHED,results/checkpoints/stage15_interleaving_formal_K300_S15_ROW_COLUMN_D4_L20.json,
stage15_interleaving_formal,stage15_formal_v1,c56ea139a842ce7156261a02174dba399024849b,K300_S15,分块300,300,420,0.7142857142857143,15,11,1,28,ROW_COLUMN,16,16,27,1,1140071481932319848,../stage13_burst_interleaving_validation/results/stage13_burst_interleaving_validation_permutations.csv,2573f1519c22bb11e393cc09c4a1c0e3c27746bb99ce8b512a4823ecd6c58f7c,2,8,0.019047619047619049,1397048147,50000,15000000,0,0,50000,0,50000,0,0,400000,8,8,1,1,59467200,61068400,783448200,1189,1221,15668,14100,18600,52600,11424400,420,53,420,0,0,0,0,0,1,MAX_FRAMES_REACHED,results/checkpoints/stage15_interleaving_formal_K300_S15_ROW_COLUMN_D16_L8.json,
stage15_interleaving_formal,stage15_formal_v1,c56ea139a842ce7156261a02174dba399024849b,K300_S15,分块300,300,420,0.7142857142857143,15,11,1,28,ROW_COLUMN,16,16,27,1,1140071481932319848,../stage13_burst_interleaving_validation/results/stage13_burst_interleaving_validation_permutations.csv,2573f1519c22bb11e393cc09c4a1c0e3c27746bb99ce8b512a4823ecd6c58f7c,6,30,0.071428571428571425,1397048147,1000,300000,29983,1000,1000,0,0,1000,0,16508,16.507999999999999,19,2,2,6611900,2231500,46123900,6611,2231,46123,18000,72600,469400,12057300,420,53,420,0.099943333333333328,1,0,1,0,0,TARGET_FRAME_ERRORS_REACHED,results/checkpoints/stage15_interleaving_formal_K300_S15_ROW_COLUMN_D16_L30.json,
stage15_interleaving_formal,stage15_formal_v1,c56ea139a842ce7156261a02174dba399024849b,K300_M255K207,255双块300,300,396,0.75757575757575757,255,207,6,2,ROW_COLUMN,4,4,99,1,1140071481932319848,../stage13_burst_interleaving_validation/results/stage13_burst_interleaving_validation_permutations.csv,55133fddbaae10a7021f5a1cb1503e6243b0a961df29e56c83719e139ff81dff,3,10,0.025252525252525252,1397048147,50000,15000000,0,0,50000,0,50000,0,0,100000,2,2,6,5.4982600000000001,57528200,56548100,2250742000,1150,1130,45014,40200,52600,131600,27798300,396,50,396,0,0,0,0,0,1,MAX_FRAMES_REACHED,results/checkpoints/stage15_interleaving_formal_K300_M255K207_ROW_COLUMN_D4_L10.json,
stage15_interleaving_formal,stage15_formal_v1,c56ea139a842ce7156261a02174dba399024849b,K300_M255K207,255双块300,300,396,0.75757575757575757,255,207,6,2,ROW_COLUMN,16,16,25,1,1140071481932319848,../stage13_burst_interleaving_validation/results/stage13_burst_interleaving_validation_permutations.csv,e89349793d1c1d5674c148f366b4d56600b5dce9c805e9744af0131e3f915eaf,0,3,0.007575757575757576,1397048147,50000,15000000,0,0,50000,0,50000,0,0,62495,1.2499,2,3,2.7501000000000002,78108200,74675700,2234886500,1562,1493,44697,31300,68400,293100,15898700,396,50,396,0,0,0,0,0,1,MAX_FRAMES_REACHED,results/checkpoints/stage15_interleaving_formal_K300_M255K207_ROW_COLUMN_D16_L3.json,
stage15_interleaving_formal,stage15_formal_v1,c56ea139a842ce7156261a02174dba399024849b,K300_M255K207,255双块300,300,396,0.75757575757575757,255,207,6,2,ROW_COLUMN,16,16,25,1,1140071481932319848,../stage13_burst_interleaving_validation/results/stage13_burst_interleaving_validation_permutations.csv,e89349793d1c1d5674c148f366b4d56600b5dce9c805e9744af0131e3f915eaf,4,15,0.03787878787878788,1397048147,1000,300000,11342,1000,0,1000,0,0,0,2000,2,2,8,8,918500,982600,38184800,918,982,38184,38100,47700,60900,121900,396,50,396,0.037806666666666669,1,1,0,0,0,TARGET_FRAME_ERRORS_REACHED,results/checkpoints/stage15_interleaving_formal_K300_M255K207_ROW_COLUMN_D16_L15.json,
stage15_interleaving_formal,stage15_formal_v1,c56ea139a842ce7156261a02174dba399024849b,K300_M511K421,421整块300,300,390,0.76923076923076927,511,421,10,1,ROW_COLUMN,4,4,98,1,1140071481932319848,../stage13_burst_interleaving_validation/results/stage13_burst_interleaving_validation_permutations.csv,5b58830df3c8bf8205cec6e17971b5f1f489f6fafc58938e57d7f0dd8f531c0f,1,5,0.01282051282051282,1397048147,50000,15000000,0,0,50000,0,50000,0,0,50000,1,1,5,5,56275600,55990600,2577950500,1125,1119,51559,47000,64100,139000,4864700,390,49,390,0,0,0,0,0,1,MAX_FRAMES_REACHED,results/checkpoints/stage15_interleaving_formal_K300_M511K421_ROW_COLUMN_D4_L5.json,
stage15_interleaving_formal,stage15_formal_v1,c56ea139a842ce7156261a02174dba399024849b,K300_M511K421,421整块300,300,390,0.76923076923076927,511,421,10,1,ROW_COLUMN,4,4,98,1,1140071481932319848,../stage13_burst_interleaving_validation/results/stage13_burst_interleaving_validation_permutations.csv,5b58830df3c8bf8205cec6e17971b5f1f489f6fafc58938e57d7f0dd8f531c0f,5,20,0.05128205128205128,1397048147,1000,300000,15247,1000,0,1000,0,0,0,1000,1,1,20,20,2045100,2182000,176546900,2045,2182,176546,77100,433100,1727200,10109400,390,49,390,0.050823333333333331,1,1,0,0,0,TARGET_FRAME_ERRORS_REACHED,results/checkpoints/stage15_interleaving_formal_K300_M511K421_ROW_COLUMN_D4_L20.json,
stage15_interleaving_formal,stage15_formal_v1,c56ea139a842ce7156261a02174dba399024849b,K300_M511K421,421整块300,300,390,0.76923076923076927,511,421,10,1,ROW_COLUMN,16,16,25,1,1140071481932319848,../stage13_burst_interleaving_validation/results/stage13_burst_interleaving_validation_permutations.csv,26a4baccd626788f0406a98ed6382a11bd05b1fc7851414b34a2da34300f621f,2,8,0.020512820512820513,1397048147,50000,15000000,0,0,50000,0,50000,0,0,50000,1,1,8,8,66899200,64069400,3436866900,1337,1281,68737,61100,86900,250600,9094300,390,49,390,0,0,0,0,0,1,MAX_FRAMES_REACHED,results/checkpoints/stage15_interleaving_formal_K300_M511K421_ROW_COLUMN_D16_L8.json,
stage15_interleaving_formal,stage15_formal_v1,c56ea139a842ce7156261a02174dba399024849b,K300_M511K421,421整块300,300,390,0.76923076923076927,511,421,10,1,ROW_COLUMN,16,16,25,1,1140071481932319848,../stage13_burst_interleaving_validation/results/stage13_burst_interleaving_validation_permutations.csv,26a4baccd626788f0406a98ed6382a11bd05b1fc7851414b34a2da34300f621f,6,30,0.076923076923076927,1397048147,1000,300000,23041,1000,0,1000,0,0,0,1000,1,1,30,30,1066000,1185300,64834500,1066,1185,64834,67300,76200,88800,251400,390,49,390,0.076803333333333335,1,1,0,0,0,TARGET_FRAME_ERRORS_REACHED,results/checkpoints/stage15_interleaving_formal_K300_M511K421_ROW_COLUMN_D16_L30.json,
stage15_interleaving_formal,stage15_formal_v1,c56ea139a842ce7156261a02174dba399024849b,K300_M511K385,385整块300,300,426,0.70422535211267601,511,385,14,1,PSEUDORANDOM,4,0,107,1,1140071481932319848,../stage13_burst_interleaving_validation/results/stage13_burst_interleaving_validation_permutations.csv,aeed7ea699e9eafb91dfc0aa8b9942b42549176335333634a71cb389fc808195,3,10,0.023474178403755867,1397048147,50000,15000000,0,0,50000,0,50000,0,0,50000,1,1,10,10,74933600,74454800,5333884400,1498,1489,106677,84700,164200,549700,41275100,426,54,426,0,0,0,0,0,1,MAX_FRAMES_REACHED,results/checkpoints/stage15_interleaving_formal_K300_M511K385_PSEUDORANDOM_D4_L10.json,
stage15_interleaving_formal,stage15_formal_v1,c56ea139a842ce7156261a02174dba399024849b,K300_M511K385,385整块300,300,426,0.70422535211267601,511,385,14,1,PSEUDORANDOM,16,0,27,1,1140071481932319848,../stage13_burst_interleaving_validation/results/stage13_burst_interleaving_validation_permutations.csv,c52b070ba98e2c5b9d7bab8bc6a5c8f7054070b479fbe1fe427222459679a609,0,3,0.0070422535211267607,1397048147,50000,15000000,0,0,50000,0,50000,0,0,50000,1,1,3,3,66436000,62868400,3287256600,1328,1257,65745,52600,83700,215000,28522400,426,54,426,0,0,0,0,0,1,MAX_FRAMES_REACHED,results/checkpoints/stage15_interleaving_formal_K300_M511K385_PSEUDORANDOM_D16_L3.json,
stage15_interleaving_formal,stage15_formal_v1,c56ea139a842ce7156261a02174dba399024849b,K300_M511K385,385整块300,300,426,0.70422535211267601,511,385,14,1,PSEUDORANDOM,16,0,27,1,1140071481932319848,../stage13_burst_interleaving_validation/results/stage13_burst_interleaving_validation_permutations.csv,c52b070ba98e2c5b9d7bab8bc6a5c8f7054070b479fbe1fe427222459679a609,4,15,0.035211267605633804,1397048147,1000,300000,10617,1000,0,1000,0,0,0,1000,1,1,15,15,1134100,1159300,87436200,1134,1159,87436,83900,107000,120700,174100,426,54,426,0.035389999999999998,1,1,0,0,0,TARGET_FRAME_ERRORS_REACHED,results/checkpoints/stage15_interleaving_formal_K300_M511K385_PSEUDORANDOM_D16_L15.json,
