plotId,caseId,configurationId,legendLabel,xRaw,xDisplay,derivedEbN0Db,actualRate,yRaw,yPlot,yIsZero,framesProcessed,payloadBitsProcessed,plotSurrogateUsed
stage16_burst_interleaving_comparison_k200_ber_vs_snr,K200_S15,NONE_L0,分块-无突发,0,0,1.5381486434452905,0.70175438596491224,0.074245000000000005,0.074245000000000005,false,1000,200000,false
stage16_burst_interleaving_comparison_k200_ber_vs_snr,K200_S15,NONE_L0,分块-无突发,0.5,0.5,2.0381486434452905,0.70175438596491224,0.057685,0.057685,false,1000,200000,false
stage16_burst_interleaving_comparison_k200_ber_vs_snr,K200_S15,NONE_L0,分块-无突发,1,1,2.5381486434452905,0.70175438596491224,0.043674999999999999,0.043674999999999999,false,1000,200000,false
stage16_burst_interleaving_comparison_k200_ber_vs_snr,K200_S15,NONE_L0,分块-无突发,1.5,1.5,3.0381486434452905,0.70175438596491224,0.031995000000000003,0.031995000000000003,false,1000,200000,false
stage16_burst_interleaving_comparison_k200_ber_vs_snr,K200_S15,NONE_L0,分块-无突发,2,2,3.5381486434452905,0.70175438596491224,0.022210000000000001,0.022210000000000001,false,1000,200000,false
stage16_burst_interleaving_comparison_k200_ber_vs_snr,K200_S15,NONE_L0,分块-无突发,2.5,2.5,4.0381486434452905,0.70175438596491224,0.014515,0.014515,false,1000,200000,false
stage16_burst_interleaving_comparison_k200_ber_vs_snr,K200_S15,NONE_L0,分块-无突发,3,3,4.5381486434452905,0.70175438596491224,0.0093550000000000005,0.0093550000000000005,false,1000,200000,false
stage16_burst_interleaving_comparison_k200_ber_vs_snr,K200_S15,NONE_L0,分块-无突发,3.5,3.5,5.0381486434452905,0.70175438596491224,0.0053800000000000002,0.0053800000000000002,false,1000,200000,false
stage16_burst_interleaving_comparison_k200_ber_vs_snr,K200_S15,NONE_L0,分块-无突发,4,4,5.5381486434452905,0.70175438596491224,0.0029350000000000001,0.0029350000000000001,false,1000,200000,false
stage16_burst_interleaving_comparison_k200_ber_vs_snr,K200_S15,NONE_L0,分块-无突发,4.5,4.5,6.0381486434452905,0.70175438596491224,0.0013716814159292034,0.0013716814159292034,false,1695,339000,false
stage16_burst_interleaving_comparison_k200_ber_vs_snr,K200_S15,NONE_L0,分块-无突发,5,5,6.5381486434452905,0.70175438596491224,0.00073233959818535318,0.00073233959818535318,false,3086,617200,false
stage16_burst_interleaving_comparison_k200_ber_vs_snr,K200_S15,NONE_L0,分块-无突发,5.5,5.5,7.0381486434452905,0.70175438596491224,0.00032003973885892705,0.00032003973885892705,false,7046,1409200,false
stage16_burst_interleaving_comparison_k200_ber_vs_snr,K200_S15,NONE_L0,分块-无突发,6,6,7.5381486434452905,0.70175438596491224,0.00012661102594674388,0.00012661102594674388,false,17613,3522600,false
stage16_burst_interleaving_comparison_k200_ber_vs_snr,K200_S15,NONE_L0,分块-无突发,6.5,6.5,8.0381486434452896,0.70175438596491224,3.8600000000000003e-05,3.8600000000000003e-05,false,50000,10000000,false
stage16_burst_interleaving_comparison_k200_ber_vs_snr,K200_S15,NONE_L0,分块-无突发,7,7,8.5381486434452896,0.70175438596491224,1.5999999999999999e-05,1.5999999999999999e-05,false,50000,10000000,false
stage16_burst_interleaving_comparison_k200_ber_vs_snr,K200_S15,NONE_L0,分块-无突发,7.5,7.5,9.0381486434452896,0.70175438596491224,5.2000000000000002e-06,5.2000000000000002e-06,false,50000,10000000,false
stage16_burst_interleaving_comparison_k200_ber_vs_snr,K200_S15,NONE_L0,分块-无突发,8,8,9.5381486434452896,0.70175438596491224,9.9999999999999995e-08,9.9999999999999995e-08,false,50000,10000000,false
stage16_burst_interleaving_comparison_k200_ber_vs_snr,K200_S15,NONE_L0,分块-无突发,8.5,8.5,10.03814864344529,0.70175438596491224,1.9999999999999999e-07,1.9999999999999999e-07,false,50000,10000000,false
stage16_burst_interleaving_comparison_k200_ber_vs_snr,K200_S15,NONE_L0,分块-无突发,9,9,10.53814864344529,0.70175438596491224,0,4.9999999999999998e-08,true,50000,10000000,true
stage16_burst_interleaving_comparison_k200_ber_vs_snr,K200_S15,NONE_L0,分块-无突发,9.5,9.5,11.03814864344529,0.70175438596491224,0,4.9999999999999998e-08,true,50000,10000000,true
stage16_burst_interleaving_comparison_k200_ber_vs_snr,K200_S15,NONE_L0,分块-无突发,10,10,11.53814864344529,0.70175438596491224,0,4.9999999999999998e-08,true,50000,10000000,true
stage16_burst_interleaving_comparison_k200_ber_vs_snr,K200_S15,NONE_L0,分块-无突发,10.5,10.5,12.03814864344529,0.70175438596491224,0,4.9999999999999998e-08,true,50000,10000000,true
stage16_burst_interleaving_comparison_k200_ber_vs_snr,K200_S15,NONE_L0,分块-无突发,11,11,12.53814864344529,0.70175438596491224,0,4.9999999999999998e-08,true,50000,10000000,true
stage16_burst_interleaving_comparison_k200_ber_vs_snr,K200_S15,NONE_L0,分块-无突发,11.5,11.5,13.03814864344529,0.70175438596491224,0,4.9999999999999998e-08,true,50000,10000000,true
stage16_burst_interleaving_comparison_k200_ber_vs_snr,K200_S15,NONE_L0,分块-无突发,12,12,13.53814864344529,0.70175438596491224,0,4.9999999999999998e-08,true,50000,10000000,true
stage16_burst_interleaving_comparison_k200_ber_vs_snr,K200_S15,NONE_L0,分块-无突发,12.5,12.5,14.03814864344529,0.70175438596491224,0,4.9999999999999998e-08,true,50000,10000000,true
stage16_burst_interleaving_comparison_k200_ber_vs_snr,K200_S15,NONE_L0,分块-无突发,13,13,14.53814864344529,0.70175438596491224,0,4.9999999999999998e-08,true,50000,10000000,true
stage16_burst_interleaving_comparison_k200_ber_vs_snr,K200_S15,NONE_L0,分块-无突发,13.5,13.5,15.03814864344529,0.70175438596491224,0,4.9999999999999998e-08,true,50000,10000000,true
stage16_burst_interleaving_comparison_k200_ber_vs_snr,K200_S15,NONE_L0,分块-无突发,14,14,15.53814864344529,0.70175438596491224,0,4.9999999999999998e-08,true,50000,10000000,true
stage16_burst_interleaving_comparison_k200_ber_vs_snr,K200_S15,NONE_L0,分块-无突发,14.5,14.5,16.03814864344529,0.70175438596491224,0,4.9999999999999998e-08,true,50000,10000000,true
stage16_burst_interleaving_comparison_k200_ber_vs_snr,K200_S15,NONE_L0,分块-无突发,15,15,16.53814864344529,0.70175438596491224,0,4.9999999999999998e-08,true,50000,10000000,true
stage16_burst_interleaving_comparison_k200_ber_vs_snr,K200_S15,NONE_L0,分块-无突发,15.5,15.5,17.03814864344529,0.70175438596491224,0,4.9999999999999998e-08,true,50000,10000000,true
stage16_burst_interleaving_comparison_k200_ber_vs_snr,K200_S15,NONE_L0,分块-无突发,16,16,17.53814864344529,0.70175438596491224,0,4.9999999999999998e-08,true,50000,10000000,true
stage16_burst_interleaving_comparison_k200_ber_vs_snr,K200_S15,NONE_L0,分块-无突发,16.5,16.5,18.03814864344529,0.70175438596491224,0,4.9999999999999998e-08,true,50000,10000000,true
stage16_burst_interleaving_comparison_k200_ber_vs_snr,K200_S15,NONE_L0,分块-无突发,17,17,18.53814864344529,0.70175438596491224,0,4.9999999999999998e-08,true,50000,10000000,true
stage16_burst_interleaving_comparison_k200_ber_vs_snr,K200_S15,NONE_L0,分块-无突发,17.5,17.5,19.03814864344529,0.70175438596491224,0,4.9999999999999998e-08,true,50000,10000000,true
stage16_burst_interleaving_comparison_k200_ber_vs_snr,K200_S15,NONE_L0,分块-无突发,18,18,19.53814864344529,0.70175438596491224,0,4.9999999999999998e-08,true,50000,10000000,true
stage16_burst_interleaving_comparison_k200_ber_vs_snr,K200_S15,NONE_LREP,分块-无交织突发,0,0,1.5381486434452905,0.70175438596491224,0.110995,0.110995,false,1000,200000,false
stage16_burst_interleaving_comparison_k200_ber_vs_snr,K200_S15,NONE_LREP,分块-无交织突发,0.5,0.5,2.0381486434452905,0.70175438596491224,0.095835000000000004,0.095835000000000004,false,1000,200000,false
stage16_burst_interleaving_comparison_k200_ber_vs_snr,K200_S15,NONE_LREP,分块-无交织突发,1,1,2.5381486434452905,0.70175438596491224,0.082475000000000007,0.082475000000000007,false,1000,200000,false
stage16_burst_interleaving_comparison_k200_ber_vs_snr,K200_S15,NONE_LREP,分块-无交织突发,1.5,1.5,3.0381486434452905,0.70175438596491224,0.072535000000000002,0.072535000000000002,false,1000,200000,false
stage16_burst_interleaving_comparison_k200_ber_vs_snr,K200_S15,NONE_LREP,分块-无交织突发,2,2,3.5381486434452905,0.70175438596491224,0.062869999999999995,0.062869999999999995,false,1000,200000,false
stage16_burst_interleaving_comparison_k200_ber_vs_snr,K200_S15,NONE_LREP,分块-无交织突发,2.5,2.5,4.0381486434452905,0.70175438596491224,0.055219999999999998,0.055219999999999998,false,1000,200000,false
stage16_burst_interleaving_comparison_k200_ber_vs_snr,K200_S15,NONE_LREP,分块-无交织突发,3,3,4.5381486434452905,0.70175438596491224,0.050955,0.050955,false,1000,200000,false
stage16_burst_interleaving_comparison_k200_ber_vs_snr,K200_S15,NONE_LREP,分块-无交织突发,3.5,3.5,5.0381486434452905,0.70175438596491224,0.04727,0.04727,false,1000,200000,false
stage16_burst_interleaving_comparison_k200_ber_vs_snr,K200_S15,NONE_LREP,分块-无交织突发,4,4,5.5381486434452905,0.70175438596491224,0.044760000000000001,0.044760000000000001,false,1000,200000,false
stage16_burst_interleaving_comparison_k200_ber_vs_snr,K200_S15,NONE_LREP,分块-无交织突发,4.5,4.5,6.0381486434452905,0.70175438596491224,0.043139999999999998,0.043139999999999998,false,1000,200000,false
stage16_burst_interleaving_comparison_k200_ber_vs_snr,K200_S15,NONE_LREP,分块-无交织突发,5,5,6.5381486434452905,0.70175438596491224,0.043104999999999997,0.043104999999999997,false,1000,200000,false
stage16_burst_interleaving_comparison_k200_ber_vs_snr,K200_S15,NONE_LREP,分块-无交织突发,5.5,5.5,7.0381486434452905,0.70175438596491224,0.04231,0.04231,false,1000,200000,false
stage16_burst_interleaving_comparison_k200_ber_vs_snr,K200_S15,NONE_LREP,分块-无交织突发,6,6,7.5381486434452905,0.70175438596491224,0.042325000000000002,0.042325000000000002,false,1000,200000,false
stage16_burst_interleaving_comparison_k200_ber_vs_snr,K200_S15,NONE_LREP,分块-无交织突发,6.5,6.5,8.0381486434452896,0.70175438596491224,0.04197,0.04197,false,1000,200000,false
stage16_burst_interleaving_comparison_k200_ber_vs_snr,K200_S15,NONE_LREP,分块-无交织突发,7,7,8.5381486434452896,0.70175438596491224,0.041564999999999998,0.041564999999999998,false,1000,200000,false
stage16_burst_interleaving_comparison_k200_ber_vs_snr,K200_S15,NONE_LREP,分块-无交织突发,7.5,7.5,9.0381486434452896,0.70175438596491224,0.041739999999999999,0.041739999999999999,false,1000,200000,false
stage16_burst_interleaving_comparison_k200_ber_vs_snr,K200_S15,NONE_LREP,分块-无交织突发,8,8,9.5381486434452896,0.70175438596491224,0.042235000000000002,0.042235000000000002,false,1000,200000,false
stage16_burst_interleaving_comparison_k200_ber_vs_snr,K200_S15,NONE_LREP,分块-无交织突发,8.5,8.5,10.03814864344529,0.70175438596491224,0.041775,0.041775,false,1000,200000,false
stage16_burst_interleaving_comparison_k200_ber_vs_snr,K200_S15,NONE_LREP,分块-无交织突发,9,9,10.53814864344529,0.70175438596491224,0.041954999999999999,0.041954999999999999,false,1000,200000,false
stage16_burst_interleaving_comparison_k200_ber_vs_snr,K200_S15,NONE_LREP,分块-无交织突发,9.5,9.5,11.03814864344529,0.70175438596491224,0.042195000000000003,0.042195000000000003,false,1000,200000,false
stage16_burst_interleaving_comparison_k200_ber_vs_snr,K200_S15,NONE_LREP,分块-无交织突发,10,10,11.53814864344529,0.70175438596491224,0.042095,0.042095,false,1000,200000,false
stage16_burst_interleaving_comparison_k200_ber_vs_snr,K200_S15,NONE_LREP,分块-无交织突发,10.5,10.5,12.03814864344529,0.70175438596491224,0.042215000000000003,0.042215000000000003,false,1000,200000,false
stage16_burst_interleaving_comparison_k200_ber_vs_snr,K200_S15,NONE_LREP,分块-无交织突发,11,11,12.53814864344529,0.70175438596491224,0.041895000000000002,0.041895000000000002,false,1000,200000,false
stage16_burst_interleaving_comparison_k200_ber_vs_snr,K200_S15,NONE_LREP,分块-无交织突发,11.5,11.5,13.03814864344529,0.70175438596491224,0.042634999999999999,0.042634999999999999,false,1000,200000,false
stage16_burst_interleaving_comparison_k200_ber_vs_snr,K200_S15,NONE_LREP,分块-无交织突发,12,12,13.53814864344529,0.70175438596491224,0.042174999999999997,0.042174999999999997,false,1000,200000,false
stage16_burst_interleaving_comparison_k200_ber_vs_snr,K200_S15,NONE_LREP,分块-无交织突发,12.5,12.5,14.03814864344529,0.70175438596491224,0.041869999999999997,0.041869999999999997,false,1000,200000,false
stage16_burst_interleaving_comparison_k200_ber_vs_snr,K200_S15,NONE_LREP,分块-无交织突发,13,13,14.53814864344529,0.70175438596491224,0.042009999999999999,0.042009999999999999,false,1000,200000,false
stage16_burst_interleaving_comparison_k200_ber_vs_snr,K200_S15,NONE_LREP,分块-无交织突发,13.5,13.5,15.03814864344529,0.70175438596491224,0.04172,0.04172,false,1000,200000,false
stage16_burst_interleaving_comparison_k200_ber_vs_snr,K200_S15,NONE_LREP,分块-无交织突发,14,14,15.53814864344529,0.70175438596491224,0.041614999999999999,0.041614999999999999,false,1000,200000,false
stage16_burst_interleaving_comparison_k200_ber_vs_snr,K200_S15,NONE_LREP,分块-无交织突发,14.5,14.5,16.03814864344529,0.70175438596491224,0.041880000000000001,0.041880000000000001,false,1000,200000,false
stage16_burst_interleaving_comparison_k200_ber_vs_snr,K200_S15,NONE_LREP,分块-无交织突发,15,15,16.53814864344529,0.70175438596491224,0.041669999999999999,0.041669999999999999,false,1000,200000,false
stage16_burst_interleaving_comparison_k200_ber_vs_snr,K200_S15,NONE_LREP,分块-无交织突发,15.5,15.5,17.03814864344529,0.70175438596491224,0.041880000000000001,0.041880000000000001,false,1000,200000,false
stage16_burst_interleaving_comparison_k200_ber_vs_snr,K200_S15,NONE_LREP,分块-无交织突发,16,16,17.53814864344529,0.70175438596491224,0.042235000000000002,0.042235000000000002,false,1000,200000,false
stage16_burst_interleaving_comparison_k200_ber_vs_snr,K200_S15,NONE_LREP,分块-无交织突发,16.5,16.5,18.03814864344529,0.70175438596491224,0.042099999999999999,0.042099999999999999,false,1000,200000,false
stage16_burst_interleaving_comparison_k200_ber_vs_snr,K200_S15,NONE_LREP,分块-无交织突发,17,17,18.53814864344529,0.70175438596491224,0.041794999999999999,0.041794999999999999,false,1000,200000,false
stage16_burst_interleaving_comparison_k200_ber_vs_snr,K200_S15,NONE_LREP,分块-无交织突发,17.5,17.5,19.03814864344529,0.70175438596491224,0.041704999999999999,0.041704999999999999,false,1000,200000,false
stage16_burst_interleaving_comparison_k200_ber_vs_snr,K200_S15,NONE_LREP,分块-无交织突发,18,18,19.53814864344529,0.70175438596491224,0.042134999999999999,0.042134999999999999,false,1000,200000,false
stage16_burst_interleaving_comparison_k200_ber_vs_snr,K200_S15,BEST_LREP,分块-最佳交织突发,0,0,1.5381486434452905,0.70175438596491224,0.12398000000000001,0.12398000000000001,false,1000,200000,false
stage16_burst_interleaving_comparison_k200_ber_vs_snr,K200_S15,BEST_LREP,分块-最佳交织突发,0.5,0.5,2.0381486434452905,0.70175438596491224,0.10715,0.10715,false,1000,200000,false
stage16_burst_interleaving_comparison_k200_ber_vs_snr,K200_S15,BEST_LREP,分块-最佳交织突发,1,1,2.5381486434452905,0.70175438596491224,0.091884999999999994,0.091884999999999994,false,1000,200000,false
stage16_burst_interleaving_comparison_k200_ber_vs_snr,K200_S15,BEST_LREP,分块-最佳交织突发,1.5,1.5,3.0381486434452905,0.70175438596491224,0.076134999999999994,0.076134999999999994,false,1000,200000,false
stage16_burst_interleaving_comparison_k200_ber_vs_snr,K200_S15,BEST_LREP,分块-最佳交织突发,2,2,3.5381486434452905,0.70175438596491224,0.062089999999999999,0.062089999999999999,false,1000,200000,false
stage16_burst_interleaving_comparison_k200_ber_vs_snr,K200_S15,BEST_LREP,分块-最佳交织突发,2.5,2.5,4.0381486434452905,0.70175438596491224,0.049149999999999999,0.049149999999999999,false,1000,200000,false
stage16_burst_interleaving_comparison_k200_ber_vs_snr,K200_S15,BEST_LREP,分块-最佳交织突发,3,3,4.5381486434452905,0.70175438596491224,0.039024999999999997,0.039024999999999997,false,1000,200000,false
stage16_burst_interleaving_comparison_k200_ber_vs_snr,K200_S15,BEST_LREP,分块-最佳交织突发,3.5,3.5,5.0381486434452905,0.70175438596491224,0.02945,0.02945,false,1000,200000,false
stage16_burst_interleaving_comparison_k200_ber_vs_snr,K200_S15,BEST_LREP,分块-最佳交织突发,4,4,5.5381486434452905,0.70175438596491224,0.021715000000000002,0.021715000000000002,false,1000,200000,false
stage16_burst_interleaving_comparison_k200_ber_vs_snr,K200_S15,BEST_LREP,分块-最佳交织突发,4.5,4.5,6.0381486434452905,0.70175438596491224,0.015365,0.015365,false,1000,200000,false
stage16_burst_interleaving_comparison_k200_ber_vs_snr,K200_S15,BEST_LREP,分块-最佳交织突发,5,5,6.5381486434452905,0.70175438596491224,0.010545000000000001,0.010545000000000001,false,1000,200000,false
stage16_burst_interleaving_comparison_k200_ber_vs_snr,K200_S15,BEST_LREP,分块-最佳交织突发,5.5,5.5,7.0381486434452905,0.70175438596491224,0.0061749999999999999,0.0061749999999999999,false,1000,200000,false
stage16_burst_interleaving_comparison_k200_ber_vs_snr,K200_S15,BEST_LREP,分块-最佳交织突发,6,6,7.5381486434452905,0.70175438596491224,0.0039699999999999996,0.0039699999999999996,false,1000,200000,false
stage16_burst_interleaving_comparison_k200_ber_vs_snr,K200_S15,BEST_LREP,分块-最佳交织突发,6.5,6.5,8.0381486434452896,0.70175438596491224,0.0024599999999999999,0.0024599999999999999,false,1000,200000,false
stage16_burst_interleaving_comparison_k200_ber_vs_snr,K200_S15,BEST_LREP,分块-最佳交织突发,7,7,8.5381486434452896,0.70175438596491224,0.0013981319322825452,0.0013981319322825452,false,1713,342600,false
stage16_burst_interleaving_comparison_k200_ber_vs_snr,K200_S15,BEST_LREP,分块-最佳交织突发,7.5,7.5,9.0381486434452896,0.70175438596491224,0.00078561917443408793,0.00078561917443408793,false,3004,600800,false
stage16_burst_interleaving_comparison_k200_ber_vs_snr,K200_S15,BEST_LREP,分块-最佳交织突发,8,8,9.5381486434452896,0.70175438596491224,0.0003610397946084724,0.0003610397946084724,false,6232,1246400,false
stage16_burst_interleaving_comparison_k200_ber_vs_snr,K200_S15,BEST_LREP,分块-最佳交织突发,8.5,8.5,10.03814864344529,0.70175438596491224,0.00015727484307779109,0.00015727484307779109,false,14179,2835800,false
stage16_burst_interleaving_comparison_k200_ber_vs_snr,K200_S15,BEST_LREP,分块-最佳交织突发,9,9,10.53814864344529,0.70175438596491224,6.042550799584048e-05,6.042550799584048e-05,false,35581,7116200,false
stage16_burst_interleaving_comparison_k200_ber_vs_snr,K200_S15,BEST_LREP,分块-最佳交织突发,9.5,9.5,11.03814864344529,0.70175438596491224,2.0000000000000002e-05,2.0000000000000002e-05,false,50000,10000000,false
stage16_burst_interleaving_comparison_k200_ber_vs_snr,K200_S15,BEST_LREP,分块-最佳交织突发,10,10,11.53814864344529,0.70175438596491224,5.4999999999999999e-06,5.4999999999999999e-06,false,50000,10000000,false
stage16_burst_interleaving_comparison_k200_ber_vs_snr,K200_S15,BEST_LREP,分块-最佳交织突发,10.5,10.5,12.03814864344529,0.70175438596491224,1.9e-06,1.9e-06,false,50000,10000000,false
stage16_burst_interleaving_comparison_k200_ber_vs_snr,K200_S15,BEST_LREP,分块-最佳交织突发,11,11,12.53814864344529,0.70175438596491224,1.9999999999999999e-07,1.9999999999999999e-07,false,50000,10000000,false
stage16_burst_interleaving_comparison_k200_ber_vs_snr,K200_S15,BEST_LREP,分块-最佳交织突发,11.5,11.5,13.03814864344529,0.70175438596491224,0,4.9999999999999998e-08,true,50000,10000000,true
stage16_burst_interleaving_comparison_k200_ber_vs_snr,K200_S15,BEST_LREP,分块-最佳交织突发,12,12,13.53814864344529,0.70175438596491224,0,4.9999999999999998e-08,true,50000,10000000,true
stage16_burst_interleaving_comparison_k200_ber_vs_snr,K200_S15,BEST_LREP,分块-最佳交织突发,12.5,12.5,14.03814864344529,0.70175438596491224,0,4.9999999999999998e-08,true,50000,10000000,true
stage16_burst_interleaving_comparison_k200_ber_vs_snr,K200_S15,BEST_LREP,分块-最佳交织突发,13,13,14.53814864344529,0.70175438596491224,0,4.9999999999999998e-08,true,50000,10000000,true
stage16_burst_interleaving_comparison_k200_ber_vs_snr,K200_S15,BEST_LREP,分块-最佳交织突发,13.5,13.5,15.03814864344529,0.70175438596491224,0,4.9999999999999998e-08,true,50000,10000000,true
stage16_burst_interleaving_comparison_k200_ber_vs_snr,K200_S15,BEST_LREP,分块-最佳交织突发,14,14,15.53814864344529,0.70175438596491224,0,4.9999999999999998e-08,true,50000,10000000,true
stage16_burst_interleaving_comparison_k200_ber_vs_snr,K200_S15,BEST_LREP,分块-最佳交织突发,14.5,14.5,16.03814864344529,0.70175438596491224,0,4.9999999999999998e-08,true,50000,10000000,true
stage16_burst_interleaving_comparison_k200_ber_vs_snr,K200_S15,BEST_LREP,分块-最佳交织突发,15,15,16.53814864344529,0.70175438596491224,0,4.9999999999999998e-08,true,50000,10000000,true
stage16_burst_interleaving_comparison_k200_ber_vs_snr,K200_S15,BEST_LREP,分块-最佳交织突发,15.5,15.5,17.03814864344529,0.70175438596491224,0,4.9999999999999998e-08,true,50000,10000000,true
stage16_burst_interleaving_comparison_k200_ber_vs_snr,K200_S15,BEST_LREP,分块-最佳交织突发,16,16,17.53814864344529,0.70175438596491224,0,4.9999999999999998e-08,true,50000,10000000,true
stage16_burst_interleaving_comparison_k200_ber_vs_snr,K200_S15,BEST_LREP,分块-最佳交织突发,16.5,16.5,18.03814864344529,0.70175438596491224,0,4.9999999999999998e-08,true,50000,10000000,true
stage16_burst_interleaving_comparison_k200_ber_vs_snr,K200_S15,BEST_LREP,分块-最佳交织突发,17,17,18.53814864344529,0.70175438596491224,0,4.9999999999999998e-08,true,50000,10000000,true
stage16_burst_interleaving_comparison_k200_ber_vs_snr,K200_S15,BEST_LREP,分块-最佳交织突发,17.5,17.5,19.03814864344529,0.70175438596491224,0,4.9999999999999998e-08,true,50000,10000000,true
stage16_burst_interleaving_comparison_k200_ber_vs_snr,K200_S15,BEST_LREP,分块-最佳交织突发,18,18,19.53814864344529,0.70175438596491224,0,4.9999999999999998e-08,true,50000,10000000,true
stage16_burst_interleaving_comparison_k200_ber_vs_snr,K200_M255K207,NONE_L0,255整块-无突发,0,0,0.93421685162235091,0.80645161290322576,0.078475000000000003,0.078475000000000003,false,1000,200000,false
stage16_burst_interleaving_comparison_k200_ber_vs_snr,K200_M255K207,NONE_L0,255整块-无突发,0.5,0.5,1.434216851622351,0.80645161290322576,0.067589999999999997,0.067589999999999997,false,1000,200000,false
stage16_burst_interleaving_comparison_k200_ber_vs_snr,K200_M255K207,NONE_L0,255整块-无突发,1,1,1.934216851622351,0.80645161290322576,0.055504999999999999,0.055504999999999999,false,1000,200000,false
stage16_burst_interleaving_comparison_k200_ber_vs_snr,K200_M255K207,NONE_L0,255整块-无突发,1.5,1.5,2.434216851622351,0.80645161290322576,0.04546,0.04546,false,1000,200000,false
stage16_burst_interleaving_comparison_k200_ber_vs_snr,K200_M255K207,NONE_L0,255整块-无突发,2,2,2.934216851622351,0.80645161290322576,0.032870000000000003,0.032870000000000003,false,1000,200000,false
stage16_burst_interleaving_comparison_k200_ber_vs_snr,K200_M255K207,NONE_L0,255整块-无突发,2.5,2.5,3.434216851622351,0.80645161290322576,0.022370000000000001,0.022370000000000001,false,1000,200000,false
stage16_burst_interleaving_comparison_k200_ber_vs_snr,K200_M255K207,NONE_L0,255整块-无突发,3,3,3.934216851622351,0.80645161290322576,0.011135000000000001,0.011135000000000001,false,1000,200000,false
stage16_burst_interleaving_comparison_k200_ber_vs_snr,K200_M255K207,NONE_L0,255整块-无突发,3.5,3.5,4.4342168516223506,0.80645161290322576,0.0043267259056732742,0.0043267259056732742,false,1463,292600,false
stage16_burst_interleaving_comparison_k200_ber_vs_snr,K200_M255K207,NONE_L0,255整块-无突发,4,4,4.9342168516223506,0.80645161290322576,0.0010595850328072353,0.0010595850328072353,false,5639,1127800,false
stage16_burst_interleaving_comparison_k200_ber_vs_snr,K200_M255K207,NONE_L0,255整块-无突发,4.5,4.5,5.4342168516223506,0.80645161290322576,0.00020115724982981619,0.00020115724982981619,false,29380,5876000,false
stage16_burst_interleaving_comparison_k200_ber_vs_snr,K200_M255K207,NONE_L0,255整块-无突发,5,5,5.9342168516223506,0.80645161290322576,1.7099999999999999e-05,1.7099999999999999e-05,false,50000,10000000,false
stage16_burst_interleaving_comparison_k200_ber_vs_snr,K200_M255K207,NONE_L0,255整块-无突发,5.5,5.5,6.4342168516223506,0.80645161290322576,4.9999999999999998e-07,4.9999999999999998e-07,false,50000,10000000,false
stage16_burst_interleaving_comparison_k200_ber_vs_snr,K200_M255K207,NONE_L0,255整块-无突发,6,6,6.9342168516223506,0.80645161290322576,0,4.9999999999999998e-08,true,50000,10000000,true
stage16_burst_interleaving_comparison_k200_ber_vs_snr,K200_M255K207,NONE_L0,255整块-无突发,6.5,6.5,7.4342168516223506,0.80645161290322576,0,4.9999999999999998e-08,true,50000,10000000,true
stage16_burst_interleaving_comparison_k200_ber_vs_snr,K200_M255K207,NONE_L0,255整块-无突发,7,7,7.9342168516223506,0.80645161290322576,0,4.9999999999999998e-08,true,50000,10000000,true
stage16_burst_interleaving_comparison_k200_ber_vs_snr,K200_M255K207,NONE_L0,255整块-无突发,7.5,7.5,8.4342168516223506,0.80645161290322576,0,4.9999999999999998e-08,true,50000,10000000,true
stage16_burst_interleaving_comparison_k200_ber_vs_snr,K200_M255K207,NONE_L0,255整块-无突发,8,8,8.9342168516223506,0.80645161290322576,0,4.9999999999999998e-08,true,50000,10000000,true
stage16_burst_interleaving_comparison_k200_ber_vs_snr,K200_M255K207,NONE_L0,255整块-无突发,8.5,8.5,9.4342168516223506,0.80645161290322576,0,4.9999999999999998e-08,true,50000,10000000,true
stage16_burst_interleaving_comparison_k200_ber_vs_snr,K200_M255K207,NONE_L0,255整块-无突发,9,9,9.9342168516223506,0.80645161290322576,0,4.9999999999999998e-08,true,50000,10000000,true
stage16_burst_interleaving_comparison_k200_ber_vs_snr,K200_M255K207,NONE_L0,255整块-无突发,9.5,9.5,10.434216851622351,0.80645161290322576,0,4.9999999999999998e-08,true,50000,10000000,true
stage16_burst_interleaving_comparison_k200_ber_vs_snr,K200_M255K207,NONE_L0,255整块-无突发,10,10,10.934216851622351,0.80645161290322576,0,4.9999999999999998e-08,true,50000,10000000,true
stage16_burst_interleaving_comparison_k200_ber_vs_snr,K200_M255K207,NONE_L0,255整块-无突发,10.5,10.5,11.434216851622351,0.80645161290322576,0,4.9999999999999998e-08,true,50000,10000000,true
stage16_burst_interleaving_comparison_k200_ber_vs_snr,K200_M255K207,NONE_L0,255整块-无突发,11,11,11.934216851622351,0.80645161290322576,0,4.9999999999999998e-08,true,50000,10000000,true
stage16_burst_interleaving_comparison_k200_ber_vs_snr,K200_M255K207,NONE_L0,255整块-无突发,11.5,11.5,12.434216851622351,0.80645161290322576,0,4.9999999999999998e-08,true,50000,10000000,true
stage16_burst_interleaving_comparison_k200_ber_vs_snr,K200_M255K207,NONE_L0,255整块-无突发,12,12,12.934216851622351,0.80645161290322576,0,4.9999999999999998e-08,true,50000,10000000,true
stage16_burst_interleaving_comparison_k200_ber_vs_snr,K200_M255K207,NONE_L0,255整块-无突发,12.5,12.5,13.434216851622351,0.80645161290322576,0,4.9999999999999998e-08,true,50000,10000000,true
stage16_burst_interleaving_comparison_k200_ber_vs_snr,K200_M255K207,NONE_L0,255整块-无突发,13,13,13.934216851622351,0.80645161290322576,0,4.9999999999999998e-08,true,50000,10000000,true
stage16_burst_interleaving_comparison_k200_ber_vs_snr,K200_M255K207,NONE_L0,255整块-无突发,13.5,13.5,14.434216851622351,0.80645161290322576,0,4.9999999999999998e-08,true,50000,10000000,true
stage16_burst_interleaving_comparison_k200_ber_vs_snr,K200_M255K207,NONE_L0,255整块-无突发,14,14,14.934216851622351,0.80645161290322576,0,4.9999999999999998e-08,true,50000,10000000,true
stage16_burst_interleaving_comparison_k200_ber_vs_snr,K200_M255K207,NONE_L0,255整块-无突发,14.5,14.5,15.434216851622351,0.80645161290322576,0,4.9999999999999998e-08,true,50000,10000000,true
stage16_burst_interleaving_comparison_k200_ber_vs_snr,K200_M255K207,NONE_L0,255整块-无突发,15,15,15.934216851622351,0.80645161290322576,0,4.9999999999999998e-08,true,50000,10000000,true
stage16_burst_interleaving_comparison_k200_ber_vs_snr,K200_M255K207,NONE_L0,255整块-无突发,15.5,15.5,16.434216851622352,0.80645161290322576,0,4.9999999999999998e-08,true,50000,10000000,true
stage16_burst_interleaving_comparison_k200_ber_vs_snr,K200_M255K207,NONE_L0,255整块-无突发,16,16,16.934216851622352,0.80645161290322576,0,4.9999999999999998e-08,true,50000,10000000,true
stage16_burst_interleaving_comparison_k200_ber_vs_snr,K200_M255K207,NONE_L0,255整块-无突发,16.5,16.5,17.434216851622352,0.80645161290322576,0,4.9999999999999998e-08,true,50000,10000000,true
stage16_burst_interleaving_comparison_k200_ber_vs_snr,K200_M255K207,NONE_L0,255整块-无突发,17,17,17.934216851622352,0.80645161290322576,0,4.9999999999999998e-08,true,50000,10000000,true
stage16_burst_interleaving_comparison_k200_ber_vs_snr,K200_M255K207,NONE_L0,255整块-无突发,17.5,17.5,18.434216851622352,0.80645161290322576,0,4.9999999999999998e-08,true,50000,10000000,true
stage16_burst_interleaving_comparison_k200_ber_vs_snr,K200_M255K207,NONE_L0,255整块-无突发,18,18,18.934216851622352,0.80645161290322576,0,4.9999999999999998e-08,true,50000,10000000,true
stage16_burst_interleaving_comparison_k200_ber_vs_snr,K200_M255K207,NONE_LREP,255整块-无交织突发,0,0,0.93421685162235091,0.80645161290322576,0.120265,0.120265,false,1000,200000,false
stage16_burst_interleaving_comparison_k200_ber_vs_snr,K200_M255K207,NONE_LREP,255整块-无交织突发,0.5,0.5,1.434216851622351,0.80645161290322576,0.10947,0.10947,false,1000,200000,false
stage16_burst_interleaving_comparison_k200_ber_vs_snr,K200_M255K207,NONE_LREP,255整块-无交织突发,1,1,1.934216851622351,0.80645161290322576,0.100205,0.100205,false,1000,200000,false
stage16_burst_interleaving_comparison_k200_ber_vs_snr,K200_M255K207,NONE_LREP,255整块-无交织突发,1.5,1.5,2.434216851622351,0.80645161290322576,0.090745000000000006,0.090745000000000006,false,1000,200000,false
stage16_burst_interleaving_comparison_k200_ber_vs_snr,K200_M255K207,NONE_LREP,255整块-无交织突发,2,2,2.934216851622351,0.80645161290322576,0.083460000000000006,0.083460000000000006,false,1000,200000,false
stage16_burst_interleaving_comparison_k200_ber_vs_snr,K200_M255K207,NONE_LREP,255整块-无交织突发,2.5,2.5,3.434216851622351,0.80645161290322576,0.074874999999999997,0.074874999999999997,false,1000,200000,false
stage16_burst_interleaving_comparison_k200_ber_vs_snr,K200_M255K207,NONE_LREP,255整块-无交织突发,3,3,3.934216851622351,0.80645161290322576,0.069794999999999996,0.069794999999999996,false,1000,200000,false
stage16_burst_interleaving_comparison_k200_ber_vs_snr,K200_M255K207,NONE_LREP,255整块-无交织突发,3.5,3.5,4.4342168516223506,0.80645161290322576,0.065225000000000005,0.065225000000000005,false,1000,200000,false
stage16_burst_interleaving_comparison_k200_ber_vs_snr,K200_M255K207,NONE_LREP,255整块-无交织突发,4,4,4.9342168516223506,0.80645161290322576,0.059944999999999998,0.059944999999999998,false,1000,200000,false
stage16_burst_interleaving_comparison_k200_ber_vs_snr,K200_M255K207,NONE_LREP,255整块-无交织突发,4.5,4.5,5.4342168516223506,0.80645161290322576,0.058035000000000003,0.058035000000000003,false,1000,200000,false
stage16_burst_interleaving_comparison_k200_ber_vs_snr,K200_M255K207,NONE_LREP,255整块-无交织突发,5,5,5.9342168516223506,0.80645161290322576,0.055390000000000002,0.055390000000000002,false,1000,200000,false
stage16_burst_interleaving_comparison_k200_ber_vs_snr,K200_M255K207,NONE_LREP,255整块-无交织突发,5.5,5.5,6.4342168516223506,0.80645161290322576,0.054295000000000003,0.054295000000000003,false,1000,200000,false
stage16_burst_interleaving_comparison_k200_ber_vs_snr,K200_M255K207,NONE_LREP,255整块-无交织突发,6,6,6.9342168516223506,0.80645161290322576,0.051025000000000001,0.051025000000000001,false,1000,200000,false
stage16_burst_interleaving_comparison_k200_ber_vs_snr,K200_M255K207,NONE_LREP,255整块-无交织突发,6.5,6.5,7.4342168516223506,0.80645161290322576,0.050610000000000002,0.050610000000000002,false,1000,200000,false
stage16_burst_interleaving_comparison_k200_ber_vs_snr,K200_M255K207,NONE_LREP,255整块-无交织突发,7,7,7.9342168516223506,0.80645161290322576,0.049945000000000003,0.049945000000000003,false,1000,200000,false
stage16_burst_interleaving_comparison_k200_ber_vs_snr,K200_M255K207,NONE_LREP,255整块-无交织突发,7.5,7.5,8.4342168516223506,0.80645161290322576,0.049259999999999998,0.049259999999999998,false,1000,200000,false
stage16_burst_interleaving_comparison_k200_ber_vs_snr,K200_M255K207,NONE_LREP,255整块-无交织突发,8,8,8.9342168516223506,0.80645161290322576,0.048594999999999999,0.048594999999999999,false,1000,200000,false
stage16_burst_interleaving_comparison_k200_ber_vs_snr,K200_M255K207,NONE_LREP,255整块-无交织突发,8.5,8.5,9.4342168516223506,0.80645161290322576,0.049064999999999998,0.049064999999999998,false,1000,200000,false
stage16_burst_interleaving_comparison_k200_ber_vs_snr,K200_M255K207,NONE_LREP,255整块-无交织突发,9,9,9.9342168516223506,0.80645161290322576,0.049399999999999999,0.049399999999999999,false,1000,200000,false
stage16_burst_interleaving_comparison_k200_ber_vs_snr,K200_M255K207,NONE_LREP,255整块-无交织突发,9.5,9.5,10.434216851622351,0.80645161290322576,0.049639999999999997,0.049639999999999997,false,1000,200000,false
stage16_burst_interleaving_comparison_k200_ber_vs_snr,K200_M255K207,NONE_LREP,255整块-无交织突发,10,10,10.934216851622351,0.80645161290322576,0.050035000000000003,0.050035000000000003,false,1000,200000,false
stage16_burst_interleaving_comparison_k200_ber_vs_snr,K200_M255K207,NONE_LREP,255整块-无交织突发,10.5,10.5,11.434216851622351,0.80645161290322576,0.049970000000000001,0.049970000000000001,false,1000,200000,false
stage16_burst_interleaving_comparison_k200_ber_vs_snr,K200_M255K207,NONE_LREP,255整块-无交织突发,11,11,11.934216851622351,0.80645161290322576,0.049509999999999998,0.049509999999999998,false,1000,200000,false
stage16_burst_interleaving_comparison_k200_ber_vs_snr,K200_M255K207,NONE_LREP,255整块-无交织突发,11.5,11.5,12.434216851622351,0.80645161290322576,0.050345000000000001,0.050345000000000001,false,1000,200000,false
stage16_burst_interleaving_comparison_k200_ber_vs_snr,K200_M255K207,NONE_LREP,255整块-无交织突发,12,12,12.934216851622351,0.80645161290322576,0.049645000000000002,0.049645000000000002,false,1000,200000,false
stage16_burst_interleaving_comparison_k200_ber_vs_snr,K200_M255K207,NONE_LREP,255整块-无交织突发,12.5,12.5,13.434216851622351,0.80645161290322576,0.049274999999999999,0.049274999999999999,false,1000,200000,false
stage16_burst_interleaving_comparison_k200_ber_vs_snr,K200_M255K207,NONE_LREP,255整块-无交织突发,13,13,13.934216851622351,0.80645161290322576,0.048529999999999997,0.048529999999999997,false,1000,200000,false
stage16_burst_interleaving_comparison_k200_ber_vs_snr,K200_M255K207,NONE_LREP,255整块-无交织突发,13.5,13.5,14.434216851622351,0.80645161290322576,0.049075000000000001,0.049075000000000001,false,1000,200000,false
stage16_burst_interleaving_comparison_k200_ber_vs_snr,K200_M255K207,NONE_LREP,255整块-无交织突发,14,14,14.934216851622351,0.80645161290322576,0.04972,0.04972,false,1000,200000,false
stage16_burst_interleaving_comparison_k200_ber_vs_snr,K200_M255K207,NONE_LREP,255整块-无交织突发,14.5,14.5,15.434216851622351,0.80645161290322576,0.048989999999999999,0.048989999999999999,false,1000,200000,false
stage16_burst_interleaving_comparison_k200_ber_vs_snr,K200_M255K207,NONE_LREP,255整块-无交织突发,15,15,15.934216851622351,0.80645161290322576,0.049884999999999999,0.049884999999999999,false,1000,200000,false
stage16_burst_interleaving_comparison_k200_ber_vs_snr,K200_M255K207,NONE_LREP,255整块-无交织突发,15.5,15.5,16.434216851622352,0.80645161290322576,0.049005,0.049005,false,1000,200000,false
stage16_burst_interleaving_comparison_k200_ber_vs_snr,K200_M255K207,NONE_LREP,255整块-无交织突发,16,16,16.934216851622352,0.80645161290322576,0.047789999999999999,0.047789999999999999,false,1000,200000,false
stage16_burst_interleaving_comparison_k200_ber_vs_snr,K200_M255K207,NONE_LREP,255整块-无交织突发,16.5,16.5,17.434216851622352,0.80645161290322576,0.050604999999999997,0.050604999999999997,false,1000,200000,false
stage16_burst_interleaving_comparison_k200_ber_vs_snr,K200_M255K207,NONE_LREP,255整块-无交织突发,17,17,17.934216851622352,0.80645161290322576,0.048055,0.048055,false,1000,200000,false
stage16_burst_interleaving_comparison_k200_ber_vs_snr,K200_M255K207,NONE_LREP,255整块-无交织突发,17.5,17.5,18.434216851622352,0.80645161290322576,0.047940000000000003,0.047940000000000003,false,1000,200000,false
stage16_burst_interleaving_comparison_k200_ber_vs_snr,K200_M255K207,NONE_LREP,255整块-无交织突发,18,18,18.934216851622352,0.80645161290322576,0.048779999999999997,0.048779999999999997,false,1000,200000,false
stage16_burst_interleaving_comparison_k200_ber_vs_snr,K200_M255K207,BEST_LREP,255整块-最佳交织突发,0,0,0.93421685162235091,0.80645161290322576,0.118505,0.118505,false,1000,200000,false
stage16_burst_interleaving_comparison_k200_ber_vs_snr,K200_M255K207,BEST_LREP,255整块-最佳交织突发,0.5,0.5,1.434216851622351,0.80645161290322576,0.10994,0.10994,false,1000,200000,false
stage16_burst_interleaving_comparison_k200_ber_vs_snr,K200_M255K207,BEST_LREP,255整块-最佳交织突发,1,1,1.934216851622351,0.80645161290322576,0.099260000000000001,0.099260000000000001,false,1000,200000,false
stage16_burst_interleaving_comparison_k200_ber_vs_snr,K200_M255K207,BEST_LREP,255整块-最佳交织突发,1.5,1.5,2.434216851622351,0.80645161290322576,0.090084999999999998,0.090084999999999998,false,1000,200000,false
stage16_burst_interleaving_comparison_k200_ber_vs_snr,K200_M255K207,BEST_LREP,255整块-最佳交织突发,2,2,2.934216851622351,0.80645161290322576,0.082284999999999997,0.082284999999999997,false,1000,200000,false
stage16_burst_interleaving_comparison_k200_ber_vs_snr,K200_M255K207,BEST_LREP,255整块-最佳交织突发,2.5,2.5,3.434216851622351,0.80645161290322576,0.074624999999999997,0.074624999999999997,false,1000,200000,false
stage16_burst_interleaving_comparison_k200_ber_vs_snr,K200_M255K207,BEST_LREP,255整块-最佳交织突发,3,3,3.934216851622351,0.80645161290322576,0.069540000000000005,0.069540000000000005,false,1000,200000,false
stage16_burst_interleaving_comparison_k200_ber_vs_snr,K200_M255K207,BEST_LREP,255整块-最佳交织突发,3.5,3.5,4.4342168516223506,0.80645161290322576,0.063950000000000007,0.063950000000000007,false,1000,200000,false
stage16_burst_interleaving_comparison_k200_ber_vs_snr,K200_M255K207,BEST_LREP,255整块-最佳交织突发,4,4,4.9342168516223506,0.80645161290322576,0.059499999999999997,0.059499999999999997,false,1000,200000,false
stage16_burst_interleaving_comparison_k200_ber_vs_snr,K200_M255K207,BEST_LREP,255整块-最佳交织突发,4.5,4.5,5.4342168516223506,0.80645161290322576,0.056105000000000002,0.056105000000000002,false,1000,200000,false
stage16_burst_interleaving_comparison_k200_ber_vs_snr,K200_M255K207,BEST_LREP,255整块-最佳交织突发,5,5,5.9342168516223506,0.80645161290322576,0.053850000000000002,0.053850000000000002,false,1000,200000,false
stage16_burst_interleaving_comparison_k200_ber_vs_snr,K200_M255K207,BEST_LREP,255整块-最佳交织突发,5.5,5.5,6.4342168516223506,0.80645161290322576,0.051769999999999997,0.051769999999999997,false,1000,200000,false
stage16_burst_interleaving_comparison_k200_ber_vs_snr,K200_M255K207,BEST_LREP,255整块-最佳交织突发,6,6,6.9342168516223506,0.80645161290322576,0.050569999999999997,0.050569999999999997,false,1000,200000,false
stage16_burst_interleaving_comparison_k200_ber_vs_snr,K200_M255K207,BEST_LREP,255整块-最佳交织突发,6.5,6.5,7.4342168516223506,0.80645161290322576,0.04929,0.04929,false,1000,200000,false
stage16_burst_interleaving_comparison_k200_ber_vs_snr,K200_M255K207,BEST_LREP,255整块-最佳交织突发,7,7,7.9342168516223506,0.80645161290322576,0.049430000000000002,0.049430000000000002,false,1000,200000,false
stage16_burst_interleaving_comparison_k200_ber_vs_snr,K200_M255K207,BEST_LREP,255整块-最佳交织突发,7.5,7.5,8.4342168516223506,0.80645161290322576,0.048684999999999999,0.048684999999999999,false,1000,200000,false
stage16_burst_interleaving_comparison_k200_ber_vs_snr,K200_M255K207,BEST_LREP,255整块-最佳交织突发,8,8,8.9342168516223506,0.80645161290322576,0.048274999999999998,0.048274999999999998,false,1000,200000,false
stage16_burst_interleaving_comparison_k200_ber_vs_snr,K200_M255K207,BEST_LREP,255整块-最佳交织突发,8.5,8.5,9.4342168516223506,0.80645161290322576,0.048390000000000002,0.048390000000000002,false,1000,200000,false
stage16_burst_interleaving_comparison_k200_ber_vs_snr,K200_M255K207,BEST_LREP,255整块-最佳交织突发,9,9,9.9342168516223506,0.80645161290322576,0.048684999999999999,0.048684999999999999,false,1000,200000,false
stage16_burst_interleaving_comparison_k200_ber_vs_snr,K200_M255K207,BEST_LREP,255整块-最佳交织突发,9.5,9.5,10.434216851622351,0.80645161290322576,0.048474999999999997,0.048474999999999997,false,1000,200000,false
stage16_burst_interleaving_comparison_k200_ber_vs_snr,K200_M255K207,BEST_LREP,255整块-最佳交织突发,10,10,10.934216851622351,0.80645161290322576,0.048364999999999998,0.048364999999999998,false,1000,200000,false
stage16_burst_interleaving_comparison_k200_ber_vs_snr,K200_M255K207,BEST_LREP,255整块-最佳交织突发,10.5,10.5,11.434216851622351,0.80645161290322576,0.048155000000000003,0.048155000000000003,false,1000,200000,false
stage16_burst_interleaving_comparison_k200_ber_vs_snr,K200_M255K207,BEST_LREP,255整块-最佳交织突发,11,11,11.934216851622351,0.80645161290322576,0.048120000000000003,0.048120000000000003,false,1000,200000,false
stage16_burst_interleaving_comparison_k200_ber_vs_snr,K200_M255K207,BEST_LREP,255整块-最佳交织突发,11.5,11.5,12.434216851622351,0.80645161290322576,0.048355000000000002,0.048355000000000002,false,1000,200000,false
stage16_burst_interleaving_comparison_k200_ber_vs_snr,K200_M255K207,BEST_LREP,255整块-最佳交织突发,12,12,12.934216851622351,0.80645161290322576,0.04829,0.04829,false,1000,200000,false
stage16_burst_interleaving_comparison_k200_ber_vs_snr,K200_M255K207,BEST_LREP,255整块-最佳交织突发,12.5,12.5,13.434216851622351,0.80645161290322576,0.048265000000000002,0.048265000000000002,false,1000,200000,false
stage16_burst_interleaving_comparison_k200_ber_vs_snr,K200_M255K207,BEST_LREP,255整块-最佳交织突发,13,13,13.934216851622351,0.80645161290322576,0.048274999999999998,0.048274999999999998,false,1000,200000,false
stage16_burst_interleaving_comparison_k200_ber_vs_snr,K200_M255K207,BEST_LREP,255整块-最佳交织突发,13.5,13.5,14.434216851622351,0.80645161290322576,0.048344999999999999,0.048344999999999999,false,1000,200000,false
stage16_burst_interleaving_comparison_k200_ber_vs_snr,K200_M255K207,BEST_LREP,255整块-最佳交织突发,14,14,14.934216851622351,0.80645161290322576,0.048085000000000003,0.048085000000000003,false,1000,200000,false
stage16_burst_interleaving_comparison_k200_ber_vs_snr,K200_M255K207,BEST_LREP,255整块-最佳交织突发,14.5,14.5,15.434216851622351,0.80645161290322576,0.048125000000000001,0.048125000000000001,false,1000,200000,false
stage16_burst_interleaving_comparison_k200_ber_vs_snr,K200_M255K207,BEST_LREP,255整块-最佳交织突发,15,15,15.934216851622351,0.80645161290322576,0.048265000000000002,0.048265000000000002,false,1000,200000,false
stage16_burst_interleaving_comparison_k200_ber_vs_snr,K200_M255K207,BEST_LREP,255整块-最佳交织突发,15.5,15.5,16.434216851622352,0.80645161290322576,0.048410000000000002,0.048410000000000002,false,1000,200000,false
stage16_burst_interleaving_comparison_k200_ber_vs_snr,K200_M255K207,BEST_LREP,255整块-最佳交织突发,16,16,16.934216851622352,0.80645161290322576,0.047940000000000003,0.047940000000000003,false,1000,200000,false
stage16_burst_interleaving_comparison_k200_ber_vs_snr,K200_M255K207,BEST_LREP,255整块-最佳交织突发,16.5,16.5,17.434216851622352,0.80645161290322576,0.048050000000000002,0.048050000000000002,false,1000,200000,false
stage16_burst_interleaving_comparison_k200_ber_vs_snr,K200_M255K207,BEST_LREP,255整块-最佳交织突发,17,17,17.934216851622352,0.80645161290322576,0.048415,0.048415,false,1000,200000,false
stage16_burst_interleaving_comparison_k200_ber_vs_snr,K200_M255K207,BEST_LREP,255整块-最佳交织突发,17.5,17.5,18.434216851622352,0.80645161290322576,0.048274999999999998,0.048274999999999998,false,1000,200000,false
stage16_burst_interleaving_comparison_k200_ber_vs_snr,K200_M255K207,BEST_LREP,255整块-最佳交织突发,18,18,18.934216851622352,0.80645161290322576,0.048280000000000003,0.048280000000000003,false,1000,200000,false
stage16_burst_interleaving_comparison_k200_ber_vs_snr,K200_M511K421,NONE_L0,421整块-无突发,0,0,1.6136800223497485,0.68965517241379315,0.079094999999999999,0.079094999999999999,false,1000,200000,false
stage16_burst_interleaving_comparison_k200_ber_vs_snr,K200_M511K421,NONE_L0,421整块-无突发,0.5,0.5,2.1136800223497483,0.68965517241379315,0.066324999999999995,0.066324999999999995,false,1000,200000,false
stage16_burst_interleaving_comparison_k200_ber_vs_snr,K200_M511K421,NONE_L0,421整块-无突发,1,1,2.6136800223497483,0.68965517241379315,0.053370000000000001,0.053370000000000001,false,1000,200000,false
stage16_burst_interleaving_comparison_k200_ber_vs_snr,K200_M511K421,NONE_L0,421整块-无突发,1.5,1.5,3.1136800223497483,0.68965517241379315,0.039914999999999999,0.039914999999999999,false,1000,200000,false
stage16_burst_interleaving_comparison_k200_ber_vs_snr,K200_M511K421,NONE_L0,421整块-无突发,2,2,3.6136800223497483,0.68965517241379315,0.023449999999999999,0.023449999999999999,false,1000,200000,false
stage16_burst_interleaving_comparison_k200_ber_vs_snr,K200_M511K421,NONE_L0,421整块-无突发,2.5,2.5,4.1136800223497483,0.68965517241379315,0.010295,0.010295,false,1000,200000,false
stage16_burst_interleaving_comparison_k200_ber_vs_snr,K200_M511K421,NONE_L0,421整块-无突发,3,3,4.6136800223497483,0.68965517241379315,0.0028375527426160339,0.0028375527426160339,false,2844,568800,false
stage16_burst_interleaving_comparison_k200_ber_vs_snr,K200_M511K421,NONE_L0,421整块-无突发,3.5,3.5,5.1136800223497483,0.68965517241379315,0.00055701133144475917,0.00055701133144475917,false,14120,2824000,false
stage16_burst_interleaving_comparison_k200_ber_vs_snr,K200_M511K421,NONE_L0,421整块-无突发,4,4,5.6136800223497483,0.68965517241379315,5.49e-05,5.49e-05,false,50000,10000000,false
stage16_burst_interleaving_comparison_k200_ber_vs_snr,K200_M511K421,NONE_L0,421整块-无突发,4.5,4.5,6.1136800223497483,0.68965517241379315,3.4999999999999999e-06,3.4999999999999999e-06,false,50000,10000000,false
stage16_burst_interleaving_comparison_k200_ber_vs_snr,K200_M511K421,NONE_L0,421整块-无突发,5,5,6.6136800223497483,0.68965517241379315,0,4.9999999999999998e-08,true,50000,10000000,true
stage16_burst_interleaving_comparison_k200_ber_vs_snr,K200_M511K421,NONE_L0,421整块-无突发,5.5,5.5,7.1136800223497483,0.68965517241379315,0,4.9999999999999998e-08,true,50000,10000000,true
stage16_burst_interleaving_comparison_k200_ber_vs_snr,K200_M511K421,NONE_L0,421整块-无突发,6,6,7.6136800223497483,0.68965517241379315,0,4.9999999999999998e-08,true,50000,10000000,true
stage16_burst_interleaving_comparison_k200_ber_vs_snr,K200_M511K421,NONE_L0,421整块-无突发,6.5,6.5,8.1136800223497492,0.68965517241379315,0,4.9999999999999998e-08,true,50000,10000000,true
stage16_burst_interleaving_comparison_k200_ber_vs_snr,K200_M511K421,NONE_L0,421整块-无突发,7,7,8.6136800223497492,0.68965517241379315,0,4.9999999999999998e-08,true,50000,10000000,true
stage16_burst_interleaving_comparison_k200_ber_vs_snr,K200_M511K421,NONE_L0,421整块-无突发,7.5,7.5,9.1136800223497492,0.68965517241379315,0,4.9999999999999998e-08,true,50000,10000000,true
stage16_burst_interleaving_comparison_k200_ber_vs_snr,K200_M511K421,NONE_L0,421整块-无突发,8,8,9.6136800223497492,0.68965517241379315,0,4.9999999999999998e-08,true,50000,10000000,true
stage16_burst_interleaving_comparison_k200_ber_vs_snr,K200_M511K421,NONE_L0,421整块-无突发,8.5,8.5,10.113680022349749,0.68965517241379315,0,4.9999999999999998e-08,true,50000,10000000,true
stage16_burst_interleaving_comparison_k200_ber_vs_snr,K200_M511K421,NONE_L0,421整块-无突发,9,9,10.613680022349749,0.68965517241379315,0,4.9999999999999998e-08,true,50000,10000000,true
stage16_burst_interleaving_comparison_k200_ber_vs_snr,K200_M511K421,NONE_L0,421整块-无突发,9.5,9.5,11.113680022349749,0.68965517241379315,0,4.9999999999999998e-08,true,50000,10000000,true
stage16_burst_interleaving_comparison_k200_ber_vs_snr,K200_M511K421,NONE_L0,421整块-无突发,10,10,11.613680022349749,0.68965517241379315,0,4.9999999999999998e-08,true,50000,10000000,true
stage16_burst_interleaving_comparison_k200_ber_vs_snr,K200_M511K421,NONE_L0,421整块-无突发,10.5,10.5,12.113680022349749,0.68965517241379315,0,4.9999999999999998e-08,true,50000,10000000,true
stage16_burst_interleaving_comparison_k200_ber_vs_snr,K200_M511K421,NONE_L0,421整块-无突发,11,11,12.613680022349749,0.68965517241379315,0,4.9999999999999998e-08,true,50000,10000000,true
stage16_burst_interleaving_comparison_k200_ber_vs_snr,K200_M511K421,NONE_L0,421整块-无突发,11.5,11.5,13.113680022349749,0.68965517241379315,0,4.9999999999999998e-08,true,50000,10000000,true
stage16_burst_interleaving_comparison_k200_ber_vs_snr,K200_M511K421,NONE_L0,421整块-无突发,12,12,13.613680022349749,0.68965517241379315,0,4.9999999999999998e-08,true,50000,10000000,true
stage16_burst_interleaving_comparison_k200_ber_vs_snr,K200_M511K421,NONE_L0,421整块-无突发,12.5,12.5,14.113680022349749,0.68965517241379315,0,4.9999999999999998e-08,true,50000,10000000,true
stage16_burst_interleaving_comparison_k200_ber_vs_snr,K200_M511K421,NONE_L0,421整块-无突发,13,13,14.613680022349749,0.68965517241379315,0,4.9999999999999998e-08,true,50000,10000000,true
stage16_burst_interleaving_comparison_k200_ber_vs_snr,K200_M511K421,NONE_L0,421整块-无突发,13.5,13.5,15.113680022349749,0.68965517241379315,0,4.9999999999999998e-08,true,50000,10000000,true
stage16_burst_interleaving_comparison_k200_ber_vs_snr,K200_M511K421,NONE_L0,421整块-无突发,14,14,15.613680022349749,0.68965517241379315,0,4.9999999999999998e-08,true,50000,10000000,true
stage16_burst_interleaving_comparison_k200_ber_vs_snr,K200_M511K421,NONE_L0,421整块-无突发,14.5,14.5,16.113680022349747,0.68965517241379315,0,4.9999999999999998e-08,true,50000,10000000,true
stage16_burst_interleaving_comparison_k200_ber_vs_snr,K200_M511K421,NONE_L0,421整块-无突发,15,15,16.613680022349747,0.68965517241379315,0,4.9999999999999998e-08,true,50000,10000000,true
stage16_burst_interleaving_comparison_k200_ber_vs_snr,K200_M511K421,NONE_L0,421整块-无突发,15.5,15.5,17.113680022349747,0.68965517241379315,0,4.9999999999999998e-08,true,50000,10000000,true
stage16_burst_interleaving_comparison_k200_ber_vs_snr,K200_M511K421,NONE_L0,421整块-无突发,16,16,17.613680022349747,0.68965517241379315,0,4.9999999999999998e-08,true,50000,10000000,true
stage16_burst_interleaving_comparison_k200_ber_vs_snr,K200_M511K421,NONE_L0,421整块-无突发,16.5,16.5,18.113680022349747,0.68965517241379315,0,4.9999999999999998e-08,true,50000,10000000,true
stage16_burst_interleaving_comparison_k200_ber_vs_snr,K200_M511K421,NONE_L0,421整块-无突发,17,17,18.613680022349747,0.68965517241379315,0,4.9999999999999998e-08,true,50000,10000000,true
stage16_burst_interleaving_comparison_k200_ber_vs_snr,K200_M511K421,NONE_L0,421整块-无突发,17.5,17.5,19.113680022349747,0.68965517241379315,0,4.9999999999999998e-08,true,50000,10000000,true
stage16_burst_interleaving_comparison_k200_ber_vs_snr,K200_M511K421,NONE_L0,421整块-无突发,18,18,19.613680022349747,0.68965517241379315,0,4.9999999999999998e-08,true,50000,10000000,true
stage16_burst_interleaving_comparison_k200_ber_vs_snr,K200_M511K421,NONE_LREP,421整块-无交织突发,0,0,1.6136800223497485,0.68965517241379315,0.11511,0.11511,false,1000,200000,false
stage16_burst_interleaving_comparison_k200_ber_vs_snr,K200_M511K421,NONE_LREP,421整块-无交织突发,0.5,0.5,2.1136800223497483,0.68965517241379315,0.10229000000000001,0.10229000000000001,false,1000,200000,false
stage16_burst_interleaving_comparison_k200_ber_vs_snr,K200_M511K421,NONE_LREP,421整块-无交织突发,1,1,2.6136800223497483,0.68965517241379315,0.092810000000000004,0.092810000000000004,false,1000,200000,false
stage16_burst_interleaving_comparison_k200_ber_vs_snr,K200_M511K421,NONE_LREP,421整块-无交织突发,1.5,1.5,3.1136800223497483,0.68965517241379315,0.083815000000000001,0.083815000000000001,false,1000,200000,false
stage16_burst_interleaving_comparison_k200_ber_vs_snr,K200_M511K421,NONE_LREP,421整块-无交织突发,2,2,3.6136800223497483,0.68965517241379315,0.075230000000000005,0.075230000000000005,false,1000,200000,false
stage16_burst_interleaving_comparison_k200_ber_vs_snr,K200_M511K421,NONE_LREP,421整块-无交织突发,2.5,2.5,4.1136800223497483,0.68965517241379315,0.068879999999999997,0.068879999999999997,false,1000,200000,false
stage16_burst_interleaving_comparison_k200_ber_vs_snr,K200_M511K421,NONE_LREP,421整块-无交织突发,3,3,4.6136800223497483,0.68965517241379315,0.062744999999999995,0.062744999999999995,false,1000,200000,false
stage16_burst_interleaving_comparison_k200_ber_vs_snr,K200_M511K421,NONE_LREP,421整块-无交织突发,3.5,3.5,5.1136800223497483,0.68965517241379315,0.057489999999999999,0.057489999999999999,false,1000,200000,false
stage16_burst_interleaving_comparison_k200_ber_vs_snr,K200_M511K421,NONE_LREP,421整块-无交织突发,4,4,5.6136800223497483,0.68965517241379315,0.053409999999999999,0.053409999999999999,false,1000,200000,false
stage16_burst_interleaving_comparison_k200_ber_vs_snr,K200_M511K421,NONE_LREP,421整块-无交织突发,4.5,4.5,6.1136800223497483,0.68965517241379315,0.048684999999999999,0.048684999999999999,false,1000,200000,false
stage16_burst_interleaving_comparison_k200_ber_vs_snr,K200_M511K421,NONE_LREP,421整块-无交织突发,5,5,6.6136800223497483,0.68965517241379315,0.047690000000000003,0.047690000000000003,false,1000,200000,false
stage16_burst_interleaving_comparison_k200_ber_vs_snr,K200_M511K421,NONE_LREP,421整块-无交织突发,5.5,5.5,7.1136800223497483,0.68965517241379315,0.045289999999999997,0.045289999999999997,false,1000,200000,false
stage16_burst_interleaving_comparison_k200_ber_vs_snr,K200_M511K421,NONE_LREP,421整块-无交织突发,6,6,7.6136800223497483,0.68965517241379315,0.043165000000000002,0.043165000000000002,false,1000,200000,false
stage16_burst_interleaving_comparison_k200_ber_vs_snr,K200_M511K421,NONE_LREP,421整块-无交织突发,6.5,6.5,8.1136800223497492,0.68965517241379315,0.042950000000000002,0.042950000000000002,false,1000,200000,false
stage16_burst_interleaving_comparison_k200_ber_vs_snr,K200_M511K421,NONE_LREP,421整块-无交织突发,7,7,8.6136800223497492,0.68965517241379315,0.042479999999999997,0.042479999999999997,false,1000,200000,false
stage16_burst_interleaving_comparison_k200_ber_vs_snr,K200_M511K421,NONE_LREP,421整块-无交织突发,7.5,7.5,9.1136800223497492,0.68965517241379315,0.042305000000000002,0.042305000000000002,false,1000,200000,false
stage16_burst_interleaving_comparison_k200_ber_vs_snr,K200_M511K421,NONE_LREP,421整块-无交织突发,8,8,9.6136800223497492,0.68965517241379315,0.041175000000000003,0.041175000000000003,false,1000,200000,false
stage16_burst_interleaving_comparison_k200_ber_vs_snr,K200_M511K421,NONE_LREP,421整块-无交织突发,8.5,8.5,10.113680022349749,0.68965517241379315,0.041935,0.041935,false,1000,200000,false
stage16_burst_interleaving_comparison_k200_ber_vs_snr,K200_M511K421,NONE_LREP,421整块-无交织突发,9,9,10.613680022349749,0.68965517241379315,0.042165000000000001,0.042165000000000001,false,1000,200000,false
stage16_burst_interleaving_comparison_k200_ber_vs_snr,K200_M511K421,NONE_LREP,421整块-无交织突发,9.5,9.5,11.113680022349749,0.68965517241379315,0.042354999999999997,0.042354999999999997,false,1000,200000,false
stage16_burst_interleaving_comparison_k200_ber_vs_snr,K200_M511K421,NONE_LREP,421整块-无交织突发,10,10,11.613680022349749,0.68965517241379315,0.041645000000000001,0.041645000000000001,false,1000,200000,false
stage16_burst_interleaving_comparison_k200_ber_vs_snr,K200_M511K421,NONE_LREP,421整块-无交织突发,10.5,10.5,12.113680022349749,0.68965517241379315,0.039260000000000003,0.039260000000000003,false,1000,200000,false
stage16_burst_interleaving_comparison_k200_ber_vs_snr,K200_M511K421,NONE_LREP,421整块-无交织突发,11,11,12.613680022349749,0.68965517241379315,0.041450000000000001,0.041450000000000001,false,1000,200000,false
stage16_burst_interleaving_comparison_k200_ber_vs_snr,K200_M511K421,NONE_LREP,421整块-无交织突发,11.5,11.5,13.113680022349749,0.68965517241379315,0.040974999999999998,0.040974999999999998,false,1000,200000,false
stage16_burst_interleaving_comparison_k200_ber_vs_snr,K200_M511K421,NONE_LREP,421整块-无交织突发,12,12,13.613680022349749,0.68965517241379315,0.041079999999999998,0.041079999999999998,false,1000,200000,false
stage16_burst_interleaving_comparison_k200_ber_vs_snr,K200_M511K421,NONE_LREP,421整块-无交织突发,12.5,12.5,14.113680022349749,0.68965517241379315,0.041785000000000003,0.041785000000000003,false,1000,200000,false
stage16_burst_interleaving_comparison_k200_ber_vs_snr,K200_M511K421,NONE_LREP,421整块-无交织突发,13,13,14.613680022349749,0.68965517241379315,0.041244999999999997,0.041244999999999997,false,1000,200000,false
stage16_burst_interleaving_comparison_k200_ber_vs_snr,K200_M511K421,NONE_LREP,421整块-无交织突发,13.5,13.5,15.113680022349749,0.68965517241379315,0.041235000000000001,0.041235000000000001,false,1000,200000,false
stage16_burst_interleaving_comparison_k200_ber_vs_snr,K200_M511K421,NONE_LREP,421整块-无交织突发,14,14,15.613680022349749,0.68965517241379315,0.041005,0.041005,false,1000,200000,false
stage16_burst_interleaving_comparison_k200_ber_vs_snr,K200_M511K421,NONE_LREP,421整块-无交织突发,14.5,14.5,16.113680022349747,0.68965517241379315,0.042415000000000001,0.042415000000000001,false,1000,200000,false
stage16_burst_interleaving_comparison_k200_ber_vs_snr,K200_M511K421,NONE_LREP,421整块-无交织突发,15,15,16.613680022349747,0.68965517241379315,0.041674999999999997,0.041674999999999997,false,1000,200000,false
stage16_burst_interleaving_comparison_k200_ber_vs_snr,K200_M511K421,NONE_LREP,421整块-无交织突发,15.5,15.5,17.113680022349747,0.68965517241379315,0.041224999999999998,0.041224999999999998,false,1000,200000,false
stage16_burst_interleaving_comparison_k200_ber_vs_snr,K200_M511K421,NONE_LREP,421整块-无交织突发,16,16,17.613680022349747,0.68965517241379315,0.042569999999999997,0.042569999999999997,false,1000,200000,false
stage16_burst_interleaving_comparison_k200_ber_vs_snr,K200_M511K421,NONE_LREP,421整块-无交织突发,16.5,16.5,18.113680022349747,0.68965517241379315,0.040224999999999997,0.040224999999999997,false,1000,200000,false
stage16_burst_interleaving_comparison_k200_ber_vs_snr,K200_M511K421,NONE_LREP,421整块-无交织突发,17,17,18.613680022349747,0.68965517241379315,0.039,0.039,false,1000,200000,false
stage16_burst_interleaving_comparison_k200_ber_vs_snr,K200_M511K421,NONE_LREP,421整块-无交织突发,17.5,17.5,19.113680022349747,0.68965517241379315,0.042029999999999998,0.042029999999999998,false,1000,200000,false
stage16_burst_interleaving_comparison_k200_ber_vs_snr,K200_M511K421,NONE_LREP,421整块-无交织突发,18,18,19.613680022349747,0.68965517241379315,0.041715000000000002,0.041715000000000002,false,1000,200000,false
stage16_burst_interleaving_comparison_k200_ber_vs_snr,K200_M511K421,BEST_LREP,421整块-最佳交织突发,0,0,1.6136800223497485,0.68965517241379315,0.11401500000000001,0.11401500000000001,false,1000,200000,false
stage16_burst_interleaving_comparison_k200_ber_vs_snr,K200_M511K421,BEST_LREP,421整块-最佳交织突发,0.5,0.5,2.1136800223497483,0.68965517241379315,0.102395,0.102395,false,1000,200000,false
stage16_burst_interleaving_comparison_k200_ber_vs_snr,K200_M511K421,BEST_LREP,421整块-最佳交织突发,1,1,2.6136800223497483,0.68965517241379315,0.092804999999999999,0.092804999999999999,false,1000,200000,false
stage16_burst_interleaving_comparison_k200_ber_vs_snr,K200_M511K421,BEST_LREP,421整块-最佳交织突发,1.5,1.5,3.1136800223497483,0.68965517241379315,0.084495000000000001,0.084495000000000001,false,1000,200000,false
stage16_burst_interleaving_comparison_k200_ber_vs_snr,K200_M511K421,BEST_LREP,421整块-最佳交织突发,2,2,3.6136800223497483,0.68965517241379315,0.075700000000000003,0.075700000000000003,false,1000,200000,false
stage16_burst_interleaving_comparison_k200_ber_vs_snr,K200_M511K421,BEST_LREP,421整块-最佳交织突发,2.5,2.5,4.1136800223497483,0.68965517241379315,0.069199999999999998,0.069199999999999998,false,1000,200000,false
stage16_burst_interleaving_comparison_k200_ber_vs_snr,K200_M511K421,BEST_LREP,421整块-最佳交织突发,3,3,4.6136800223497483,0.68965517241379315,0.062784999999999994,0.062784999999999994,false,1000,200000,false
stage16_burst_interleaving_comparison_k200_ber_vs_snr,K200_M511K421,BEST_LREP,421整块-最佳交织突发,3.5,3.5,5.1136800223497483,0.68965517241379315,0.05713,0.05713,false,1000,200000,false
stage16_burst_interleaving_comparison_k200_ber_vs_snr,K200_M511K421,BEST_LREP,421整块-最佳交织突发,4,4,5.6136800223497483,0.68965517241379315,0.053129999999999997,0.053129999999999997,false,1000,200000,false
stage16_burst_interleaving_comparison_k200_ber_vs_snr,K200_M511K421,BEST_LREP,421整块-最佳交织突发,4.5,4.5,6.1136800223497483,0.68965517241379315,0.049505,0.049505,false,1000,200000,false
stage16_burst_interleaving_comparison_k200_ber_vs_snr,K200_M511K421,BEST_LREP,421整块-最佳交织突发,5,5,6.6136800223497483,0.68965517241379315,0.046705000000000003,0.046705000000000003,false,1000,200000,false
stage16_burst_interleaving_comparison_k200_ber_vs_snr,K200_M511K421,BEST_LREP,421整块-最佳交织突发,5.5,5.5,7.1136800223497483,0.68965517241379315,0.044764999999999999,0.044764999999999999,false,1000,200000,false
stage16_burst_interleaving_comparison_k200_ber_vs_snr,K200_M511K421,BEST_LREP,421整块-最佳交织突发,6,6,7.6136800223497483,0.68965517241379315,0.043520000000000003,0.043520000000000003,false,1000,200000,false
stage16_burst_interleaving_comparison_k200_ber_vs_snr,K200_M511K421,BEST_LREP,421整块-最佳交织突发,6.5,6.5,8.1136800223497492,0.68965517241379315,0.042819999999999997,0.042819999999999997,false,1000,200000,false
stage16_burst_interleaving_comparison_k200_ber_vs_snr,K200_M511K421,BEST_LREP,421整块-最佳交织突发,7,7,8.6136800223497492,0.68965517241379315,0.042479999999999997,0.042479999999999997,false,1000,200000,false
stage16_burst_interleaving_comparison_k200_ber_vs_snr,K200_M511K421,BEST_LREP,421整块-最佳交织突发,7.5,7.5,9.1136800223497492,0.68965517241379315,0.041959999999999997,0.041959999999999997,false,1000,200000,false
stage16_burst_interleaving_comparison_k200_ber_vs_snr,K200_M511K421,BEST_LREP,421整块-最佳交织突发,8,8,9.6136800223497492,0.68965517241379315,0.041300000000000003,0.041300000000000003,false,1000,200000,false
stage16_burst_interleaving_comparison_k200_ber_vs_snr,K200_M511K421,BEST_LREP,421整块-最佳交织突发,8.5,8.5,10.113680022349749,0.68965517241379315,0.041660000000000003,0.041660000000000003,false,1000,200000,false
stage16_burst_interleaving_comparison_k200_ber_vs_snr,K200_M511K421,BEST_LREP,421整块-最佳交织突发,9,9,10.613680022349749,0.68965517241379315,0.041500000000000002,0.041500000000000002,false,1000,200000,false
stage16_burst_interleaving_comparison_k200_ber_vs_snr,K200_M511K421,BEST_LREP,421整块-最佳交织突发,9.5,9.5,11.113680022349749,0.68965517241379315,0.041640000000000003,0.041640000000000003,false,1000,200000,false
stage16_burst_interleaving_comparison_k200_ber_vs_snr,K200_M511K421,BEST_LREP,421整块-最佳交织突发,10,10,11.613680022349749,0.68965517241379315,0.041259999999999998,0.041259999999999998,false,1000,200000,false
stage16_burst_interleaving_comparison_k200_ber_vs_snr,K200_M511K421,BEST_LREP,421整块-最佳交织突发,10.5,10.5,12.113680022349749,0.68965517241379315,0.041685,0.041685,false,1000,200000,false
stage16_burst_interleaving_comparison_k200_ber_vs_snr,K200_M511K421,BEST_LREP,421整块-最佳交织突发,11,11,12.613680022349749,0.68965517241379315,0.041189999999999997,0.041189999999999997,false,1000,200000,false
stage16_burst_interleaving_comparison_k200_ber_vs_snr,K200_M511K421,BEST_LREP,421整块-最佳交织突发,11.5,11.5,13.113680022349749,0.68965517241379315,0.041605000000000003,0.041605000000000003,false,1000,200000,false
stage16_burst_interleaving_comparison_k200_ber_vs_snr,K200_M511K421,BEST_LREP,421整块-最佳交织突发,12,12,13.613680022349749,0.68965517241379315,0.041230000000000003,0.041230000000000003,false,1000,200000,false
stage16_burst_interleaving_comparison_k200_ber_vs_snr,K200_M511K421,BEST_LREP,421整块-最佳交织突发,12.5,12.5,14.113680022349749,0.68965517241379315,0.041244999999999997,0.041244999999999997,false,1000,200000,false
stage16_burst_interleaving_comparison_k200_ber_vs_snr,K200_M511K421,BEST_LREP,421整块-最佳交织突发,13,13,14.613680022349749,0.68965517241379315,0.041230000000000003,0.041230000000000003,false,1000,200000,false
stage16_burst_interleaving_comparison_k200_ber_vs_snr,K200_M511K421,BEST_LREP,421整块-最佳交织突发,13.5,13.5,15.113680022349749,0.68965517241379315,0.041579999999999999,0.041579999999999999,false,1000,200000,false
stage16_burst_interleaving_comparison_k200_ber_vs_snr,K200_M511K421,BEST_LREP,421整块-最佳交织突发,14,14,15.613680022349749,0.68965517241379315,0.041579999999999999,0.041579999999999999,false,1000,200000,false
stage16_burst_interleaving_comparison_k200_ber_vs_snr,K200_M511K421,BEST_LREP,421整块-最佳交织突发,14.5,14.5,16.113680022349747,0.68965517241379315,0.041520000000000001,0.041520000000000001,false,1000,200000,false
stage16_burst_interleaving_comparison_k200_ber_vs_snr,K200_M511K421,BEST_LREP,421整块-最佳交织突发,15,15,16.613680022349747,0.68965517241379315,0.041119999999999997,0.041119999999999997,false,1000,200000,false
stage16_burst_interleaving_comparison_k200_ber_vs_snr,K200_M511K421,BEST_LREP,421整块-最佳交织突发,15.5,15.5,17.113680022349747,0.68965517241379315,0.041105000000000003,0.041105000000000003,false,1000,200000,false
stage16_burst_interleaving_comparison_k200_ber_vs_snr,K200_M511K421,BEST_LREP,421整块-最佳交织突发,16,16,17.613680022349747,0.68965517241379315,0.041274999999999999,0.041274999999999999,false,1000,200000,false
stage16_burst_interleaving_comparison_k200_ber_vs_snr,K200_M511K421,BEST_LREP,421整块-最佳交织突发,16.5,16.5,18.113680022349747,0.68965517241379315,0.041730000000000003,0.041730000000000003,false,1000,200000,false
stage16_burst_interleaving_comparison_k200_ber_vs_snr,K200_M511K421,BEST_LREP,421整块-最佳交织突发,17,17,18.613680022349747,0.68965517241379315,0.041160000000000002,0.041160000000000002,false,1000,200000,false
stage16_burst_interleaving_comparison_k200_ber_vs_snr,K200_M511K421,BEST_LREP,421整块-最佳交织突发,17.5,17.5,19.113680022349747,0.68965517241379315,0.041360000000000001,0.041360000000000001,false,1000,200000,false
stage16_burst_interleaving_comparison_k200_ber_vs_snr,K200_M511K421,BEST_LREP,421整块-最佳交织突发,18,18,19.613680022349747,0.68965517241379315,0.041329999999999999,0.041329999999999999,false,1000,200000,false
stage16_burst_interleaving_comparison_k200_ber_vs_snr,K200_M511K385,NONE_L0,385整块-无突发,0,0,2.1218760440395781,0.61349693251533743,0.078115000000000004,0.078115000000000004,false,1000,200000,false
stage16_burst_interleaving_comparison_k200_ber_vs_snr,K200_M511K385,NONE_L0,385整块-无突发,0.5,0.5,2.6218760440395781,0.61349693251533743,0.064390000000000003,0.064390000000000003,false,1000,200000,false
stage16_burst_interleaving_comparison_k200_ber_vs_snr,K200_M511K385,NONE_L0,385整块-无突发,1,1,3.1218760440395781,0.61349693251533743,0.049849999999999998,0.049849999999999998,false,1000,200000,false
stage16_burst_interleaving_comparison_k200_ber_vs_snr,K200_M511K385,NONE_L0,385整块-无突发,1.5,1.5,3.6218760440395781,0.61349693251533743,0.030380000000000001,0.030380000000000001,false,1000,200000,false
stage16_burst_interleaving_comparison_k200_ber_vs_snr,K200_M511K385,NONE_L0,385整块-无突发,2,2,4.1218760440395776,0.61349693251533743,0.011285,0.011285,false,1000,200000,false
stage16_burst_interleaving_comparison_k200_ber_vs_snr,K200_M511K385,NONE_L0,385整块-无突发,2.5,2.5,4.6218760440395776,0.61349693251533743,0.0030682520074119825,0.0030682520074119825,false,3238,647600,false
stage16_burst_interleaving_comparison_k200_ber_vs_snr,K200_M511K385,NONE_L0,385整块-无突发,3,3,5.1218760440395776,0.61349693251533743,0.00045717012646146507,0.00045717012646146507,false,20955,4191000,false
stage16_burst_interleaving_comparison_k200_ber_vs_snr,K200_M511K385,NONE_L0,385整块-无突发,3.5,3.5,5.6218760440395776,0.61349693251533743,3.01e-05,3.01e-05,false,50000,10000000,false
stage16_burst_interleaving_comparison_k200_ber_vs_snr,K200_M511K385,NONE_L0,385整块-无突发,4,4,6.1218760440395776,0.61349693251533743,5.9999999999999997e-07,5.9999999999999997e-07,false,50000,10000000,false
stage16_burst_interleaving_comparison_k200_ber_vs_snr,K200_M511K385,NONE_L0,385整块-无突发,4.5,4.5,6.6218760440395776,0.61349693251533743,0,4.9999999999999998e-08,true,50000,10000000,true
stage16_burst_interleaving_comparison_k200_ber_vs_snr,K200_M511K385,NONE_L0,385整块-无突发,5,5,7.1218760440395776,0.61349693251533743,0,4.9999999999999998e-08,true,50000,10000000,true
stage16_burst_interleaving_comparison_k200_ber_vs_snr,K200_M511K385,NONE_L0,385整块-无突发,5.5,5.5,7.6218760440395776,0.61349693251533743,0,4.9999999999999998e-08,true,50000,10000000,true
stage16_burst_interleaving_comparison_k200_ber_vs_snr,K200_M511K385,NONE_L0,385整块-无突发,6,6,8.1218760440395776,0.61349693251533743,0,4.9999999999999998e-08,true,50000,10000000,true
stage16_burst_interleaving_comparison_k200_ber_vs_snr,K200_M511K385,NONE_L0,385整块-无突发,6.5,6.5,8.6218760440395776,0.61349693251533743,0,4.9999999999999998e-08,true,50000,10000000,true
stage16_burst_interleaving_comparison_k200_ber_vs_snr,K200_M511K385,NONE_L0,385整块-无突发,7,7,9.1218760440395776,0.61349693251533743,0,4.9999999999999998e-08,true,50000,10000000,true
stage16_burst_interleaving_comparison_k200_ber_vs_snr,K200_M511K385,NONE_L0,385整块-无突发,7.5,7.5,9.6218760440395776,0.61349693251533743,0,4.9999999999999998e-08,true,50000,10000000,true
stage16_burst_interleaving_comparison_k200_ber_vs_snr,K200_M511K385,NONE_L0,385整块-无突发,8,8,10.121876044039578,0.61349693251533743,0,4.9999999999999998e-08,true,50000,10000000,true
stage16_burst_interleaving_comparison_k200_ber_vs_snr,K200_M511K385,NONE_L0,385整块-无突发,8.5,8.5,10.621876044039578,0.61349693251533743,0,4.9999999999999998e-08,true,50000,10000000,true
stage16_burst_interleaving_comparison_k200_ber_vs_snr,K200_M511K385,NONE_L0,385整块-无突发,9,9,11.121876044039578,0.61349693251533743,0,4.9999999999999998e-08,true,50000,10000000,true
stage16_burst_interleaving_comparison_k200_ber_vs_snr,K200_M511K385,NONE_L0,385整块-无突发,9.5,9.5,11.621876044039578,0.61349693251533743,0,4.9999999999999998e-08,true,50000,10000000,true
stage16_burst_interleaving_comparison_k200_ber_vs_snr,K200_M511K385,NONE_L0,385整块-无突发,10,10,12.121876044039578,0.61349693251533743,0,4.9999999999999998e-08,true,50000,10000000,true
stage16_burst_interleaving_comparison_k200_ber_vs_snr,K200_M511K385,NONE_L0,385整块-无突发,10.5,10.5,12.621876044039578,0.61349693251533743,0,4.9999999999999998e-08,true,50000,10000000,true
stage16_burst_interleaving_comparison_k200_ber_vs_snr,K200_M511K385,NONE_L0,385整块-无突发,11,11,13.121876044039578,0.61349693251533743,0,4.9999999999999998e-08,true,50000,10000000,true
stage16_burst_interleaving_comparison_k200_ber_vs_snr,K200_M511K385,NONE_L0,385整块-无突发,11.5,11.5,13.621876044039578,0.61349693251533743,0,4.9999999999999998e-08,true,50000,10000000,true
stage16_burst_interleaving_comparison_k200_ber_vs_snr,K200_M511K385,NONE_L0,385整块-无突发,12,12,14.121876044039578,0.61349693251533743,0,4.9999999999999998e-08,true,50000,10000000,true
stage16_burst_interleaving_comparison_k200_ber_vs_snr,K200_M511K385,NONE_L0,385整块-无突发,12.5,12.5,14.621876044039578,0.61349693251533743,0,4.9999999999999998e-08,true,50000,10000000,true
stage16_burst_interleaving_comparison_k200_ber_vs_snr,K200_M511K385,NONE_L0,385整块-无突发,13,13,15.121876044039578,0.61349693251533743,0,4.9999999999999998e-08,true,50000,10000000,true
stage16_burst_interleaving_comparison_k200_ber_vs_snr,K200_M511K385,NONE_L0,385整块-无突发,13.5,13.5,15.621876044039578,0.61349693251533743,0,4.9999999999999998e-08,true,50000,10000000,true
stage16_burst_interleaving_comparison_k200_ber_vs_snr,K200_M511K385,NONE_L0,385整块-无突发,14,14,16.121876044039578,0.61349693251533743,0,4.9999999999999998e-08,true,50000,10000000,true
stage16_burst_interleaving_comparison_k200_ber_vs_snr,K200_M511K385,NONE_L0,385整块-无突发,14.5,14.5,16.621876044039578,0.61349693251533743,0,4.9999999999999998e-08,true,50000,10000000,true
stage16_burst_interleaving_comparison_k200_ber_vs_snr,K200_M511K385,NONE_L0,385整块-无突发,15,15,17.121876044039578,0.61349693251533743,0,4.9999999999999998e-08,true,50000,10000000,true
stage16_burst_interleaving_comparison_k200_ber_vs_snr,K200_M511K385,NONE_L0,385整块-无突发,15.5,15.5,17.621876044039578,0.61349693251533743,0,4.9999999999999998e-08,true,50000,10000000,true
stage16_burst_interleaving_comparison_k200_ber_vs_snr,K200_M511K385,NONE_L0,385整块-无突发,16,16,18.121876044039578,0.61349693251533743,0,4.9999999999999998e-08,true,50000,10000000,true
stage16_burst_interleaving_comparison_k200_ber_vs_snr,K200_M511K385,NONE_L0,385整块-无突发,16.5,16.5,18.621876044039578,0.61349693251533743,0,4.9999999999999998e-08,true,50000,10000000,true
stage16_burst_interleaving_comparison_k200_ber_vs_snr,K200_M511K385,NONE_L0,385整块-无突发,17,17,19.121876044039578,0.61349693251533743,0,4.9999999999999998e-08,true,50000,10000000,true
stage16_burst_interleaving_comparison_k200_ber_vs_snr,K200_M511K385,NONE_L0,385整块-无突发,17.5,17.5,19.621876044039578,0.61349693251533743,0,4.9999999999999998e-08,true,50000,10000000,true
stage16_burst_interleaving_comparison_k200_ber_vs_snr,K200_M511K385,NONE_L0,385整块-无突发,18,18,20.121876044039578,0.61349693251533743,0,4.9999999999999998e-08,true,50000,10000000,true
stage16_burst_interleaving_comparison_k200_ber_vs_snr,K200_M511K385,NONE_LREP,385整块-无交织突发,0,0,2.1218760440395781,0.61349693251533743,0.10831499999999999,0.10831499999999999,false,1000,200000,false
stage16_burst_interleaving_comparison_k200_ber_vs_snr,K200_M511K385,NONE_LREP,385整块-无交织突发,0.5,0.5,2.6218760440395781,0.61349693251533743,0.098220000000000002,0.098220000000000002,false,1000,200000,false
stage16_burst_interleaving_comparison_k200_ber_vs_snr,K200_M511K385,NONE_LREP,385整块-无交织突发,1,1,3.1218760440395781,0.61349693251533743,0.088450000000000001,0.088450000000000001,false,1000,200000,false
stage16_burst_interleaving_comparison_k200_ber_vs_snr,K200_M511K385,NONE_LREP,385整块-无交织突发,1.5,1.5,3.6218760440395781,0.61349693251533743,0.080274999999999999,0.080274999999999999,false,1000,200000,false
stage16_burst_interleaving_comparison_k200_ber_vs_snr,K200_M511K385,NONE_LREP,385整块-无交织突发,2,2,4.1218760440395776,0.61349693251533743,0.071940000000000004,0.071940000000000004,false,1000,200000,false
stage16_burst_interleaving_comparison_k200_ber_vs_snr,K200_M511K385,NONE_LREP,385整块-无交织突发,2.5,2.5,4.6218760440395776,0.61349693251533743,0.064850000000000005,0.064850000000000005,false,1000,200000,false
stage16_burst_interleaving_comparison_k200_ber_vs_snr,K200_M511K385,NONE_LREP,385整块-无交织突发,3,3,5.1218760440395776,0.61349693251533743,0.05586,0.05586,false,1000,200000,false
stage16_burst_interleaving_comparison_k200_ber_vs_snr,K200_M511K385,NONE_LREP,385整块-无交织突发,3.5,3.5,5.6218760440395776,0.61349693251533743,0.047945000000000002,0.047945000000000002,false,1000,200000,false
stage16_burst_interleaving_comparison_k200_ber_vs_snr,K200_M511K385,NONE_LREP,385整块-无交织突发,4,4,6.1218760440395776,0.61349693251533743,0.035529999999999999,0.035529999999999999,false,1000,200000,false
stage16_burst_interleaving_comparison_k200_ber_vs_snr,K200_M511K385,NONE_LREP,385整块-无交织突发,4.5,4.5,6.6218760440395776,0.61349693251533743,0.024025000000000001,0.024025000000000001,false,1000,200000,false
stage16_burst_interleaving_comparison_k200_ber_vs_snr,K200_M511K385,NONE_LREP,385整块-无交织突发,5,5,7.1218760440395776,0.61349693251533743,0.01192,0.01192,false,1000,200000,false
stage16_burst_interleaving_comparison_k200_ber_vs_snr,K200_M511K385,NONE_LREP,385整块-无交织突发,5.5,5.5,7.6218760440395776,0.61349693251533743,0.0054287369640787951,0.0054287369640787951,false,1726,345200,false
stage16_burst_interleaving_comparison_k200_ber_vs_snr,K200_M511K385,NONE_LREP,385整块-无交织突发,6,6,8.1218760440395776,0.61349693251533743,0.0019675272287212587,0.0019675272287212587,false,4958,991600,false
stage16_burst_interleaving_comparison_k200_ber_vs_snr,K200_M511K385,NONE_LREP,385整块-无交织突发,6.5,6.5,8.6218760440395776,0.61349693251533743,0.00051889573840793355,0.00051889573840793355,false,18655,3731000,false
stage16_burst_interleaving_comparison_k200_ber_vs_snr,K200_M511K385,NONE_LREP,385整块-无交织突发,7,7,9.1218760440395776,0.61349693251533743,8.3399999999999994e-05,8.3399999999999994e-05,false,50000,10000000,false
stage16_burst_interleaving_comparison_k200_ber_vs_snr,K200_M511K385,NONE_LREP,385整块-无交织突发,7.5,7.5,9.6218760440395776,0.61349693251533743,1.45e-05,1.45e-05,false,50000,10000000,false
stage16_burst_interleaving_comparison_k200_ber_vs_snr,K200_M511K385,NONE_LREP,385整块-无交织突发,8,8,10.121876044039578,0.61349693251533743,3.1999999999999999e-06,3.1999999999999999e-06,false,50000,10000000,false
stage16_burst_interleaving_comparison_k200_ber_vs_snr,K200_M511K385,NONE_LREP,385整块-无交织突发,8.5,8.5,10.621876044039578,0.61349693251533743,0,4.9999999999999998e-08,true,50000,10000000,true
stage16_burst_interleaving_comparison_k200_ber_vs_snr,K200_M511K385,NONE_LREP,385整块-无交织突发,9,9,11.121876044039578,0.61349693251533743,0,4.9999999999999998e-08,true,50000,10000000,true
stage16_burst_interleaving_comparison_k200_ber_vs_snr,K200_M511K385,NONE_LREP,385整块-无交织突发,9.5,9.5,11.621876044039578,0.61349693251533743,0,4.9999999999999998e-08,true,50000,10000000,true
stage16_burst_interleaving_comparison_k200_ber_vs_snr,K200_M511K385,NONE_LREP,385整块-无交织突发,10,10,12.121876044039578,0.61349693251533743,0,4.9999999999999998e-08,true,50000,10000000,true
stage16_burst_interleaving_comparison_k200_ber_vs_snr,K200_M511K385,NONE_LREP,385整块-无交织突发,10.5,10.5,12.621876044039578,0.61349693251533743,0,4.9999999999999998e-08,true,50000,10000000,true
stage16_burst_interleaving_comparison_k200_ber_vs_snr,K200_M511K385,NONE_LREP,385整块-无交织突发,11,11,13.121876044039578,0.61349693251533743,0,4.9999999999999998e-08,true,50000,10000000,true
stage16_burst_interleaving_comparison_k200_ber_vs_snr,K200_M511K385,NONE_LREP,385整块-无交织突发,11.5,11.5,13.621876044039578,0.61349693251533743,0,4.9999999999999998e-08,true,50000,10000000,true
stage16_burst_interleaving_comparison_k200_ber_vs_snr,K200_M511K385,NONE_LREP,385整块-无交织突发,12,12,14.121876044039578,0.61349693251533743,0,4.9999999999999998e-08,true,50000,10000000,true
stage16_burst_interleaving_comparison_k200_ber_vs_snr,K200_M511K385,NONE_LREP,385整块-无交织突发,12.5,12.5,14.621876044039578,0.61349693251533743,0,4.9999999999999998e-08,true,50000,10000000,true
stage16_burst_interleaving_comparison_k200_ber_vs_snr,K200_M511K385,NONE_LREP,385整块-无交织突发,13,13,15.121876044039578,0.61349693251533743,0,4.9999999999999998e-08,true,50000,10000000,true
stage16_burst_interleaving_comparison_k200_ber_vs_snr,K200_M511K385,NONE_LREP,385整块-无交织突发,13.5,13.5,15.621876044039578,0.61349693251533743,0,4.9999999999999998e-08,true,50000,10000000,true
stage16_burst_interleaving_comparison_k200_ber_vs_snr,K200_M511K385,NONE_LREP,385整块-无交织突发,14,14,16.121876044039578,0.61349693251533743,0,4.9999999999999998e-08,true,50000,10000000,true
stage16_burst_interleaving_comparison_k200_ber_vs_snr,K200_M511K385,NONE_LREP,385整块-无交织突发,14.5,14.5,16.621876044039578,0.61349693251533743,0,4.9999999999999998e-08,true,50000,10000000,true
stage16_burst_interleaving_comparison_k200_ber_vs_snr,K200_M511K385,NONE_LREP,385整块-无交织突发,15,15,17.121876044039578,0.61349693251533743,0,4.9999999999999998e-08,true,50000,10000000,true
stage16_burst_interleaving_comparison_k200_ber_vs_snr,K200_M511K385,NONE_LREP,385整块-无交织突发,15.5,15.5,17.621876044039578,0.61349693251533743,0,4.9999999999999998e-08,true,50000,10000000,true
stage16_burst_interleaving_comparison_k200_ber_vs_snr,K200_M511K385,NONE_LREP,385整块-无交织突发,16,16,18.121876044039578,0.61349693251533743,0,4.9999999999999998e-08,true,50000,10000000,true
stage16_burst_interleaving_comparison_k200_ber_vs_snr,K200_M511K385,NONE_LREP,385整块-无交织突发,16.5,16.5,18.621876044039578,0.61349693251533743,0,4.9999999999999998e-08,true,50000,10000000,true
stage16_burst_interleaving_comparison_k200_ber_vs_snr,K200_M511K385,NONE_LREP,385整块-无交织突发,17,17,19.121876044039578,0.61349693251533743,0,4.9999999999999998e-08,true,50000,10000000,true
stage16_burst_interleaving_comparison_k200_ber_vs_snr,K200_M511K385,NONE_LREP,385整块-无交织突发,17.5,17.5,19.621876044039578,0.61349693251533743,0,4.9999999999999998e-08,true,50000,10000000,true
stage16_burst_interleaving_comparison_k200_ber_vs_snr,K200_M511K385,NONE_LREP,385整块-无交织突发,18,18,20.121876044039578,0.61349693251533743,0,4.9999999999999998e-08,true,50000,10000000,true
stage16_burst_interleaving_comparison_k200_ber_vs_snr,K200_M511K385,BEST_LREP,385整块-最佳交织突发,0,0,2.1218760440395781,0.61349693251533743,0.10989500000000001,0.10989500000000001,false,1000,200000,false
stage16_burst_interleaving_comparison_k200_ber_vs_snr,K200_M511K385,BEST_LREP,385整块-最佳交织突发,0.5,0.5,2.6218760440395781,0.61349693251533743,0.098409999999999997,0.098409999999999997,false,1000,200000,false
stage16_burst_interleaving_comparison_k200_ber_vs_snr,K200_M511K385,BEST_LREP,385整块-最佳交织突发,1,1,3.1218760440395781,0.61349693251533743,0.089834999999999998,0.089834999999999998,false,1000,200000,false
stage16_burst_interleaving_comparison_k200_ber_vs_snr,K200_M511K385,BEST_LREP,385整块-最佳交织突发,1.5,1.5,3.6218760440395781,0.61349693251533743,0.079159999999999994,0.079159999999999994,false,1000,200000,false
stage16_burst_interleaving_comparison_k200_ber_vs_snr,K200_M511K385,BEST_LREP,385整块-最佳交织突发,2,2,4.1218760440395776,0.61349693251533743,0.071565000000000004,0.071565000000000004,false,1000,200000,false
stage16_burst_interleaving_comparison_k200_ber_vs_snr,K200_M511K385,BEST_LREP,385整块-最佳交织突发,2.5,2.5,4.6218760440395776,0.61349693251533743,0.064265000000000003,0.064265000000000003,false,1000,200000,false
stage16_burst_interleaving_comparison_k200_ber_vs_snr,K200_M511K385,BEST_LREP,385整块-最佳交织突发,3,3,5.1218760440395776,0.61349693251533743,0.055995000000000003,0.055995000000000003,false,1000,200000,false
stage16_burst_interleaving_comparison_k200_ber_vs_snr,K200_M511K385,BEST_LREP,385整块-最佳交织突发,3.5,3.5,5.6218760440395776,0.61349693251533743,0.048015000000000002,0.048015000000000002,false,1000,200000,false
stage16_burst_interleaving_comparison_k200_ber_vs_snr,K200_M511K385,BEST_LREP,385整块-最佳交织突发,4,4,6.1218760440395776,0.61349693251533743,0.036880000000000003,0.036880000000000003,false,1000,200000,false
stage16_burst_interleaving_comparison_k200_ber_vs_snr,K200_M511K385,BEST_LREP,385整块-最佳交织突发,4.5,4.5,6.6218760440395776,0.61349693251533743,0.024805000000000001,0.024805000000000001,false,1000,200000,false
stage16_burst_interleaving_comparison_k200_ber_vs_snr,K200_M511K385,BEST_LREP,385整块-最佳交织突发,5,5,7.1218760440395776,0.61349693251533743,0.012959999999999999,0.012959999999999999,false,1000,200000,false
stage16_burst_interleaving_comparison_k200_ber_vs_snr,K200_M511K385,BEST_LREP,385整块-最佳交织突发,5.5,5.5,7.6218760440395776,0.61349693251533743,0.006233509234828496,0.006233509234828496,false,1516,303200,false
stage16_burst_interleaving_comparison_k200_ber_vs_snr,K200_M511K385,BEST_LREP,385整块-最佳交织突发,6,6,8.1218760440395776,0.61349693251533743,0.0017970565453137102,0.0017970565453137102,false,5164,1032800,false
stage16_burst_interleaving_comparison_k200_ber_vs_snr,K200_M511K385,BEST_LREP,385整块-最佳交织突发,6.5,6.5,8.6218760440395776,0.61349693251533743,0.00050868624077260362,0.00050868624077260362,false,18017,3603400,false
stage16_burst_interleaving_comparison_k200_ber_vs_snr,K200_M511K385,BEST_LREP,385整块-最佳交织突发,7,7,9.1218760440395776,0.61349693251533743,0.0001027,0.0001027,false,50000,10000000,false
stage16_burst_interleaving_comparison_k200_ber_vs_snr,K200_M511K385,BEST_LREP,385整块-最佳交织突发,7.5,7.5,9.6218760440395776,0.61349693251533743,1.3699999999999999e-05,1.3699999999999999e-05,false,50000,10000000,false
stage16_burst_interleaving_comparison_k200_ber_vs_snr,K200_M511K385,BEST_LREP,385整块-最佳交织突发,8,8,10.121876044039578,0.61349693251533743,1.7e-06,1.7e-06,false,50000,10000000,false
stage16_burst_interleaving_comparison_k200_ber_vs_snr,K200_M511K385,BEST_LREP,385整块-最佳交织突发,8.5,8.5,10.621876044039578,0.61349693251533743,0,4.9999999999999998e-08,true,50000,10000000,true
stage16_burst_interleaving_comparison_k200_ber_vs_snr,K200_M511K385,BEST_LREP,385整块-最佳交织突发,9,9,11.121876044039578,0.61349693251533743,0,4.9999999999999998e-08,true,50000,10000000,true
stage16_burst_interleaving_comparison_k200_ber_vs_snr,K200_M511K385,BEST_LREP,385整块-最佳交织突发,9.5,9.5,11.621876044039578,0.61349693251533743,0,4.9999999999999998e-08,true,50000,10000000,true
stage16_burst_interleaving_comparison_k200_ber_vs_snr,K200_M511K385,BEST_LREP,385整块-最佳交织突发,10,10,12.121876044039578,0.61349693251533743,0,4.9999999999999998e-08,true,50000,10000000,true
stage16_burst_interleaving_comparison_k200_ber_vs_snr,K200_M511K385,BEST_LREP,385整块-最佳交织突发,10.5,10.5,12.621876044039578,0.61349693251533743,0,4.9999999999999998e-08,true,50000,10000000,true
stage16_burst_interleaving_comparison_k200_ber_vs_snr,K200_M511K385,BEST_LREP,385整块-最佳交织突发,11,11,13.121876044039578,0.61349693251533743,0,4.9999999999999998e-08,true,50000,10000000,true
stage16_burst_interleaving_comparison_k200_ber_vs_snr,K200_M511K385,BEST_LREP,385整块-最佳交织突发,11.5,11.5,13.621876044039578,0.61349693251533743,0,4.9999999999999998e-08,true,50000,10000000,true
stage16_burst_interleaving_comparison_k200_ber_vs_snr,K200_M511K385,BEST_LREP,385整块-最佳交织突发,12,12,14.121876044039578,0.61349693251533743,0,4.9999999999999998e-08,true,50000,10000000,true
stage16_burst_interleaving_comparison_k200_ber_vs_snr,K200_M511K385,BEST_LREP,385整块-最佳交织突发,12.5,12.5,14.621876044039578,0.61349693251533743,0,4.9999999999999998e-08,true,50000,10000000,true
stage16_burst_interleaving_comparison_k200_ber_vs_snr,K200_M511K385,BEST_LREP,385整块-最佳交织突发,13,13,15.121876044039578,0.61349693251533743,0,4.9999999999999998e-08,true,50000,10000000,true
stage16_burst_interleaving_comparison_k200_ber_vs_snr,K200_M511K385,BEST_LREP,385整块-最佳交织突发,13.5,13.5,15.621876044039578,0.61349693251533743,0,4.9999999999999998e-08,true,50000,10000000,true
stage16_burst_interleaving_comparison_k200_ber_vs_snr,K200_M511K385,BEST_LREP,385整块-最佳交织突发,14,14,16.121876044039578,0.61349693251533743,0,4.9999999999999998e-08,true,50000,10000000,true
stage16_burst_interleaving_comparison_k200_ber_vs_snr,K200_M511K385,BEST_LREP,385整块-最佳交织突发,14.5,14.5,16.621876044039578,0.61349693251533743,0,4.9999999999999998e-08,true,50000,10000000,true
stage16_burst_interleaving_comparison_k200_ber_vs_snr,K200_M511K385,BEST_LREP,385整块-最佳交织突发,15,15,17.121876044039578,0.61349693251533743,0,4.9999999999999998e-08,true,50000,10000000,true
stage16_burst_interleaving_comparison_k200_ber_vs_snr,K200_M511K385,BEST_LREP,385整块-最佳交织突发,15.5,15.5,17.621876044039578,0.61349693251533743,0,4.9999999999999998e-08,true,50000,10000000,true
stage16_burst_interleaving_comparison_k200_ber_vs_snr,K200_M511K385,BEST_LREP,385整块-最佳交织突发,16,16,18.121876044039578,0.61349693251533743,0,4.9999999999999998e-08,true,50000,10000000,true
stage16_burst_interleaving_comparison_k200_ber_vs_snr,K200_M511K385,BEST_LREP,385整块-最佳交织突发,16.5,16.5,18.621876044039578,0.61349693251533743,0,4.9999999999999998e-08,true,50000,10000000,true
stage16_burst_interleaving_comparison_k200_ber_vs_snr,K200_M511K385,BEST_LREP,385整块-最佳交织突发,17,17,19.121876044039578,0.61349693251533743,0,4.9999999999999998e-08,true,50000,10000000,true
stage16_burst_interleaving_comparison_k200_ber_vs_snr,K200_M511K385,BEST_LREP,385整块-最佳交织突发,17.5,17.5,19.621876044039578,0.61349693251533743,0,4.9999999999999998e-08,true,50000,10000000,true
stage16_burst_interleaving_comparison_k200_ber_vs_snr,K200_M511K385,BEST_LREP,385整块-最佳交织突发,18,18,20.121876044039578,0.61349693251533743,0,4.9999999999999998e-08,true,50000,10000000,true
