caseName,channel,sourcePayloadEbN0Db,frameRate,snrDb,FER
BCH-S300,AWGN,5,0.7142857142857143,3.53871964321762,0.51500000000000001
BCH-S300,AWGN,5.2000000000000002,0.7142857142857143,3.7387196432176202,0.42280000000000001
BCH-S300,AWGN,5.4000000000000004,0.7142857142857143,3.9387196432176204,0.35680000000000001
BCH-S300,AWGN,5.5999999999999996,0.7142857142857143,4.1387196432176196,0.2994
BCH-S300,AWGN,5.7999999999999998,0.7142857142857143,4.3387196432176198,0.22320000000000001
BCH-S300,AWGN,6,0.7142857142857143,4.53871964321762,0.17760000000000001
BCH-S300,AWGN,6.2000000000000002,0.7142857142857143,4.7387196432176202,0.13739999999999999
BCH-S300,AWGN,6.4000000000000004,0.7142857142857143,4.9387196432176204,0.1022
BCH-S300,AWGN,6.5999999999999996,0.7142857142857143,5.1387196432176196,0.074800000000000005
BCH-S300,AWGN,6.7999999999999998,0.7142857142857143,5.3387196432176198,0.057599999999999998
BCH-S300,AWGN,7,0.7142857142857143,5.53871964321762,0.0402
BCH-S300,AWGN,7.2000000000000002,0.7142857142857143,5.7387196432176202,0.024962556165751371
BCH-S300,AWGN,7.4000000000000004,0.7142857142857143,5.9387196432176204,0.016627868307283005
BCH-S300,AWGN,7.5999999999999996,0.7142857142857143,6.1387196432176196,0.012337301832089321
BCH-S300,AWGN,7.7999999999999998,0.7142857142857143,6.3387196432176198,0.0084012433840208352
BCH-S300,AWGN,8,0.7142857142857143,6.53871964321762,0.0055680837439795097
BCH-S300,AWGN,8.1999999999999993,0.7142857142857143,6.7387196432176193,0.00314
BCH-S300,AWGN,8.4000000000000004,0.7142857142857143,6.9387196432176204,0.0020400000000000001
BCH-S300,AWGN,8.5999999999999996,0.7142857142857143,7.1387196432176196,0.00116
BCH-S300,AWGN,8.8000000000000007,0.7142857142857143,7.3387196432176207,0.00072000000000000005
BCH-S300,AWGN,9,0.7142857142857143,7.53871964321762,0.00046000000000000001
BCH-S300,MULTIPATH,8,0.7142857142857143,6.53871964321762,0.65000000000000002
BCH-S300,MULTIPATH,8.1999999999999993,0.7142857142857143,6.7387196432176193,0.60419999999999996
BCH-S300,MULTIPATH,8.4000000000000004,0.7142857142857143,6.9387196432176204,0.55179999999999996
BCH-S300,MULTIPATH,8.5999999999999996,0.7142857142857143,7.1387196432176196,0.51200000000000001
BCH-S300,MULTIPATH,8.8000000000000007,0.7142857142857143,7.3387196432176207,0.4652
BCH-S300,MULTIPATH,9,0.7142857142857143,7.53871964321762,0.43319999999999997
BCH-S300,MULTIPATH,9.1999999999999993,0.7142857142857143,7.7387196432176193,0.38979999999999998
BCH-S300,MULTIPATH,9.4000000000000004,0.7142857142857143,7.9387196432176204,0.34799999999999998
BCH-S300,MULTIPATH,9.5999999999999996,0.7142857142857143,8.1387196432176196,0.31780000000000003
BCH-S300,MULTIPATH,9.8000000000000007,0.7142857142857143,8.3387196432176207,0.29160000000000003
BCH-S300,MULTIPATH,10,0.7142857142857143,8.53871964321762,0.2492
BCH-S300,MULTIPATH,10.199999999999999,0.7142857142857143,8.7387196432176193,0.218
BCH-S300,MULTIPATH,10.4,0.7142857142857143,8.9387196432176204,0.18579999999999999
BCH-S300,MULTIPATH,10.6,0.7142857142857143,9.1387196432176196,0.1706
BCH-S300,MULTIPATH,10.800000000000001,0.7142857142857143,9.3387196432176207,0.14779999999999999
BCH-S300,MULTIPATH,11,0.7142857142857143,9.53871964321762,0.12820000000000001
BCH-S300,MULTIPATH,11.199999999999999,0.7142857142857143,9.7387196432176193,0.11119999999999999
BCH-S300,MULTIPATH,11.4,0.7142857142857143,9.9387196432176204,0.097799999999999998
BCH-S300,MULTIPATH,11.6,0.7142857142857143,10.13871964321762,0.078200000000000006
BCH-S300,MULTIPATH,11.800000000000001,0.7142857142857143,10.338719643217621,0.066600000000000006
BCH-S300,MULTIPATH,12,0.7142857142857143,10.53871964321762,0.061199999999999997
BCH-S300,MULTIPATH,12.199999999999999,0.7142857142857143,10.738719643217619,0.048399999999999999
BCH-S300,MULTIPATH,12.4,0.7142857142857143,10.93871964321762,0.041399999999999999
BCH-S300,MULTIPATH,12.6,0.7142857142857143,11.13871964321762,0.035874439461883408
BCH-S300,MULTIPATH,12.800000000000001,0.7142857142857143,11.338719643217621,0.031113876789047916
BCH-S300,MULTIPATH,13,0.7142857142857143,11.53871964321762,0.025588536335721598
BCH-S300,MULTIPATH,13.199999999999999,0.7142857142857143,11.738719643217619,0.019657951641438961
BCH-S300,MULTIPATH,13.4,0.7142857142857143,11.93871964321762,0.015934985260138635
BCH-S300,MULTIPATH,13.6,0.7142857142857143,12.13871964321762,0.013689253935660506
BCH-S300,MULTIPATH,13.800000000000001,0.7142857142857143,12.338719643217621,0.011837821840781295
BCH-S300,MULTIPATH,14,0.7142857142857143,12.53871964321762,0.008775393795796586
BCH-S300,MULTIPATH,14.199999999999999,0.7142857142857143,12.738719643217619,0.007415097137772505
BCH-S300,MULTIPATH,14.4,0.7142857142857143,12.93871964321762,0.0058496636443404505
BCH-S300,MULTIPATH,14.6,0.7142857142857143,13.13871964321762,0.0047709923664122139
BCH-S300,MULTIPATH,14.800000000000001,0.7142857142857143,13.338719643217621,0.0042024752579269192
BCH-S300,MULTIPATH,15,0.7142857142857143,13.53871964321762,0.0033999999999999998
BCH-S300,MULTIPATH,15.199999999999999,0.7142857142857143,13.738719643217619,0.0027399999999999998
BCH-S300,MULTIPATH,15.4,0.7142857142857143,13.93871964321762,0.00192
BCH-S300,MULTIPATH,15.6,0.7142857142857143,14.13871964321762,0.0016000000000000001
BCH-S300,MULTIPATH,15.800000000000001,0.7142857142857143,14.338719643217621,0.0011800000000000001
BCH-S300,MULTIPATH,16,0.7142857142857143,14.53871964321762,0.00106
BCH-S300,MULTIPATH,16.199999999999999,0.7142857142857143,14.738719643217619,0.00085999999999999998
BCH-S300,MULTIPATH,16.399999999999999,0.7142857142857143,14.938719643217619,0.00042000000000000002
BCH-B300,AWGN,4,0.76923076923076927,2.8605664769316324,0.35980000000000001
BCH-B300,AWGN,4.2000000000000002,0.76923076923076927,3.0605664769316325,0.2424
BCH-B300,AWGN,4.4000000000000004,0.76923076923076927,3.2605664769316327,0.14799999999999999
BCH-B300,AWGN,4.5999999999999996,0.76923076923076927,3.460566476931632,0.086199999999999999
BCH-B300,AWGN,4.7999999999999998,0.76923076923076927,3.6605664769316322,0.047600000000000003
BCH-B300,AWGN,5,0.76923076923076927,3.8605664769316324,0.020876826722338204
BCH-B300,AWGN,5.2000000000000002,0.76923076923076927,4.0605664769316325,0.0081903435849133878
BCH-B300,AWGN,5.4000000000000004,0.76923076923076927,4.2605664769316327,0.0031800000000000001
BCH-B300,AWGN,5.5,0.76923076923076927,4.3605664769316324,0.0017600000000000001
BCH-B300,MULTIPATH,6,0.76923076923076927,4.8605664769316324,0.64700000000000002
BCH-B300,MULTIPATH,6.2000000000000002,0.76923076923076927,5.0605664769316325,0.56659999999999999
BCH-B300,MULTIPATH,6.4000000000000004,0.76923076923076927,5.2605664769316327,0.47020000000000001
BCH-B300,MULTIPATH,6.5999999999999996,0.76923076923076927,5.460566476931632,0.37819999999999998
BCH-B300,MULTIPATH,6.7999999999999998,0.76923076923076927,5.6605664769316322,0.30420000000000003
BCH-B300,MULTIPATH,7,0.76923076923076927,5.8605664769316324,0.2286
BCH-B300,MULTIPATH,7.2000000000000002,0.76923076923076927,6.0605664769316325,0.17879999999999999
BCH-B300,MULTIPATH,7.4000000000000004,0.76923076923076927,6.2605664769316327,0.125
BCH-B300,MULTIPATH,7.5999999999999996,0.76923076923076927,6.460566476931632,0.092200000000000004
BCH-B300,MULTIPATH,7.7999999999999998,0.76923076923076927,6.6605664769316322,0.060999999999999999
BCH-B300,MULTIPATH,8,0.76923076923076927,6.8605664769316324,0.042000000000000003
BCH-B300,MULTIPATH,8.1999999999999993,0.76923076923076927,7.0605664769316316,0.027326137450471376
BCH-B300,MULTIPATH,8.4000000000000004,0.76923076923076927,7.2605664769316327,0.016799664006719867
BCH-B300,MULTIPATH,8.5999999999999996,0.76923076923076927,7.460566476931632,0.010282247699347078
BCH-B300,MULTIPATH,8.8000000000000007,0.76923076923076927,7.6605664769316331,0.006929046563192905
BCH-B300,MULTIPATH,9,0.76923076923076927,7.8605664769316324,0.00396
BCH-B300,MULTIPATH,9.1999999999999993,0.76923076923076927,8.0605664769316316,0.0025400000000000002
BCH-B300,MULTIPATH,9.4000000000000004,0.76923076923076927,8.2605664769316327,0.00148
BCH-B300,MULTIPATH,9.5999999999999996,0.76923076923076927,8.460566476931632,0.00077999999999999999
BCH-B300,MULTIPATH,9.8000000000000007,0.76923076923076927,8.6605664769316331,0.00048000000000000001
BCH-B300,MULTIPATH,10,0.76923076923076927,8.8605664769316324,0.00013999999999999999
BCH-B300-426,AWGN,4,0.70422535211267601,2.4771165561694346,0.29720000000000002
BCH-B300-426,AWGN,4.2000000000000002,0.70422535211267601,2.6771165561694348,0.18759999999999999
BCH-B300-426,AWGN,4.4000000000000004,0.70422535211267601,2.877116556169435,0.113
BCH-B300-426,AWGN,4.5999999999999996,0.70422535211267601,3.0771165561694342,0.050200000000000002
BCH-B300-426,AWGN,4.7999999999999998,0.70422535211267601,3.2771165561694344,0.022660321776569226
BCH-B300-426,AWGN,5,0.70422535211267601,3.4771165561694346,0.0087554174145252368
BCH-B300-426,AWGN,5.2000000000000002,0.70422535211267601,3.6771165561694348,0.0025400000000000002
BCH-B300-426,AWGN,5.4000000000000004,0.70422535211267601,3.877116556169435,0.00080000000000000004
BCH-B300-426,AWGN,5.5,0.70422535211267601,3.9771165561694346,0.00066
BCH-B300-426,MULTIPATH,6,0.70422535211267601,4.4771165561694346,0.56020000000000003
BCH-B300-426,MULTIPATH,6.2000000000000002,0.70422535211267601,4.6771165561694348,0.46639999999999998
BCH-B300-426,MULTIPATH,6.4000000000000004,0.70422535211267601,4.877116556169435,0.3634
BCH-B300-426,MULTIPATH,6.5999999999999996,0.70422535211267601,5.0771165561694342,0.28039999999999998
BCH-B300-426,MULTIPATH,6.7999999999999998,0.70422535211267601,5.2771165561694344,0.2084
BCH-B300-426,MULTIPATH,7,0.70422535211267601,5.4771165561694346,0.13639999999999999
BCH-B300-426,MULTIPATH,7.2000000000000002,0.70422535211267601,5.6771165561694348,0.105
BCH-B300-426,MULTIPATH,7.4000000000000004,0.70422535211267601,5.877116556169435,0.065799999999999997
BCH-B300-426,MULTIPATH,7.5999999999999996,0.70422535211267601,6.0771165561694342,0.041200000000000001
BCH-B300-426,MULTIPATH,7.7999999999999998,0.70422535211267601,6.2771165561694344,0.025977399662293805
BCH-B300-426,MULTIPATH,8,0.70422535211267601,6.4771165561694346,0.016161616161616162
BCH-B300-426,MULTIPATH,8.1999999999999993,0.70422535211267601,6.6771165561694339,0.0084828434491241462
BCH-B300-426,MULTIPATH,8.4000000000000004,0.70422535211267601,6.877116556169435,0.0051918384299880589
BCH-B300-426,MULTIPATH,8.5999999999999996,0.70422535211267601,7.0771165561694342,0.0027000000000000001
BCH-B300-426,MULTIPATH,8.8000000000000007,0.70422535211267601,7.2771165561694353,0.00142
BCH-B300-426,MULTIPATH,9,0.70422535211267601,7.4771165561694346,0.00072000000000000005
