figureId,sourceCsv,sourceRowId,sourceRowSha256,caseId,payloadLength,legendLabel,styleId,snrIndex,snrDb,snrLinear,ebn0Db,actualRate,encodedLength,metric,rawNumerator,rawDenominator,rawY,plotY,isZeroObserved,zeroObservedStatus,plotSurrogateUsed,plotSurrogateFormula,oneSided95UpperBound,totalFrames,stopReason
stage07_awgn_dense_formal_k200_fer,stage07_awgn_dense_formal_results.csv,38,fe3a8dde58b70a91f516c43583690890b0d7839c650f5c0b1b7d99bbef96fc6f,K200_M255K207,200,255整块200,STYLE_2,0,0,1,-2.0760831050174611,0.80645161290322576,248,fer,1000,1000,1,1,false,OBSERVED_ERROR_RATE,false,none,0.0030000000000000001,1000,TARGET_FRAME_ERRORS_REACHED
stage07_awgn_dense_formal_k200_fer,stage07_awgn_dense_formal_results.csv,39,3ca93613951da26375a829514c15339b1950ee54dfae6bb23ca454d079598cdb,K200_M255K207,200,255整块200,STYLE_2,1,0.5,1.1220184543019633,-1.5760831050174611,0.80645161290322576,248,fer,1000,1000,1,1,false,OBSERVED_ERROR_RATE,false,none,0.0030000000000000001,1000,TARGET_FRAME_ERRORS_REACHED
stage07_awgn_dense_formal_k200_fer,stage07_awgn_dense_formal_results.csv,40,ae1043acb67e0bb7ef41782871be4fb1e37d3b895ae194bd9922f036aa31307b,K200_M255K207,200,255整块200,STYLE_2,2,1,1.2589254117941673,-1.0760831050174611,0.80645161290322576,248,fer,1000,1000,1,1,false,OBSERVED_ERROR_RATE,false,none,0.0030000000000000001,1000,TARGET_FRAME_ERRORS_REACHED
stage07_awgn_dense_formal_k200_fer,stage07_awgn_dense_formal_results.csv,41,7a98c8eec34393b7f61be682aef175f738df1171ac16c0be9063f3780288f5b7,K200_M255K207,200,255整块200,STYLE_2,3,1.5,1.4125375446227544,-0.57608310501746107,0.80645161290322576,248,fer,1000,1000,1,1,false,OBSERVED_ERROR_RATE,false,none,0.0030000000000000001,1000,TARGET_FRAME_ERRORS_REACHED
stage07_awgn_dense_formal_k200_fer,stage07_awgn_dense_formal_results.csv,42,ee9b6ae123d64cfbf99d90e71ed51d4692a6076bc83cb089884b7b37aa5ec59f,K200_M255K207,200,255整块200,STYLE_2,4,2,1.5848931924611136,-0.076083105017461072,0.80645161290322576,248,fer,1000,1000,1,1,false,OBSERVED_ERROR_RATE,false,none,0.0030000000000000001,1000,TARGET_FRAME_ERRORS_REACHED
stage07_awgn_dense_formal_k200_fer,stage07_awgn_dense_formal_results.csv,43,26a89b16592e3028ff9cb2d96fb73c355ea7c0052b5f8b69fa6d4ee98ea2c317,K200_M255K207,200,255整块200,STYLE_2,5,2.5,1.7782794100389228,0.42391689498253893,0.80645161290322576,248,fer,1000,1000,1,1,false,OBSERVED_ERROR_RATE,false,none,0.0030000000000000001,1000,TARGET_FRAME_ERRORS_REACHED
stage07_awgn_dense_formal_k200_fer,stage07_awgn_dense_formal_results.csv,44,398ae6e2585f217a80ea5f59091951bc0fa636e95836eea5d38cb50e5da52ec2,K200_M255K207,200,255整块200,STYLE_2,6,3,1.9952623149688795,0.92391689498253893,0.80645161290322576,248,fer,1000,1000,1,1,false,OBSERVED_ERROR_RATE,false,none,0.0030000000000000001,1000,TARGET_FRAME_ERRORS_REACHED
stage07_awgn_dense_formal_k200_fer,stage07_awgn_dense_formal_results.csv,45,e7fd5ed2919c72098c6979616538d6243c5bb4c47b05ef1697f8bd7b3fd4e28d,K200_M255K207,200,255整块200,STYLE_2,7,3.5,2.2387211385683394,1.4239168949825389,0.80645161290322576,248,fer,997,1000,0.997,0.997,false,OBSERVED_ERROR_RATE,false,none,0.0030000000000000001,1000,TARGET_FRAME_ERRORS_REACHED
stage07_awgn_dense_formal_k200_fer,stage07_awgn_dense_formal_results.csv,46,02d82275075d3fbf5632e893d7caa34a59b98ddfe24ba9999d9283b30c1a5e83,K200_M255K207,200,255整块200,STYLE_2,8,4,2.5118864315095801,1.9239168949825389,0.80645161290322576,248,fer,993,1000,0.99299999999999999,0.99299999999999999,false,OBSERVED_ERROR_RATE,false,none,0.0030000000000000001,1000,TARGET_FRAME_ERRORS_REACHED
stage07_awgn_dense_formal_k200_fer,stage07_awgn_dense_formal_results.csv,47,da2d94a2df63422204685fb1af892aa3310cbfecadfd6834c76e2ab799351d58,K200_M255K207,200,255整块200,STYLE_2,9,4.5,2.8183829312644537,2.4239168949825389,0.80645161290322576,248,fer,962,1000,0.96199999999999997,0.96199999999999997,false,OBSERVED_ERROR_RATE,false,none,0.0030000000000000001,1000,TARGET_FRAME_ERRORS_REACHED
stage07_awgn_dense_formal_k200_fer,stage07_awgn_dense_formal_results.csv,48,d2d5c03c7423a4808e43b8732695bf793084cc8fcc6ece763c6cac1cc83fd91f,K200_M255K207,200,255整块200,STYLE_2,10,5,3.1622776601683795,2.9239168949825389,0.80645161290322576,248,fer,829,1000,0.82899999999999996,0.82899999999999996,false,OBSERVED_ERROR_RATE,false,none,0.0030000000000000001,1000,TARGET_FRAME_ERRORS_REACHED
stage07_awgn_dense_formal_k200_fer,stage07_awgn_dense_formal_results.csv,49,eea54319c9b3b014faa65476427d734ab75fd26a1cdac9a4ad330e8c7a66d79d,K200_M255K207,200,255整块200,STYLE_2,11,5.5,3.548133892335755,3.4239168949825389,0.80645161290322576,248,fer,580,1000,0.57999999999999996,0.57999999999999996,false,OBSERVED_ERROR_RATE,false,none,0.0030000000000000001,1000,TARGET_FRAME_ERRORS_REACHED
stage07_awgn_dense_formal_k200_fer,stage07_awgn_dense_formal_results.csv,50,aba8f4fc18208e642ac139956bbbd9015842005d19e45f5ed2c7a97770096311,K200_M255K207,200,255整块200,STYLE_2,12,6,3.9810717055349722,3.9239168949825389,0.80645161290322576,248,fer,367,1000,0.36699999999999999,0.36699999999999999,false,OBSERVED_ERROR_RATE,false,none,0.0030000000000000001,1000,TARGET_FRAME_ERRORS_REACHED
stage07_awgn_dense_formal_k200_fer,stage07_awgn_dense_formal_results.csv,51,43bc2b8a18596f02a90c156c48450cc1e2ef18e273b16cd3ac0e6a891ebb0827,K200_M255K207,200,255整块200,STYLE_2,13,6.5,4.4668359215096318,4.4239168949825389,0.80645161290322576,248,fer,200,1464,0.13661202185792351,0.13661202185792351,false,OBSERVED_ERROR_RATE,false,none,0.0020491803278688526,1464,TARGET_FRAME_ERRORS_REACHED
stage07_awgn_dense_formal_k200_fer,stage07_awgn_dense_formal_results.csv,52,d146c7907334008abc0a7813c997c274bbfe8c03a44ae261296d0def37a89780,K200_M255K207,200,255整块200,STYLE_2,14,7,5.011872336272722,4.9239168949825389,0.80645161290322576,248,fer,200,5041,0.039674667724657803,0.039674667724657803,false,OBSERVED_ERROR_RATE,false,none,0.00059512001586986714,5041,TARGET_FRAME_ERRORS_REACHED
stage07_awgn_dense_formal_k200_fer,stage07_awgn_dense_formal_results.csv,53,a0d44c1048d6e4a4f9b212a891fe2a57c058b7f32c0fe20ec321bdd705442a73,K200_M255K207,200,255整块200,STYLE_2,15,7.5,5.6234132519034912,5.4239168949825389,0.80645161290322576,248,fer,200,28585,0.0069966765786251533,0.0069966765786251533,false,OBSERVED_ERROR_RATE,false,none,0.0001049501486793773,28585,TARGET_FRAME_ERRORS_REACHED
stage07_awgn_dense_formal_k200_fer,stage07_awgn_dense_formal_results.csv,54,46097f385037ad86a5256b0ada8d15d02baa326623afbecd4d21a9ee7757ecda,K200_M255K207,200,255整块200,STYLE_2,16,8,6.3095734448019334,5.9239168949825389,0.80645161290322576,248,fer,60,50000,0.0011999999999999999,0.0011999999999999999,false,OBSERVED_ERROR_RATE,false,none,6.0000000000000002e-05,50000,MAX_FRAMES_REACHED
stage07_awgn_dense_formal_k200_fer,stage07_awgn_dense_formal_results.csv,55,b54fd0e3b24047e8763c8215dd37c212097a25885de9a872bdb416196a680c6d,K200_M255K207,200,255整块200,STYLE_2,17,8.5,7.0794578438413787,6.4239168949825389,0.80645161290322576,248,fer,3,50000,6.0000000000000002e-05,6.0000000000000002e-05,false,OBSERVED_ERROR_RATE,false,none,6.0000000000000002e-05,50000,MAX_FRAMES_REACHED
stage07_awgn_dense_formal_k200_fer,stage07_awgn_dense_formal_results.csv,56,1b26133a4c9f8f11b2a11fe0428f283be3c51b1f9854abc0a760ecd345cfb24e,K200_M255K207,200,255整块200,STYLE_2,18,9,7.9432823472428158,6.9239168949825389,0.80645161290322576,248,fer,0,50000,0,6.0000000000000002e-05,true,ZERO_OBSERVED_CENSORED,true,3/totalFrames,6.0000000000000002e-05,50000,MAX_FRAMES_REACHED
stage07_awgn_dense_formal_k200_fer,stage07_awgn_dense_formal_results.csv,57,8f9d453b2280597f842d8a226224e211a0d3d24126d29e2aa2a0819b25d80e46,K200_M255K207,200,255整块200,STYLE_2,19,9.5,8.9125093813374541,7.4239168949825389,0.80645161290322576,248,fer,0,50000,0,6.0000000000000002e-05,true,ZERO_OBSERVED_CENSORED,true,3/totalFrames,6.0000000000000002e-05,50000,MAX_FRAMES_REACHED
stage07_awgn_dense_formal_k200_fer,stage07_awgn_dense_formal_results.csv,58,996483547cb9be49acc493acde4b946494e9bdbb09a558bbb1be43582d8c584e,K200_M255K207,200,255整块200,STYLE_2,20,10,10,7.9239168949825389,0.80645161290322576,248,fer,0,50000,0,6.0000000000000002e-05,true,ZERO_OBSERVED_CENSORED,true,3/totalFrames,6.0000000000000002e-05,50000,MAX_FRAMES_REACHED
stage07_awgn_dense_formal_k200_fer,stage07_awgn_dense_formal_results.csv,59,8fbf0707f4b4fb23dc0be42b303b5b37dc9843297e6ee07aed4f3803978e085e,K200_M255K207,200,255整块200,STYLE_2,21,10.5,11.220184543019636,8.4239168949825398,0.80645161290322576,248,fer,0,50000,0,6.0000000000000002e-05,true,ZERO_OBSERVED_CENSORED,true,3/totalFrames,6.0000000000000002e-05,50000,MAX_FRAMES_REACHED
stage07_awgn_dense_formal_k200_fer,stage07_awgn_dense_formal_results.csv,60,477ff5ade874c96901f8633f85efca2f12399896b704a72314e244f115c5e347,K200_M255K207,200,255整块200,STYLE_2,22,11,12.589254117941675,8.9239168949825398,0.80645161290322576,248,fer,0,50000,0,6.0000000000000002e-05,true,ZERO_OBSERVED_CENSORED,true,3/totalFrames,6.0000000000000002e-05,50000,MAX_FRAMES_REACHED
stage07_awgn_dense_formal_k200_fer,stage07_awgn_dense_formal_results.csv,61,6391378ace3cc0dd417f469a7150aaee91a32f25f64c1a6640517bab0b347d49,K200_M255K207,200,255整块200,STYLE_2,23,11.5,14.12537544622754,9.4239168949825398,0.80645161290322576,248,fer,0,50000,0,6.0000000000000002e-05,true,ZERO_OBSERVED_CENSORED,true,3/totalFrames,6.0000000000000002e-05,50000,MAX_FRAMES_REACHED
stage07_awgn_dense_formal_k200_fer,stage07_awgn_dense_formal_results.csv,62,774e36149f822e3ac889e892261f493e7e3688c46fee854a90b43a33855c1ff0,K200_M255K207,200,255整块200,STYLE_2,24,12,15.848931924611133,9.9239168949825398,0.80645161290322576,248,fer,0,50000,0,6.0000000000000002e-05,true,ZERO_OBSERVED_CENSORED,true,3/totalFrames,6.0000000000000002e-05,50000,MAX_FRAMES_REACHED
stage07_awgn_dense_formal_k200_fer,stage07_awgn_dense_formal_results.csv,63,edef7012e956ab7b23c108b80ba064047745a30dbec2208041c8eb31434e952a,K200_M255K207,200,255整块200,STYLE_2,25,12.5,17.782794100389228,10.42391689498254,0.80645161290322576,248,fer,0,50000,0,6.0000000000000002e-05,true,ZERO_OBSERVED_CENSORED,true,3/totalFrames,6.0000000000000002e-05,50000,MAX_FRAMES_REACHED
stage07_awgn_dense_formal_k200_fer,stage07_awgn_dense_formal_results.csv,64,fe3887a9855c7260031484ad371f3c4fbe858f636399367c495a4c9893f8bc8a,K200_M255K207,200,255整块200,STYLE_2,26,13,19.952623149688797,10.92391689498254,0.80645161290322576,248,fer,0,50000,0,6.0000000000000002e-05,true,ZERO_OBSERVED_CENSORED,true,3/totalFrames,6.0000000000000002e-05,50000,MAX_FRAMES_REACHED
stage07_awgn_dense_formal_k200_fer,stage07_awgn_dense_formal_results.csv,65,0e12b791863dc7ffb55ad4415e2fc96c1eaf88ba94e3e757bee9c7830491f32e,K200_M255K207,200,255整块200,STYLE_2,27,13.5,22.387211385683401,11.42391689498254,0.80645161290322576,248,fer,0,50000,0,6.0000000000000002e-05,true,ZERO_OBSERVED_CENSORED,true,3/totalFrames,6.0000000000000002e-05,50000,MAX_FRAMES_REACHED
stage07_awgn_dense_formal_k200_fer,stage07_awgn_dense_formal_results.csv,66,151eec4327e03eb6062d6724187718c09da37cce6631689c856dd7d88bbf6ce6,K200_M255K207,200,255整块200,STYLE_2,28,14,25.118864315095795,11.92391689498254,0.80645161290322576,248,fer,0,50000,0,6.0000000000000002e-05,true,ZERO_OBSERVED_CENSORED,true,3/totalFrames,6.0000000000000002e-05,50000,MAX_FRAMES_REACHED
stage07_awgn_dense_formal_k200_fer,stage07_awgn_dense_formal_results.csv,67,22b63a9ed862f990baed2bafadd8aadf2df90fc555a1a3c49d75c3a4ac1be2af,K200_M255K207,200,255整块200,STYLE_2,29,14.5,28.183829312644534,12.42391689498254,0.80645161290322576,248,fer,0,50000,0,6.0000000000000002e-05,true,ZERO_OBSERVED_CENSORED,true,3/totalFrames,6.0000000000000002e-05,50000,MAX_FRAMES_REACHED
stage07_awgn_dense_formal_k200_fer,stage07_awgn_dense_formal_results.csv,68,bf6d6c0c3a0a4778ee30710f6410fd9f52b4164b799c050c094da8b07598c417,K200_M255K207,200,255整块200,STYLE_2,30,15,31.622776601683793,12.92391689498254,0.80645161290322576,248,fer,0,50000,0,6.0000000000000002e-05,true,ZERO_OBSERVED_CENSORED,true,3/totalFrames,6.0000000000000002e-05,50000,MAX_FRAMES_REACHED
stage07_awgn_dense_formal_k200_fer,stage07_awgn_dense_formal_results.csv,69,a08783e17922b30ce98230dd6308f32836e89a02d34324c428f5dd8f5e5f8630,K200_M255K207,200,255整块200,STYLE_2,31,15.5,35.481338923357548,13.42391689498254,0.80645161290322576,248,fer,0,50000,0,6.0000000000000002e-05,true,ZERO_OBSERVED_CENSORED,true,3/totalFrames,6.0000000000000002e-05,50000,MAX_FRAMES_REACHED
stage07_awgn_dense_formal_k200_fer,stage07_awgn_dense_formal_results.csv,70,7fcd5f2f301c069049f42775f96381b724c9c18e688ea7cedaa001e56aa87d94,K200_M255K207,200,255整块200,STYLE_2,32,16,39.810717055349734,13.92391689498254,0.80645161290322576,248,fer,0,50000,0,6.0000000000000002e-05,true,ZERO_OBSERVED_CENSORED,true,3/totalFrames,6.0000000000000002e-05,50000,MAX_FRAMES_REACHED
stage07_awgn_dense_formal_k200_fer,stage07_awgn_dense_formal_results.csv,71,7607eb5c7512e2865a8245e3f1a24742d26e0528112de73cfa762b4d08776769,K200_M255K207,200,255整块200,STYLE_2,33,16.5,44.668359215096302,14.42391689498254,0.80645161290322576,248,fer,0,50000,0,6.0000000000000002e-05,true,ZERO_OBSERVED_CENSORED,true,3/totalFrames,6.0000000000000002e-05,50000,MAX_FRAMES_REACHED
stage07_awgn_dense_formal_k200_fer,stage07_awgn_dense_formal_results.csv,72,1114b56ffd498610b0e06d4f0485aa31ee4852fd7c085bd03a66abcff4d60c4f,K200_M255K207,200,255整块200,STYLE_2,34,17,50.118723362727224,14.92391689498254,0.80645161290322576,248,fer,0,50000,0,6.0000000000000002e-05,true,ZERO_OBSERVED_CENSORED,true,3/totalFrames,6.0000000000000002e-05,50000,MAX_FRAMES_REACHED
stage07_awgn_dense_formal_k200_fer,stage07_awgn_dense_formal_results.csv,73,f169bfe88f7ad0db605bcc796926a31e08279ed67c4d31398258f57cb12fae6e,K200_M255K207,200,255整块200,STYLE_2,35,17.5,56.234132519034908,15.42391689498254,0.80645161290322576,248,fer,0,50000,0,6.0000000000000002e-05,true,ZERO_OBSERVED_CENSORED,true,3/totalFrames,6.0000000000000002e-05,50000,MAX_FRAMES_REACHED
stage07_awgn_dense_formal_k200_fer,stage07_awgn_dense_formal_results.csv,74,5ed531ffe9d2021cd3ac99b7839b6f8a27ecb330beca4120c50ca3790e315918,K200_M255K207,200,255整块200,STYLE_2,36,18,63.095734448019329,15.92391689498254,0.80645161290322576,248,fer,0,50000,0,6.0000000000000002e-05,true,ZERO_OBSERVED_CENSORED,true,3/totalFrames,6.0000000000000002e-05,50000,MAX_FRAMES_REACHED
stage07_awgn_dense_formal_k200_fer,stage07_awgn_dense_formal_results.csv,112,ca06efa06e79057a78f2639e087457ccdeb41ccccaf4b48cfe684dea64ee7e2e,K200_M511K385,200,385整块200,STYLE_4,0,0,1,-0.88842391260023401,0.61349693251533743,326,fer,1000,1000,1,1,false,OBSERVED_ERROR_RATE,false,none,0.0030000000000000001,1000,TARGET_FRAME_ERRORS_REACHED
stage07_awgn_dense_formal_k200_fer,stage07_awgn_dense_formal_results.csv,113,81e35063463c2da9ba0a7aef5ac4c951cdcd7b5a7afe5beb2cc5fbd218c5effe,K200_M511K385,200,385整块200,STYLE_4,1,0.5,1.1220184543019633,-0.38842391260023401,0.61349693251533743,326,fer,1000,1000,1,1,false,OBSERVED_ERROR_RATE,false,none,0.0030000000000000001,1000,TARGET_FRAME_ERRORS_REACHED
stage07_awgn_dense_formal_k200_fer,stage07_awgn_dense_formal_results.csv,114,5c734ff52dc04e09878e6c07a5aa26595cc642a91524f4c382fba908c73c5f25,K200_M511K385,200,385整块200,STYLE_4,2,1,1.2589254117941673,0.11157608739976599,0.61349693251533743,326,fer,1000,1000,1,1,false,OBSERVED_ERROR_RATE,false,none,0.0030000000000000001,1000,TARGET_FRAME_ERRORS_REACHED
stage07_awgn_dense_formal_k200_fer,stage07_awgn_dense_formal_results.csv,115,b56cd2af193b979b1c4ebed617abcab8321be686856a19a7df9100fb5c9bdbe3,K200_M511K385,200,385整块200,STYLE_4,3,1.5,1.4125375446227544,0.61157608739976599,0.61349693251533743,326,fer,1000,1000,1,1,false,OBSERVED_ERROR_RATE,false,none,0.0030000000000000001,1000,TARGET_FRAME_ERRORS_REACHED
stage07_awgn_dense_formal_k200_fer,stage07_awgn_dense_formal_results.csv,116,56d53a7e21312342a64e01660e131ce59742c21a5f147675ae950eabec622936,K200_M511K385,200,385整块200,STYLE_4,4,2,1.5848931924611136,1.111576087399766,0.61349693251533743,326,fer,1000,1000,1,1,false,OBSERVED_ERROR_RATE,false,none,0.0030000000000000001,1000,TARGET_FRAME_ERRORS_REACHED
stage07_awgn_dense_formal_k200_fer,stage07_awgn_dense_formal_results.csv,117,a3d682443e4b0d43495a9b6cda8c82780dec2da551ab27bf57ef61afa67f0108,K200_M511K385,200,385整块200,STYLE_4,5,2.5,1.7782794100389228,1.611576087399766,0.61349693251533743,326,fer,1000,1000,1,1,false,OBSERVED_ERROR_RATE,false,none,0.0030000000000000001,1000,TARGET_FRAME_ERRORS_REACHED
stage07_awgn_dense_formal_k200_fer,stage07_awgn_dense_formal_results.csv,118,0d3a188dfc044ca57e0a91cfb39200ebed19db6f8aca2154d875752c11a1bd7c,K200_M511K385,200,385整块200,STYLE_4,6,3,1.9952623149688795,2.111576087399766,0.61349693251533743,326,fer,989,1000,0.98899999999999999,0.98899999999999999,false,OBSERVED_ERROR_RATE,false,none,0.0030000000000000001,1000,TARGET_FRAME_ERRORS_REACHED
stage07_awgn_dense_formal_k200_fer,stage07_awgn_dense_formal_results.csv,119,94244578d1793e81c75155bfeab2fdd48617e9d803fdc43679d892b184ffb5d2,K200_M511K385,200,385整块200,STYLE_4,7,3.5,2.2387211385683394,2.611576087399766,0.61349693251533743,326,fer,962,1000,0.96199999999999997,0.96199999999999997,false,OBSERVED_ERROR_RATE,false,none,0.0030000000000000001,1000,TARGET_FRAME_ERRORS_REACHED
stage07_awgn_dense_formal_k200_fer,stage07_awgn_dense_formal_results.csv,120,c48ce1d6b0007f202e6d66ac9b5b07d0a4f37a19e619d3d165ee5bc0c869b764,K200_M511K385,200,385整块200,STYLE_4,8,4,2.5118864315095801,3.111576087399766,0.61349693251533743,326,fer,823,1000,0.82299999999999995,0.82299999999999995,false,OBSERVED_ERROR_RATE,false,none,0.0030000000000000001,1000,TARGET_FRAME_ERRORS_REACHED
stage07_awgn_dense_formal_k200_fer,stage07_awgn_dense_formal_results.csv,121,7b0ec4b56bfd47538c51701150f4b5940663eb145ae74aba15f71af966fbd9dd,K200_M511K385,200,385整块200,STYLE_4,9,4.5,2.8183829312644537,3.611576087399766,0.61349693251533743,326,fer,561,1000,0.56100000000000005,0.56100000000000005,false,OBSERVED_ERROR_RATE,false,none,0.0030000000000000001,1000,TARGET_FRAME_ERRORS_REACHED
stage07_awgn_dense_formal_k200_fer,stage07_awgn_dense_formal_results.csv,122,d8f9584ced0bcad9b3ca6cdf6bb5d07da62d3da0325b0439dad64699442f02bc,K200_M511K385,200,385整块200,STYLE_4,10,5,3.1622776601683795,4.111576087399766,0.61349693251533743,326,fer,235,1000,0.23499999999999999,0.23499999999999999,false,OBSERVED_ERROR_RATE,false,none,0.0030000000000000001,1000,TARGET_FRAME_ERRORS_REACHED
stage07_awgn_dense_formal_k200_fer,stage07_awgn_dense_formal_results.csv,123,c40d3a00b1e0356f44e9e00766a54c86ad1dce6389dcf7e633f326ee8ead560d,K200_M511K385,200,385整块200,STYLE_4,11,5.5,3.548133892335755,4.611576087399766,0.61349693251533743,326,fer,200,2963,0.067499156260546742,0.067499156260546742,false,OBSERVED_ERROR_RATE,false,none,0.0010124873439082012,2963,TARGET_FRAME_ERRORS_REACHED
stage07_awgn_dense_formal_k200_fer,stage07_awgn_dense_formal_results.csv,124,0f0a3033d27133ccb00a27e4fa6b95b3f80be2e1d9df9d590c7bc80ec515855f,K200_M511K385,200,385整块200,STYLE_4,12,6,3.9810717055349722,5.111576087399766,0.61349693251533743,326,fer,200,23451,0.0085284209628587269,0.0085284209628587269,false,OBSERVED_ERROR_RATE,false,none,0.00012792631444288091,23451,TARGET_FRAME_ERRORS_REACHED
stage07_awgn_dense_formal_k200_fer,stage07_awgn_dense_formal_results.csv,125,89d6bcc90d4f891672925ce3fb48d5f8473a43b9d864f012cd77118c1248d8bb,K200_M511K385,200,385整块200,STYLE_4,13,6.5,4.4668359215096318,5.611576087399766,0.61349693251533743,326,fer,42,50000,0.00084000000000000003,0.00084000000000000003,false,OBSERVED_ERROR_RATE,false,none,6.0000000000000002e-05,50000,MAX_FRAMES_REACHED
stage07_awgn_dense_formal_k200_fer,stage07_awgn_dense_formal_results.csv,126,e60267eb0a5ce53bdbff2fe391c2293d92a32f54e151734cf82687f5e14ffdf1,K200_M511K385,200,385整块200,STYLE_4,14,7,5.011872336272722,6.111576087399766,0.61349693251533743,326,fer,0,50000,0,6.0000000000000002e-05,true,ZERO_OBSERVED_CENSORED,true,3/totalFrames,6.0000000000000002e-05,50000,MAX_FRAMES_REACHED
stage07_awgn_dense_formal_k200_fer,stage07_awgn_dense_formal_results.csv,127,4688729923e70dbc1f24dd45740780cd5b98158cfc90e0e4516fee8d27a7713e,K200_M511K385,200,385整块200,STYLE_4,15,7.5,5.6234132519034912,6.611576087399766,0.61349693251533743,326,fer,0,50000,0,6.0000000000000002e-05,true,ZERO_OBSERVED_CENSORED,true,3/totalFrames,6.0000000000000002e-05,50000,MAX_FRAMES_REACHED
stage07_awgn_dense_formal_k200_fer,stage07_awgn_dense_formal_results.csv,128,a6f157fde01ca2b6f7b333cf9e1b74f8c9c332f1fffe783f6d117d92ed17aabe,K200_M511K385,200,385整块200,STYLE_4,16,8,6.3095734448019334,7.111576087399766,0.61349693251533743,326,fer,0,50000,0,6.0000000000000002e-05,true,ZERO_OBSERVED_CENSORED,true,3/totalFrames,6.0000000000000002e-05,50000,MAX_FRAMES_REACHED
stage07_awgn_dense_formal_k200_fer,stage07_awgn_dense_formal_results.csv,129,bc3d75afb0f5460ae222e972bb9f6d66ca166367dd29430d89b3732363d86f2f,K200_M511K385,200,385整块200,STYLE_4,17,8.5,7.0794578438413787,7.611576087399766,0.61349693251533743,326,fer,0,50000,0,6.0000000000000002e-05,true,ZERO_OBSERVED_CENSORED,true,3/totalFrames,6.0000000000000002e-05,50000,MAX_FRAMES_REACHED
stage07_awgn_dense_formal_k200_fer,stage07_awgn_dense_formal_results.csv,130,dac76cf573643116fe23a5c56c888b058e224d8f80d14cfb8d1c8d74a9bba0c3,K200_M511K385,200,385整块200,STYLE_4,18,9,7.9432823472428158,8.1115760873997651,0.61349693251533743,326,fer,0,50000,0,6.0000000000000002e-05,true,ZERO_OBSERVED_CENSORED,true,3/totalFrames,6.0000000000000002e-05,50000,MAX_FRAMES_REACHED
stage07_awgn_dense_formal_k200_fer,stage07_awgn_dense_formal_results.csv,131,fe9ba17cba4c29f0589a3880b4a794f9b4241db458886a4cbb7dce03e9b31b9b,K200_M511K385,200,385整块200,STYLE_4,19,9.5,8.9125093813374541,8.6115760873997651,0.61349693251533743,326,fer,0,50000,0,6.0000000000000002e-05,true,ZERO_OBSERVED_CENSORED,true,3/totalFrames,6.0000000000000002e-05,50000,MAX_FRAMES_REACHED
stage07_awgn_dense_formal_k200_fer,stage07_awgn_dense_formal_results.csv,132,0baba4ed23b292e9ded261c58c823fcb7214e05662d35cd164b4c97576e4ee20,K200_M511K385,200,385整块200,STYLE_4,20,10,10,9.1115760873997651,0.61349693251533743,326,fer,0,50000,0,6.0000000000000002e-05,true,ZERO_OBSERVED_CENSORED,true,3/totalFrames,6.0000000000000002e-05,50000,MAX_FRAMES_REACHED
stage07_awgn_dense_formal_k200_fer,stage07_awgn_dense_formal_results.csv,133,d2d322d39d16785fc707f4fc564d8c3d2d2518b1f89e7c51d08e6ae88ce019bf,K200_M511K385,200,385整块200,STYLE_4,21,10.5,11.220184543019636,9.6115760873997651,0.61349693251533743,326,fer,0,50000,0,6.0000000000000002e-05,true,ZERO_OBSERVED_CENSORED,true,3/totalFrames,6.0000000000000002e-05,50000,MAX_FRAMES_REACHED
stage07_awgn_dense_formal_k200_fer,stage07_awgn_dense_formal_results.csv,134,4b0ccaa09733af2f332aee30d7c4f7703a9285b86ceddccb6c1dd79b3e159f83,K200_M511K385,200,385整块200,STYLE_4,22,11,12.589254117941675,10.111576087399765,0.61349693251533743,326,fer,0,50000,0,6.0000000000000002e-05,true,ZERO_OBSERVED_CENSORED,true,3/totalFrames,6.0000000000000002e-05,50000,MAX_FRAMES_REACHED
stage07_awgn_dense_formal_k200_fer,stage07_awgn_dense_formal_results.csv,135,49cddb6d789bc85c79e42d7eafc09c7fb114165b4bae020e8730747d41259942,K200_M511K385,200,385整块200,STYLE_4,23,11.5,14.12537544622754,10.611576087399765,0.61349693251533743,326,fer,0,50000,0,6.0000000000000002e-05,true,ZERO_OBSERVED_CENSORED,true,3/totalFrames,6.0000000000000002e-05,50000,MAX_FRAMES_REACHED
stage07_awgn_dense_formal_k200_fer,stage07_awgn_dense_formal_results.csv,136,cf9fce6c543b73af7dec2b093de0dbd38697e961df81c92e02611f39d7436db0,K200_M511K385,200,385整块200,STYLE_4,24,12,15.848931924611133,11.111576087399765,0.61349693251533743,326,fer,0,50000,0,6.0000000000000002e-05,true,ZERO_OBSERVED_CENSORED,true,3/totalFrames,6.0000000000000002e-05,50000,MAX_FRAMES_REACHED
stage07_awgn_dense_formal_k200_fer,stage07_awgn_dense_formal_results.csv,137,d08b087752a619f0c8ca97ac73e5af55bd125d608c1f0aa0fae41df1190e368b,K200_M511K385,200,385整块200,STYLE_4,25,12.5,17.782794100389228,11.611576087399765,0.61349693251533743,326,fer,0,50000,0,6.0000000000000002e-05,true,ZERO_OBSERVED_CENSORED,true,3/totalFrames,6.0000000000000002e-05,50000,MAX_FRAMES_REACHED
stage07_awgn_dense_formal_k200_fer,stage07_awgn_dense_formal_results.csv,138,4d83a44c7cfc4a42805e538b317f1fe65e226b575f0c63b751ca72a77fe64078,K200_M511K385,200,385整块200,STYLE_4,26,13,19.952623149688797,12.111576087399765,0.61349693251533743,326,fer,0,50000,0,6.0000000000000002e-05,true,ZERO_OBSERVED_CENSORED,true,3/totalFrames,6.0000000000000002e-05,50000,MAX_FRAMES_REACHED
stage07_awgn_dense_formal_k200_fer,stage07_awgn_dense_formal_results.csv,139,f80d425974c656928acdcd48a6cc4f396a4a68b17063d4216f40430e52a837bd,K200_M511K385,200,385整块200,STYLE_4,27,13.5,22.387211385683401,12.611576087399765,0.61349693251533743,326,fer,0,50000,0,6.0000000000000002e-05,true,ZERO_OBSERVED_CENSORED,true,3/totalFrames,6.0000000000000002e-05,50000,MAX_FRAMES_REACHED
stage07_awgn_dense_formal_k200_fer,stage07_awgn_dense_formal_results.csv,140,599e0a82da98f9d0d8deac25f861b013893895c6422e3a6dfb93a716994c8d68,K200_M511K385,200,385整块200,STYLE_4,28,14,25.118864315095795,13.111576087399765,0.61349693251533743,326,fer,0,50000,0,6.0000000000000002e-05,true,ZERO_OBSERVED_CENSORED,true,3/totalFrames,6.0000000000000002e-05,50000,MAX_FRAMES_REACHED
stage07_awgn_dense_formal_k200_fer,stage07_awgn_dense_formal_results.csv,141,311501327ca056095a2559533853313fb3e10adc2cbbdd80d09fd3853a05493b,K200_M511K385,200,385整块200,STYLE_4,29,14.5,28.183829312644534,13.611576087399765,0.61349693251533743,326,fer,0,50000,0,6.0000000000000002e-05,true,ZERO_OBSERVED_CENSORED,true,3/totalFrames,6.0000000000000002e-05,50000,MAX_FRAMES_REACHED
stage07_awgn_dense_formal_k200_fer,stage07_awgn_dense_formal_results.csv,142,69c78fc04779de723514404808e669b9f8d27bb52ac6390bd127cec6269b6c2e,K200_M511K385,200,385整块200,STYLE_4,30,15,31.622776601683793,14.111576087399765,0.61349693251533743,326,fer,0,50000,0,6.0000000000000002e-05,true,ZERO_OBSERVED_CENSORED,true,3/totalFrames,6.0000000000000002e-05,50000,MAX_FRAMES_REACHED
stage07_awgn_dense_formal_k200_fer,stage07_awgn_dense_formal_results.csv,143,6b5fd89c684cfe510cca652872376b4eb96ffae96c007181208f4c1cc0bffa52,K200_M511K385,200,385整块200,STYLE_4,31,15.5,35.481338923357548,14.611576087399765,0.61349693251533743,326,fer,0,50000,0,6.0000000000000002e-05,true,ZERO_OBSERVED_CENSORED,true,3/totalFrames,6.0000000000000002e-05,50000,MAX_FRAMES_REACHED
stage07_awgn_dense_formal_k200_fer,stage07_awgn_dense_formal_results.csv,144,ff7d6f4a664e5a4c9f9177652fbb0bb423a4610d1fef62deb32b5bbea0cb91e8,K200_M511K385,200,385整块200,STYLE_4,32,16,39.810717055349734,15.111576087399765,0.61349693251533743,326,fer,0,50000,0,6.0000000000000002e-05,true,ZERO_OBSERVED_CENSORED,true,3/totalFrames,6.0000000000000002e-05,50000,MAX_FRAMES_REACHED
stage07_awgn_dense_formal_k200_fer,stage07_awgn_dense_formal_results.csv,145,95059351dda116cf8f34df7843387adcb41590f2e445a37476e00dc2f00ce57c,K200_M511K385,200,385整块200,STYLE_4,33,16.5,44.668359215096302,15.611576087399765,0.61349693251533743,326,fer,0,50000,0,6.0000000000000002e-05,true,ZERO_OBSERVED_CENSORED,true,3/totalFrames,6.0000000000000002e-05,50000,MAX_FRAMES_REACHED
stage07_awgn_dense_formal_k200_fer,stage07_awgn_dense_formal_results.csv,146,0e4ac5cdd32b7eace2bc7511b503b2a238de13aa9da8da71d23017533fbef4ea,K200_M511K385,200,385整块200,STYLE_4,34,17,50.118723362727224,16.111576087399765,0.61349693251533743,326,fer,0,50000,0,6.0000000000000002e-05,true,ZERO_OBSERVED_CENSORED,true,3/totalFrames,6.0000000000000002e-05,50000,MAX_FRAMES_REACHED
stage07_awgn_dense_formal_k200_fer,stage07_awgn_dense_formal_results.csv,147,20cf3ee0424d8580ca4144572744c2f1fc2e3955b5b2bf542f257a5d2bad7923,K200_M511K385,200,385整块200,STYLE_4,35,17.5,56.234132519034908,16.611576087399765,0.61349693251533743,326,fer,0,50000,0,6.0000000000000002e-05,true,ZERO_OBSERVED_CENSORED,true,3/totalFrames,6.0000000000000002e-05,50000,MAX_FRAMES_REACHED
stage07_awgn_dense_formal_k200_fer,stage07_awgn_dense_formal_results.csv,148,448d62b67678741ca71083d3bbacd506cdfa5ec27da63d44cfb13b81bca6f101,K200_M511K385,200,385整块200,STYLE_4,36,18,63.095734448019329,17.111576087399765,0.61349693251533743,326,fer,0,50000,0,6.0000000000000002e-05,true,ZERO_OBSERVED_CENSORED,true,3/totalFrames,6.0000000000000002e-05,50000,MAX_FRAMES_REACHED
stage07_awgn_dense_formal_k200_fer,stage07_awgn_dense_formal_results.csv,75,cada770596cd90b750fd66602acf8c65afbbf298381c2f09e59a3b9a0bbead2f,K200_M511K421,200,421整块200,STYLE_3,0,0,1,-1.3966199342900634,0.68965517241379315,290,fer,1000,1000,1,1,false,OBSERVED_ERROR_RATE,false,none,0.0030000000000000001,1000,TARGET_FRAME_ERRORS_REACHED
stage07_awgn_dense_formal_k200_fer,stage07_awgn_dense_formal_results.csv,76,f4a9d1bf9c36bae7c240697a4c01d696a1680ef402e377963c0b8106732bd0f8,K200_M511K421,200,421整块200,STYLE_3,1,0.5,1.1220184543019633,-0.89661993429006337,0.68965517241379315,290,fer,1000,1000,1,1,false,OBSERVED_ERROR_RATE,false,none,0.0030000000000000001,1000,TARGET_FRAME_ERRORS_REACHED
stage07_awgn_dense_formal_k200_fer,stage07_awgn_dense_formal_results.csv,77,b16773c501fda01eb9171805003d6c31a61eff5c68d7b13a1ad1bf90f54ee6dd,K200_M511K421,200,421整块200,STYLE_3,2,1,1.2589254117941673,-0.39661993429006337,0.68965517241379315,290,fer,1000,1000,1,1,false,OBSERVED_ERROR_RATE,false,none,0.0030000000000000001,1000,TARGET_FRAME_ERRORS_REACHED
stage07_awgn_dense_formal_k200_fer,stage07_awgn_dense_formal_results.csv,78,8200bd719e2ea353868601c2d8da2a6ac63ff0aa9d5210cd4de181fad9e1a17b,K200_M511K421,200,421整块200,STYLE_3,3,1.5,1.4125375446227544,0.10338006570993663,0.68965517241379315,290,fer,1000,1000,1,1,false,OBSERVED_ERROR_RATE,false,none,0.0030000000000000001,1000,TARGET_FRAME_ERRORS_REACHED
stage07_awgn_dense_formal_k200_fer,stage07_awgn_dense_formal_results.csv,79,3dd9c14a836c27ffe6344334d51867ed1a25cd2838ccdfce85f88f1706052313,K200_M511K421,200,421整块200,STYLE_3,4,2,1.5848931924611136,0.60338006570993663,0.68965517241379315,290,fer,1000,1000,1,1,false,OBSERVED_ERROR_RATE,false,none,0.0030000000000000001,1000,TARGET_FRAME_ERRORS_REACHED
stage07_awgn_dense_formal_k200_fer,stage07_awgn_dense_formal_results.csv,80,026c1056ebb6aa24fa89b6a5b9321c844eaa45c74326261d97aa7f8622947a5c,K200_M511K421,200,421整块200,STYLE_3,5,2.5,1.7782794100389228,1.1033800657099366,0.68965517241379315,290,fer,1000,1000,1,1,false,OBSERVED_ERROR_RATE,false,none,0.0030000000000000001,1000,TARGET_FRAME_ERRORS_REACHED
stage07_awgn_dense_formal_k200_fer,stage07_awgn_dense_formal_results.csv,81,0bee04f8e252f08e56059825ee1cd4a19e096a6692b784295619e2ca0c540b21,K200_M511K421,200,421整块200,STYLE_3,6,3,1.9952623149688795,1.6033800657099366,0.68965517241379315,290,fer,997,1000,0.997,0.997,false,OBSERVED_ERROR_RATE,false,none,0.0030000000000000001,1000,TARGET_FRAME_ERRORS_REACHED
stage07_awgn_dense_formal_k200_fer,stage07_awgn_dense_formal_results.csv,82,ed5416d51caeba109304295823be9bb47ead5918921766ac5d883fb0d0f325a6,K200_M511K421,200,421整块200,STYLE_3,7,3.5,2.2387211385683394,2.1033800657099366,0.68965517241379315,290,fer,986,1000,0.98599999999999999,0.98599999999999999,false,OBSERVED_ERROR_RATE,false,none,0.0030000000000000001,1000,TARGET_FRAME_ERRORS_REACHED
stage07_awgn_dense_formal_k200_fer,stage07_awgn_dense_formal_results.csv,83,ca2f1355262df09cbedd9f3bd5e2ec3c61aa2ddda24daec76390c328174236d2,K200_M511K421,200,421整块200,STYLE_3,8,4,2.5118864315095801,2.6033800657099366,0.68965517241379315,290,fer,950,1000,0.94999999999999996,0.94999999999999996,false,OBSERVED_ERROR_RATE,false,none,0.0030000000000000001,1000,TARGET_FRAME_ERRORS_REACHED
stage07_awgn_dense_formal_k200_fer,stage07_awgn_dense_formal_results.csv,84,229c58d7a9c582893e3843c9d99b7d4ce4a46af77aa0521db5b73c63d20b4d4a,K200_M511K421,200,421整块200,STYLE_3,9,4.5,2.8183829312644537,3.1033800657099366,0.68965517241379315,290,fer,813,1000,0.81299999999999994,0.81299999999999994,false,OBSERVED_ERROR_RATE,false,none,0.0030000000000000001,1000,TARGET_FRAME_ERRORS_REACHED
stage07_awgn_dense_formal_k200_fer,stage07_awgn_dense_formal_results.csv,85,c0f6b7ee1c5d26b4b700e64d59128d3518d310e7b1d4cfe2daae5d76c63c663b,K200_M511K421,200,421整块200,STYLE_3,10,5,3.1622776601683795,3.6033800657099366,0.68965517241379315,290,fer,562,1000,0.56200000000000006,0.56200000000000006,false,OBSERVED_ERROR_RATE,false,none,0.0030000000000000001,1000,TARGET_FRAME_ERRORS_REACHED
stage07_awgn_dense_formal_k200_fer,stage07_awgn_dense_formal_results.csv,86,d7bf10de7ba9bbed16de660038cdba5d98a61e760b52e1977a89685070d9bed7,K200_M511K421,200,421整块200,STYLE_3,11,5.5,3.548133892335755,4.1033800657099366,0.68965517241379315,290,fer,243,1000,0.24299999999999999,0.24299999999999999,false,OBSERVED_ERROR_RATE,false,none,0.0030000000000000001,1000,TARGET_FRAME_ERRORS_REACHED
stage07_awgn_dense_formal_k200_fer,stage07_awgn_dense_formal_results.csv,87,65cf43ff15778edc312f58c0188a66ff65ecaeb40cb109bba72c9deed5e97894,K200_M511K421,200,421整块200,STYLE_3,12,6,3.9810717055349722,4.6033800657099366,0.68965517241379315,290,fer,200,2540,0.07874015748031496,0.07874015748031496,false,OBSERVED_ERROR_RATE,false,none,0.0011811023622047244,2540,TARGET_FRAME_ERRORS_REACHED
stage07_awgn_dense_formal_k200_fer,stage07_awgn_dense_formal_results.csv,88,89c3030fae1c70ed9cdf925702d007f7633b597e735d6a6eb1d5cbec3a1ca8e1,K200_M511K421,200,421整块200,STYLE_3,13,6.5,4.4668359215096318,5.1033800657099366,0.68965517241379315,290,fer,200,17578,0.011377858686995108,0.011377858686995108,false,OBSERVED_ERROR_RATE,false,none,0.00017066788030492661,17578,TARGET_FRAME_ERRORS_REACHED
stage07_awgn_dense_formal_k200_fer,stage07_awgn_dense_formal_results.csv,89,6f5e610bc0d89b8ac7539fe4bb6b34ca075acb8a40af2ce5d31deffe6247c19b,K200_M511K421,200,421整块200,STYLE_3,14,7,5.011872336272722,5.6033800657099366,0.68965517241379315,290,fer,49,50000,0.00097999999999999997,0.00097999999999999997,false,OBSERVED_ERROR_RATE,false,none,6.0000000000000002e-05,50000,MAX_FRAMES_REACHED
stage07_awgn_dense_formal_k200_fer,stage07_awgn_dense_formal_results.csv,90,1a7c062c4261daadb410f33c83644d9e884a8d739e23c3d4d7cb85dde518b6b0,K200_M511K421,200,421整块200,STYLE_3,15,7.5,5.6234132519034912,6.1033800657099366,0.68965517241379315,290,fer,3,50000,6.0000000000000002e-05,6.0000000000000002e-05,false,OBSERVED_ERROR_RATE,false,none,6.0000000000000002e-05,50000,MAX_FRAMES_REACHED
stage07_awgn_dense_formal_k200_fer,stage07_awgn_dense_formal_results.csv,91,95d27c4128f1aba7e34a931dbc8b0eb67a99f28a6067188ae183c70209e0a232,K200_M511K421,200,421整块200,STYLE_3,16,8,6.3095734448019334,6.6033800657099366,0.68965517241379315,290,fer,0,50000,0,6.0000000000000002e-05,true,ZERO_OBSERVED_CENSORED,true,3/totalFrames,6.0000000000000002e-05,50000,MAX_FRAMES_REACHED
stage07_awgn_dense_formal_k200_fer,stage07_awgn_dense_formal_results.csv,92,1fc2969a3d93338e20e094d592d3734274407e578f71c6629000f1fb234d0059,K200_M511K421,200,421整块200,STYLE_3,17,8.5,7.0794578438413787,7.1033800657099366,0.68965517241379315,290,fer,0,50000,0,6.0000000000000002e-05,true,ZERO_OBSERVED_CENSORED,true,3/totalFrames,6.0000000000000002e-05,50000,MAX_FRAMES_REACHED
stage07_awgn_dense_formal_k200_fer,stage07_awgn_dense_formal_results.csv,93,dce51b72b07dc7573deebdaddbc75471d1da34c60cf53b3c5ce9e806f7c8206f,K200_M511K421,200,421整块200,STYLE_3,18,9,7.9432823472428158,7.6033800657099366,0.68965517241379315,290,fer,0,50000,0,6.0000000000000002e-05,true,ZERO_OBSERVED_CENSORED,true,3/totalFrames,6.0000000000000002e-05,50000,MAX_FRAMES_REACHED
stage07_awgn_dense_formal_k200_fer,stage07_awgn_dense_formal_results.csv,94,476fed3af12f9fd3afe86a9d0ddfc6e4e29942cc4012b739cb75d8907cb4d9d0,K200_M511K421,200,421整块200,STYLE_3,19,9.5,8.9125093813374541,8.1033800657099366,0.68965517241379315,290,fer,0,50000,0,6.0000000000000002e-05,true,ZERO_OBSERVED_CENSORED,true,3/totalFrames,6.0000000000000002e-05,50000,MAX_FRAMES_REACHED
stage07_awgn_dense_formal_k200_fer,stage07_awgn_dense_formal_results.csv,95,ada4b8be13e4df9562e478a745ad3a2bcc8c784176b3a8fde450524bfe5b9607,K200_M511K421,200,421整块200,STYLE_3,20,10,10,8.6033800657099366,0.68965517241379315,290,fer,0,50000,0,6.0000000000000002e-05,true,ZERO_OBSERVED_CENSORED,true,3/totalFrames,6.0000000000000002e-05,50000,MAX_FRAMES_REACHED
stage07_awgn_dense_formal_k200_fer,stage07_awgn_dense_formal_results.csv,96,546073a0897d9e29dec701884e72689e00f518947a00329178ac3e4b2a3a39eb,K200_M511K421,200,421整块200,STYLE_3,21,10.5,11.220184543019636,9.1033800657099366,0.68965517241379315,290,fer,0,50000,0,6.0000000000000002e-05,true,ZERO_OBSERVED_CENSORED,true,3/totalFrames,6.0000000000000002e-05,50000,MAX_FRAMES_REACHED
stage07_awgn_dense_formal_k200_fer,stage07_awgn_dense_formal_results.csv,97,84211d321dcb81b6433f08746b1df7b9c81bd1660e571d86ae03eb7f6e927a3a,K200_M511K421,200,421整块200,STYLE_3,22,11,12.589254117941675,9.6033800657099366,0.68965517241379315,290,fer,0,50000,0,6.0000000000000002e-05,true,ZERO_OBSERVED_CENSORED,true,3/totalFrames,6.0000000000000002e-05,50000,MAX_FRAMES_REACHED
stage07_awgn_dense_formal_k200_fer,stage07_awgn_dense_formal_results.csv,98,6f325e0534952a518669a9aeec00f01e1eb16af0ba36ba5b7b2a3c1c1f51a753,K200_M511K421,200,421整块200,STYLE_3,23,11.5,14.12537544622754,10.103380065709937,0.68965517241379315,290,fer,0,50000,0,6.0000000000000002e-05,true,ZERO_OBSERVED_CENSORED,true,3/totalFrames,6.0000000000000002e-05,50000,MAX_FRAMES_REACHED
stage07_awgn_dense_formal_k200_fer,stage07_awgn_dense_formal_results.csv,99,b13db5aa6685a6b01af7548e096e59c5921e3fc971e738daaef15571b5977cd9,K200_M511K421,200,421整块200,STYLE_3,24,12,15.848931924611133,10.603380065709937,0.68965517241379315,290,fer,0,50000,0,6.0000000000000002e-05,true,ZERO_OBSERVED_CENSORED,true,3/totalFrames,6.0000000000000002e-05,50000,MAX_FRAMES_REACHED
stage07_awgn_dense_formal_k200_fer,stage07_awgn_dense_formal_results.csv,100,9534b2149cfab9ba5bda7df288596945f91d8e46d3041bf05f8cd03cf3536c9b,K200_M511K421,200,421整块200,STYLE_3,25,12.5,17.782794100389228,11.103380065709937,0.68965517241379315,290,fer,0,50000,0,6.0000000000000002e-05,true,ZERO_OBSERVED_CENSORED,true,3/totalFrames,6.0000000000000002e-05,50000,MAX_FRAMES_REACHED
stage07_awgn_dense_formal_k200_fer,stage07_awgn_dense_formal_results.csv,101,5fa3687aa10f46368e3909464722484c2edd567c283fc269190f45d11d5c70a7,K200_M511K421,200,421整块200,STYLE_3,26,13,19.952623149688797,11.603380065709937,0.68965517241379315,290,fer,0,50000,0,6.0000000000000002e-05,true,ZERO_OBSERVED_CENSORED,true,3/totalFrames,6.0000000000000002e-05,50000,MAX_FRAMES_REACHED
stage07_awgn_dense_formal_k200_fer,stage07_awgn_dense_formal_results.csv,102,678824e899d6085b1e8bee7892164895b1b99cd1c4d2d117f0d2cb8cec5607bd,K200_M511K421,200,421整块200,STYLE_3,27,13.5,22.387211385683401,12.103380065709937,0.68965517241379315,290,fer,0,50000,0,6.0000000000000002e-05,true,ZERO_OBSERVED_CENSORED,true,3/totalFrames,6.0000000000000002e-05,50000,MAX_FRAMES_REACHED
stage07_awgn_dense_formal_k200_fer,stage07_awgn_dense_formal_results.csv,103,ae07d6f82b1534bc8bb773ebfdb0966ef0bc477bd423366fd8789c32abfa00e0,K200_M511K421,200,421整块200,STYLE_3,28,14,25.118864315095795,12.603380065709937,0.68965517241379315,290,fer,0,50000,0,6.0000000000000002e-05,true,ZERO_OBSERVED_CENSORED,true,3/totalFrames,6.0000000000000002e-05,50000,MAX_FRAMES_REACHED
stage07_awgn_dense_formal_k200_fer,stage07_awgn_dense_formal_results.csv,104,3deaa3ae62dc654b93df1aef8e6601a4fa4c67cc725075a9d91726d940aaa850,K200_M511K421,200,421整块200,STYLE_3,29,14.5,28.183829312644534,13.103380065709937,0.68965517241379315,290,fer,0,50000,0,6.0000000000000002e-05,true,ZERO_OBSERVED_CENSORED,true,3/totalFrames,6.0000000000000002e-05,50000,MAX_FRAMES_REACHED
stage07_awgn_dense_formal_k200_fer,stage07_awgn_dense_formal_results.csv,105,2107eab0ee8148b89733c71e1afa4db7295171fe246b2ed9aa92b0558fec99e6,K200_M511K421,200,421整块200,STYLE_3,30,15,31.622776601683793,13.603380065709937,0.68965517241379315,290,fer,0,50000,0,6.0000000000000002e-05,true,ZERO_OBSERVED_CENSORED,true,3/totalFrames,6.0000000000000002e-05,50000,MAX_FRAMES_REACHED
stage07_awgn_dense_formal_k200_fer,stage07_awgn_dense_formal_results.csv,106,125454bfe72e722745c4a53e122b4a18df6c3dc63725cbb8130be76575275b46,K200_M511K421,200,421整块200,STYLE_3,31,15.5,35.481338923357548,14.103380065709937,0.68965517241379315,290,fer,0,50000,0,6.0000000000000002e-05,true,ZERO_OBSERVED_CENSORED,true,3/totalFrames,6.0000000000000002e-05,50000,MAX_FRAMES_REACHED
stage07_awgn_dense_formal_k200_fer,stage07_awgn_dense_formal_results.csv,107,4718ade3f08c64fa4aa93b7f182ace149ee88d877a2ab75f7e525989e9e364c5,K200_M511K421,200,421整块200,STYLE_3,32,16,39.810717055349734,14.603380065709937,0.68965517241379315,290,fer,0,50000,0,6.0000000000000002e-05,true,ZERO_OBSERVED_CENSORED,true,3/totalFrames,6.0000000000000002e-05,50000,MAX_FRAMES_REACHED
stage07_awgn_dense_formal_k200_fer,stage07_awgn_dense_formal_results.csv,108,c564f896dfa5971d4eeba718f706ecf223026058e1aedaf9a43fb045cefc9227,K200_M511K421,200,421整块200,STYLE_3,33,16.5,44.668359215096302,15.103380065709937,0.68965517241379315,290,fer,0,50000,0,6.0000000000000002e-05,true,ZERO_OBSERVED_CENSORED,true,3/totalFrames,6.0000000000000002e-05,50000,MAX_FRAMES_REACHED
stage07_awgn_dense_formal_k200_fer,stage07_awgn_dense_formal_results.csv,109,ecf2e41358330c5a75d9a78aa3f037e61989ad740220ed0e4aaa2348ea68a657,K200_M511K421,200,421整块200,STYLE_3,34,17,50.118723362727224,15.603380065709937,0.68965517241379315,290,fer,0,50000,0,6.0000000000000002e-05,true,ZERO_OBSERVED_CENSORED,true,3/totalFrames,6.0000000000000002e-05,50000,MAX_FRAMES_REACHED
stage07_awgn_dense_formal_k200_fer,stage07_awgn_dense_formal_results.csv,110,4ee4492f5845d4dff60d3490071c70e5e6cc089d6fe7724b93dee2ab77e711bf,K200_M511K421,200,421整块200,STYLE_3,35,17.5,56.234132519034908,16.103380065709935,0.68965517241379315,290,fer,0,50000,0,6.0000000000000002e-05,true,ZERO_OBSERVED_CENSORED,true,3/totalFrames,6.0000000000000002e-05,50000,MAX_FRAMES_REACHED
stage07_awgn_dense_formal_k200_fer,stage07_awgn_dense_formal_results.csv,111,bed0cf872093712174e71879b85ae491c6921b69753d31c65b6020a1e85f849d,K200_M511K421,200,421整块200,STYLE_3,36,18,63.095734448019329,16.603380065709935,0.68965517241379315,290,fer,0,50000,0,6.0000000000000002e-05,true,ZERO_OBSERVED_CENSORED,true,3/totalFrames,6.0000000000000002e-05,50000,MAX_FRAMES_REACHED
stage07_awgn_dense_formal_k200_fer,stage07_awgn_dense_formal_results.csv,1,6c959cbf195250c60ae262ecccddacefd722e68b34ff2d7747e9a4568e82baab,K200_S15,200,分块200,STYLE_1,0,0,1,-1.4721513131945216,0.70175438596491224,285,fer,1000,1000,1,1,false,OBSERVED_ERROR_RATE,false,none,0.0030000000000000001,1000,TARGET_FRAME_ERRORS_REACHED
stage07_awgn_dense_formal_k200_fer,stage07_awgn_dense_formal_results.csv,2,b7b381ff5ea13773b4cb4070e7e893d6578250a9e5fbfc7745bb5174df9452bd,K200_S15,200,分块200,STYLE_1,1,0.5,1.1220184543019633,-0.97215131319452164,0.70175438596491224,285,fer,1000,1000,1,1,false,OBSERVED_ERROR_RATE,false,none,0.0030000000000000001,1000,TARGET_FRAME_ERRORS_REACHED
stage07_awgn_dense_formal_k200_fer,stage07_awgn_dense_formal_results.csv,3,688544cc6f1d7bc871f0b346bc1650bf2b48eb0b9eee45e5c07590e60b055882,K200_S15,200,分块200,STYLE_1,2,1,1.2589254117941673,-0.47215131319452164,0.70175438596491224,285,fer,1000,1000,1,1,false,OBSERVED_ERROR_RATE,false,none,0.0030000000000000001,1000,TARGET_FRAME_ERRORS_REACHED
stage07_awgn_dense_formal_k200_fer,stage07_awgn_dense_formal_results.csv,4,a19262d0d500705444b802231f3881fe5d4dbfc125de47061150c500d0ad2724,K200_S15,200,分块200,STYLE_1,3,1.5,1.4125375446227544,0.027848686805478362,0.70175438596491224,285,fer,1000,1000,1,1,false,OBSERVED_ERROR_RATE,false,none,0.0030000000000000001,1000,TARGET_FRAME_ERRORS_REACHED
stage07_awgn_dense_formal_k200_fer,stage07_awgn_dense_formal_results.csv,5,409809cb5333668e30b9e277a1d238520f7c481709c372cb866d988e80a21351,K200_S15,200,分块200,STYLE_1,4,2,1.5848931924611136,0.52784868680547836,0.70175438596491224,285,fer,1000,1000,1,1,false,OBSERVED_ERROR_RATE,false,none,0.0030000000000000001,1000,TARGET_FRAME_ERRORS_REACHED
stage07_awgn_dense_formal_k200_fer,stage07_awgn_dense_formal_results.csv,6,92a9ccb5c30005b9c1c3a59679e1362269cf82f8d404d7dc9d051c4c8dddadb9,K200_S15,200,分块200,STYLE_1,5,2.5,1.7782794100389228,1.0278486868054784,0.70175438596491224,285,fer,1000,1000,1,1,false,OBSERVED_ERROR_RATE,false,none,0.0030000000000000001,1000,TARGET_FRAME_ERRORS_REACHED
stage07_awgn_dense_formal_k200_fer,stage07_awgn_dense_formal_results.csv,7,9072eb3defc2d334f7b01737bed82259f660dcdb725f436487ac250967549042,K200_S15,200,分块200,STYLE_1,6,3,1.9952623149688795,1.5278486868054784,0.70175438596491224,285,fer,1000,1000,1,1,false,OBSERVED_ERROR_RATE,false,none,0.0030000000000000001,1000,TARGET_FRAME_ERRORS_REACHED
stage07_awgn_dense_formal_k200_fer,stage07_awgn_dense_formal_results.csv,8,70e5efcab8a2b1b19076ad7cf12b4b5a2b16d3596952ee8cab5e6165e0fe5a58,K200_S15,200,分块200,STYLE_1,7,3.5,2.2387211385683394,2.0278486868054784,0.70175438596491224,285,fer,997,1000,0.997,0.997,false,OBSERVED_ERROR_RATE,false,none,0.0030000000000000001,1000,TARGET_FRAME_ERRORS_REACHED
stage07_awgn_dense_formal_k200_fer,stage07_awgn_dense_formal_results.csv,9,ed1afdc614a3922129196bdb4f17607086c615f4310023ab038d065713e53e21,K200_S15,200,分块200,STYLE_1,8,4,2.5118864315095801,2.5278486868054784,0.70175438596491224,285,fer,981,1000,0.98099999999999998,0.98099999999999998,false,OBSERVED_ERROR_RATE,false,none,0.0030000000000000001,1000,TARGET_FRAME_ERRORS_REACHED
stage07_awgn_dense_formal_k200_fer,stage07_awgn_dense_formal_results.csv,10,6fa6c055ff40cbba02c124df5eaadea480830019119b24c26dd968f6896f378e,K200_S15,200,分块200,STYLE_1,9,4.5,2.8183829312644537,3.0278486868054784,0.70175438596491224,285,fer,955,1000,0.95499999999999996,0.95499999999999996,false,OBSERVED_ERROR_RATE,false,none,0.0030000000000000001,1000,TARGET_FRAME_ERRORS_REACHED
stage07_awgn_dense_formal_k200_fer,stage07_awgn_dense_formal_results.csv,11,d816acd591b507f133b847ce370b8bb66ca13be3720011db594014a36abdb428,K200_S15,200,分块200,STYLE_1,10,5,3.1622776601683795,3.5278486868054784,0.70175438596491224,285,fer,860,1000,0.85999999999999999,0.85999999999999999,false,OBSERVED_ERROR_RATE,false,none,0.0030000000000000001,1000,TARGET_FRAME_ERRORS_REACHED
stage07_awgn_dense_formal_k200_fer,stage07_awgn_dense_formal_results.csv,12,eb2fa8ec2f9e3fb6df17a0f068d7caf284ac7b1af4e6392d740c6649dec94631,K200_S15,200,分块200,STYLE_1,11,5.5,3.548133892335755,4.0278486868054788,0.70175438596491224,285,fer,746,1000,0.746,0.746,false,OBSERVED_ERROR_RATE,false,none,0.0030000000000000001,1000,TARGET_FRAME_ERRORS_REACHED
stage07_awgn_dense_formal_k200_fer,stage07_awgn_dense_formal_results.csv,13,cca11526592001e351e1aa69d073160ffe41445e34e66a39afefab5b1bb8bd13,K200_S15,200,分块200,STYLE_1,12,6,3.9810717055349722,4.5278486868054788,0.70175438596491224,285,fer,586,1000,0.58599999999999997,0.58599999999999997,false,OBSERVED_ERROR_RATE,false,none,0.0030000000000000001,1000,TARGET_FRAME_ERRORS_REACHED
stage07_awgn_dense_formal_k200_fer,stage07_awgn_dense_formal_results.csv,14,40d4df3c91e93644f4bc7bff4fe621c51f92a12b2f6be083945c18364a20c127,K200_S15,200,分块200,STYLE_1,13,6.5,4.4668359215096318,5.0278486868054788,0.70175438596491224,285,fer,398,1000,0.39800000000000002,0.39800000000000002,false,OBSERVED_ERROR_RATE,false,none,0.0030000000000000001,1000,TARGET_FRAME_ERRORS_REACHED
stage07_awgn_dense_formal_k200_fer,stage07_awgn_dense_formal_results.csv,15,fee159d36eb4eaab9848017c3096fbb01b9400eec644cc3d2c593d17f385ead6,K200_S15,200,分块200,STYLE_1,14,7,5.011872336272722,5.5278486868054788,0.70175438596491224,285,fer,237,1000,0.23699999999999999,0.23699999999999999,false,OBSERVED_ERROR_RATE,false,none,0.0030000000000000001,1000,TARGET_FRAME_ERRORS_REACHED
stage07_awgn_dense_formal_k200_fer,stage07_awgn_dense_formal_results.csv,16,93a0b654c716d80b68393b5b709010d3a44af5330f0261e95c35816dc7024503,K200_S15,200,分块200,STYLE_1,15,7.5,5.6234132519034912,6.0278486868054788,0.70175438596491224,285,fer,200,1539,0.12995451591942819,0.12995451591942819,false,OBSERVED_ERROR_RATE,false,none,0.0019493177387914229,1539,TARGET_FRAME_ERRORS_REACHED
stage07_awgn_dense_formal_k200_fer,stage07_awgn_dense_formal_results.csv,17,05d2c3123311d5cc7b9116c05cb80ed499db8d52978fee0c3876cb3a572cfd98,K200_S15,200,分块200,STYLE_1,16,8,6.3095734448019334,6.5278486868054788,0.70175438596491224,285,fer,200,3224,0.062034739454094295,0.062034739454094295,false,OBSERVED_ERROR_RATE,false,none,0.00093052109181141439,3224,TARGET_FRAME_ERRORS_REACHED
stage07_awgn_dense_formal_k200_fer,stage07_awgn_dense_formal_results.csv,18,402a687f2ae72ab51096479f6bc4b976c142879612ff73d06cadb515730866dd,K200_S15,200,分块200,STYLE_1,17,8.5,7.0794578438413787,7.0278486868054788,0.70175438596491224,285,fer,200,7089,0.028212723938496262,0.028212723938496262,false,OBSERVED_ERROR_RATE,false,none,0.00042319085907744394,7089,TARGET_FRAME_ERRORS_REACHED
stage07_awgn_dense_formal_k200_fer,stage07_awgn_dense_formal_results.csv,19,76b055360b621322c38834f058da98cacde103dd215ab6f53beda9fbe5633197,K200_S15,200,分块200,STYLE_1,18,9,7.9432823472428158,7.5278486868054788,0.70175438596491224,285,fer,200,20501,0.0097556216769913665,0.0097556216769913665,false,OBSERVED_ERROR_RATE,false,none,0.0001463343251548705,20501,TARGET_FRAME_ERRORS_REACHED
stage07_awgn_dense_formal_k200_fer,stage07_awgn_dense_formal_results.csv,20,bf22581e7539b70aae5f56027cde10424dfbebfd01f4ecf9acb5ed62e74ecb91,K200_S15,200,分块200,STYLE_1,19,9.5,8.9125093813374541,8.0278486868054788,0.70175438596491224,285,fer,172,50000,0.0034399999999999999,0.0034399999999999999,false,OBSERVED_ERROR_RATE,false,none,6.0000000000000002e-05,50000,MAX_FRAMES_REACHED
stage07_awgn_dense_formal_k200_fer,stage07_awgn_dense_formal_results.csv,21,007d7c92eb76e520fab507b50ad402dec239b982fbe6809e72ade8c3ecb67d78,K200_S15,200,分块200,STYLE_1,20,10,10,8.5278486868054788,0.70175438596491224,285,fer,57,50000,0.00114,0.00114,false,OBSERVED_ERROR_RATE,false,none,6.0000000000000002e-05,50000,MAX_FRAMES_REACHED
stage07_awgn_dense_formal_k200_fer,stage07_awgn_dense_formal_results.csv,22,dc6bf31cf8fda2cb3fcb71908942b6ad7662e50561a701ab341f3c0f59701075,K200_S15,200,分块200,STYLE_1,21,10.5,11.220184543019636,9.0278486868054788,0.70175438596491224,285,fer,17,50000,0.00034000000000000002,0.00034000000000000002,false,OBSERVED_ERROR_RATE,false,none,6.0000000000000002e-05,50000,MAX_FRAMES_REACHED
stage07_awgn_dense_formal_k200_fer,stage07_awgn_dense_formal_results.csv,23,a9a6926a2574b19718dcfed4159695ab1ec34b4731aceaf342fe4523d4c1c1e9,K200_S15,200,分块200,STYLE_1,22,11,12.589254117941675,9.5278486868054788,0.70175438596491224,285,fer,4,50000,8.0000000000000007e-05,8.0000000000000007e-05,false,OBSERVED_ERROR_RATE,false,none,6.0000000000000002e-05,50000,MAX_FRAMES_REACHED
stage07_awgn_dense_formal_k200_fer,stage07_awgn_dense_formal_results.csv,24,3c56e02af2711d7999c55e4a4065ac7bf9825dad83e0f7afc1c059c27db771e7,K200_S15,200,分块200,STYLE_1,23,11.5,14.12537544622754,10.027848686805479,0.70175438596491224,285,fer,1,50000,2.0000000000000002e-05,2.0000000000000002e-05,false,OBSERVED_ERROR_RATE,false,none,6.0000000000000002e-05,50000,MAX_FRAMES_REACHED
stage07_awgn_dense_formal_k200_fer,stage07_awgn_dense_formal_results.csv,25,f02b3b9efe8f7ac775ae2ccb2434e34e119bf0ca38e436e265a68ece1d4e72d6,K200_S15,200,分块200,STYLE_1,24,12,15.848931924611133,10.527848686805479,0.70175438596491224,285,fer,1,50000,2.0000000000000002e-05,2.0000000000000002e-05,false,OBSERVED_ERROR_RATE,false,none,6.0000000000000002e-05,50000,MAX_FRAMES_REACHED
stage07_awgn_dense_formal_k200_fer,stage07_awgn_dense_formal_results.csv,26,6495ffeb55e2cb001b767f44ff6ec7a58b73d17a6a9d44b2e700a430a9e5a7da,K200_S15,200,分块200,STYLE_1,25,12.5,17.782794100389228,11.027848686805479,0.70175438596491224,285,fer,0,50000,0,6.0000000000000002e-05,true,ZERO_OBSERVED_CENSORED,true,3/totalFrames,6.0000000000000002e-05,50000,MAX_FRAMES_REACHED
stage07_awgn_dense_formal_k200_fer,stage07_awgn_dense_formal_results.csv,27,be5dc42cfae3a4b668523f11cfa3f9d7b5bd1a7278fdb13e56a2765438910e56,K200_S15,200,分块200,STYLE_1,26,13,19.952623149688797,11.527848686805479,0.70175438596491224,285,fer,0,50000,0,6.0000000000000002e-05,true,ZERO_OBSERVED_CENSORED,true,3/totalFrames,6.0000000000000002e-05,50000,MAX_FRAMES_REACHED
stage07_awgn_dense_formal_k200_fer,stage07_awgn_dense_formal_results.csv,28,dca49c06aef5109e14d4c105697321057e54585bb48498fee0b3ff1ce51966be,K200_S15,200,分块200,STYLE_1,27,13.5,22.387211385683401,12.027848686805479,0.70175438596491224,285,fer,0,50000,0,6.0000000000000002e-05,true,ZERO_OBSERVED_CENSORED,true,3/totalFrames,6.0000000000000002e-05,50000,MAX_FRAMES_REACHED
stage07_awgn_dense_formal_k200_fer,stage07_awgn_dense_formal_results.csv,29,9ef71ad550c5eee9f7efce20fffd887c42941ec8cf9ecd7d45caf2ed3d19dd91,K200_S15,200,分块200,STYLE_1,28,14,25.118864315095795,12.527848686805479,0.70175438596491224,285,fer,0,50000,0,6.0000000000000002e-05,true,ZERO_OBSERVED_CENSORED,true,3/totalFrames,6.0000000000000002e-05,50000,MAX_FRAMES_REACHED
stage07_awgn_dense_formal_k200_fer,stage07_awgn_dense_formal_results.csv,30,0e2b4f38f2c3b4d25f86fbd5803ba5a2e190da119469de49addec2063009231b,K200_S15,200,分块200,STYLE_1,29,14.5,28.183829312644534,13.027848686805479,0.70175438596491224,285,fer,0,50000,0,6.0000000000000002e-05,true,ZERO_OBSERVED_CENSORED,true,3/totalFrames,6.0000000000000002e-05,50000,MAX_FRAMES_REACHED
stage07_awgn_dense_formal_k200_fer,stage07_awgn_dense_formal_results.csv,31,f4e423a2ce7571d36e2a64820e53c92d8d7ed58cae505523d437ae16e9445874,K200_S15,200,分块200,STYLE_1,30,15,31.622776601683793,13.527848686805479,0.70175438596491224,285,fer,0,50000,0,6.0000000000000002e-05,true,ZERO_OBSERVED_CENSORED,true,3/totalFrames,6.0000000000000002e-05,50000,MAX_FRAMES_REACHED
stage07_awgn_dense_formal_k200_fer,stage07_awgn_dense_formal_results.csv,32,49d35a30e1caec2c1a282b3960cdf933861dbf24d3546713f11c2770fb890b5f,K200_S15,200,分块200,STYLE_1,31,15.5,35.481338923357548,14.027848686805479,0.70175438596491224,285,fer,0,50000,0,6.0000000000000002e-05,true,ZERO_OBSERVED_CENSORED,true,3/totalFrames,6.0000000000000002e-05,50000,MAX_FRAMES_REACHED
stage07_awgn_dense_formal_k200_fer,stage07_awgn_dense_formal_results.csv,33,ca781b4970fd8d2491532fa98070bb43ba6bd375eeb0cf328bfd8ca881836bc3,K200_S15,200,分块200,STYLE_1,32,16,39.810717055349734,14.527848686805479,0.70175438596491224,285,fer,0,50000,0,6.0000000000000002e-05,true,ZERO_OBSERVED_CENSORED,true,3/totalFrames,6.0000000000000002e-05,50000,MAX_FRAMES_REACHED
stage07_awgn_dense_formal_k200_fer,stage07_awgn_dense_formal_results.csv,34,a242ad52325fd1fc617b27375a2dba7c2087bdfc24e56fb97b49b5a27ba27816,K200_S15,200,分块200,STYLE_1,33,16.5,44.668359215096302,15.027848686805479,0.70175438596491224,285,fer,0,50000,0,6.0000000000000002e-05,true,ZERO_OBSERVED_CENSORED,true,3/totalFrames,6.0000000000000002e-05,50000,MAX_FRAMES_REACHED
stage07_awgn_dense_formal_k200_fer,stage07_awgn_dense_formal_results.csv,35,1e7ba555487aa673f853f04bf98b038cfe9cbdfe4e618234b1d66308403992c4,K200_S15,200,分块200,STYLE_1,34,17,50.118723362727224,15.527848686805479,0.70175438596491224,285,fer,0,50000,0,6.0000000000000002e-05,true,ZERO_OBSERVED_CENSORED,true,3/totalFrames,6.0000000000000002e-05,50000,MAX_FRAMES_REACHED
stage07_awgn_dense_formal_k200_fer,stage07_awgn_dense_formal_results.csv,36,d8da44879e36c7699840f3e415c6c0041de3d6c379a739578fc719ba7383e43c,K200_S15,200,分块200,STYLE_1,35,17.5,56.234132519034908,16.027848686805477,0.70175438596491224,285,fer,0,50000,0,6.0000000000000002e-05,true,ZERO_OBSERVED_CENSORED,true,3/totalFrames,6.0000000000000002e-05,50000,MAX_FRAMES_REACHED
stage07_awgn_dense_formal_k200_fer,stage07_awgn_dense_formal_results.csv,37,c1ac0944ac68cce9d6641779c42cd4cb261166fa681f8e0532fa1d6543902709,K200_S15,200,分块200,STYLE_1,36,18,63.095734448019329,16.527848686805477,0.70175438596491224,285,fer,0,50000,0,6.0000000000000002e-05,true,ZERO_OBSERVED_CENSORED,true,3/totalFrames,6.0000000000000002e-05,50000,MAX_FRAMES_REACHED
