metric,algorithm,targetPointIndex,targetErrorRate,referenceLength,candidateLength,referenceRequiredEbN0Db,candidateRequiredEbN0Db,relativeCodingGainDb,gainDirection,confidenceLevel,interpretation
BER,NMS,0,0.22006666666666666,480,560,-2.958800173440752,-2.242248814767471,-0.7165513586732812,REFERENCE_MINUS_CANDIDATE_EBN0,LOW,CURRENT_RESOLUTION_NO_CLEAR_CANDIDATE_ADVANTAGE
BER,NMS,0,0.22006666666666666,480,640,-2.958800173440752,-1.6059542686582358,-1.3528459047825163,REFERENCE_MINUS_CANDIDATE_EBN0,LOW,CURRENT_RESOLUTION_NO_CLEAR_CANDIDATE_ADVANTAGE
BER,NMS,0,0.22006666666666666,560,640,-2.242248814767471,-1.6059542686582358,-0.6362945461092351,REFERENCE_MINUS_CANDIDATE_EBN0,MEDIUM,CURRENT_RESOLUTION_NO_CLEAR_CANDIDATE_ADVANTAGE
BER,NMS,1,0.13180984142665422,480,560,-0.11201280337658726,0.583942425004436,-0.6959552283810233,REFERENCE_MINUS_CANDIDATE_EBN0,HIGH,CURRENT_RESOLUTION_NO_CLEAR_CANDIDATE_ADVANTAGE
BER,NMS,1,0.13180984142665422,480,640,-0.11201280337658726,0.41990559280280976,-0.531918396179397,REFERENCE_MINUS_CANDIDATE_EBN0,HIGH,CURRENT_RESOLUTION_NO_CLEAR_CANDIDATE_ADVANTAGE
BER,NMS,1,0.13180984142665422,560,640,0.583942425004436,0.41990559280280976,0.1640368322016263,REFERENCE_MINUS_CANDIDATE_EBN0,HIGH,POSITIVE_CANDIDATE_REQUIRES_LOWER_EBN0
BER,NMS,2,0.07894805042526387,480,560,1.4668535633945616,2.1423858014137322,-0.6755322380191706,REFERENCE_MINUS_CANDIDATE_EBN0,HIGH,CURRENT_RESOLUTION_NO_CLEAR_CANDIDATE_ADVANTAGE
BER,NMS,2,0.07894805042526387,480,640,1.4668535633945616,1.0441169547471065,0.4227366086474551,REFERENCE_MINUS_CANDIDATE_EBN0,HIGH,POSITIVE_CANDIDATE_REQUIRES_LOWER_EBN0
BER,NMS,2,0.07894805042526387,560,640,2.1423858014137322,1.0441169547471065,1.0982688466666257,REFERENCE_MINUS_CANDIDATE_EBN0,HIGH,POSITIVE_CANDIDATE_REQUIRES_LOWER_EBN0
BER,NMS,3,0.047286261772936364,480,560,2.4981386609729337,3.169255751594364,-0.6711170906214301,REFERENCE_MINUS_CANDIDATE_EBN0,MEDIUM,CURRENT_RESOLUTION_NO_CLEAR_CANDIDATE_ADVANTAGE
BER,NMS,3,0.047286261772936364,480,640,2.4981386609729337,1.386951123144733,1.1111875378282008,REFERENCE_MINUS_CANDIDATE_EBN0,MEDIUM,POSITIVE_CANDIDATE_REQUIRES_LOWER_EBN0
BER,NMS,3,0.047286261772936364,560,640,3.169255751594364,1.386951123144733,1.782304628449631,REFERENCE_MINUS_CANDIDATE_EBN0,MEDIUM,POSITIVE_CANDIDATE_REQUIRES_LOWER_EBN0
BER,NMS,4,0.0283223023293699,480,560,3.261754536894201,3.936451425676639,-0.6746968887824383,REFERENCE_MINUS_CANDIDATE_EBN0,HIGH,CURRENT_RESOLUTION_NO_CLEAR_CANDIDATE_ADVANTAGE
BER,NMS,4,0.0283223023293699,480,640,3.261754536894201,1.6077090757559798,1.6540454611382212,REFERENCE_MINUS_CANDIDATE_EBN0,HIGH,POSITIVE_CANDIDATE_REQUIRES_LOWER_EBN0
BER,NMS,4,0.0283223023293699,560,640,3.936451425676639,1.6077090757559798,2.3287423499206596,REFERENCE_MINUS_CANDIDATE_EBN0,HIGH,POSITIVE_CANDIDATE_REQUIRES_LOWER_EBN0
BER,NMS,5,0.016963760279636506,480,560,3.9185918213963107,4.559516315060764,-0.6409244936644529,REFERENCE_MINUS_CANDIDATE_EBN0,HIGH,CURRENT_RESOLUTION_NO_CLEAR_CANDIDATE_ADVANTAGE
BER,NMS,5,0.016963760279636506,480,640,3.9185918213963107,1.8121983554304295,2.106393465965881,REFERENCE_MINUS_CANDIDATE_EBN0,MEDIUM,POSITIVE_CANDIDATE_REQUIRES_LOWER_EBN0
BER,NMS,5,0.016963760279636506,560,640,4.559516315060764,1.8121983554304295,2.747317959630334,REFERENCE_MINUS_CANDIDATE_EBN0,MEDIUM,POSITIVE_CANDIDATE_REQUIRES_LOWER_EBN0
BER,NMS,6,0.010160514476485891,480,560,4.4846376741334995,5.097437691211042,-0.612800017077543,REFERENCE_MINUS_CANDIDATE_EBN0,HIGH,CURRENT_RESOLUTION_NO_CLEAR_CANDIDATE_ADVANTAGE
BER,NMS,6,0.010160514476485891,480,640,4.4846376741334995,1.9381449430900322,2.5464927310434673,REFERENCE_MINUS_CANDIDATE_EBN0,HIGH,POSITIVE_CANDIDATE_REQUIRES_LOWER_EBN0
BER,NMS,6,0.010160514476485891,560,640,5.097437691211042,1.9381449430900322,3.1592927481210102,REFERENCE_MINUS_CANDIDATE_EBN0,HIGH,POSITIVE_CANDIDATE_REQUIRES_LOWER_EBN0
BER,NMS,7,0.006085682226410927,480,560,4.932557376795296,5.54084949374403,-0.6082921169487339,REFERENCE_MINUS_CANDIDATE_EBN0,HIGH,CURRENT_RESOLUTION_NO_CLEAR_CANDIDATE_ADVANTAGE
BER,NMS,7,0.006085682226410927,480,640,4.932557376795296,2.0640915307496344,2.868465846045662,REFERENCE_MINUS_CANDIDATE_EBN0,HIGH,POSITIVE_CANDIDATE_REQUIRES_LOWER_EBN0
BER,NMS,7,0.006085682226410927,560,640,5.54084949374403,2.0640915307496344,3.476757962994396,REFERENCE_MINUS_CANDIDATE_EBN0,HIGH,POSITIVE_CANDIDATE_REQUIRES_LOWER_EBN0
BER,NMS,8,0.003645044573930167,480,560,5.333603000847754,5.958532998414452,-0.6249299975666984,REFERENCE_MINUS_CANDIDATE_EBN0,HIGH,CURRENT_RESOLUTION_NO_CLEAR_CANDIDATE_ADVANTAGE
BER,NMS,8,0.003645044573930167,480,640,5.333603000847754,2.190038118409237,3.143564882438517,REFERENCE_MINUS_CANDIDATE_EBN0,HIGH,POSITIVE_CANDIDATE_REQUIRES_LOWER_EBN0
BER,NMS,8,0.003645044573930167,560,640,5.958532998414452,2.190038118409237,3.7684948800052154,REFERENCE_MINUS_CANDIDATE_EBN0,HIGH,POSITIVE_CANDIDATE_REQUIRES_LOWER_EBN0
BER,NMS,9,0.002183214543848023,480,560,5.723078157354637,6.3515020160104045,-0.6284238586557676,REFERENCE_MINUS_CANDIDATE_EBN0,HIGH,CURRENT_RESOLUTION_NO_CLEAR_CANDIDATE_ADVANTAGE
BER,NMS,9,0.002183214543848023,480,640,5.723078157354637,2.310429720763094,3.412648436591543,REFERENCE_MINUS_CANDIDATE_EBN0,MEDIUM,POSITIVE_CANDIDATE_REQUIRES_LOWER_EBN0
BER,NMS,9,0.002183214543848023,560,640,6.3515020160104045,2.310429720763094,4.041072295247311,REFERENCE_MINUS_CANDIDATE_EBN0,MEDIUM,POSITIVE_CANDIDATE_REQUIRES_LOWER_EBN0
BER,NMS,10,0.0013076453930247203,480,560,6.107636875261738,6.710143831296693,-0.6025069560349552,REFERENCE_MINUS_CANDIDATE_EBN0,LOW,CURRENT_RESOLUTION_NO_CLEAR_CANDIDATE_ADVANTAGE
BER,NMS,10,0.0013076453930247203,480,640,6.107636875261738,2.408829066611798,3.69880780864994,REFERENCE_MINUS_CANDIDATE_EBN0,HIGH,POSITIVE_CANDIDATE_REQUIRES_LOWER_EBN0
BER,NMS,10,0.0013076453930247203,560,640,6.710143831296693,2.408829066611798,4.301314764684895,REFERENCE_MINUS_CANDIDATE_EBN0,LOW,POSITIVE_CANDIDATE_REQUIRES_LOWER_EBN0
BER,NMS,11,0.0007832196238876845,480,560,6.469534398309488,7.011372086978783,-0.541837688669295,REFERENCE_MINUS_CANDIDATE_EBN0,HIGH,CURRENT_RESOLUTION_NO_CLEAR_CANDIDATE_ADVANTAGE
BER,NMS,11,0.0007832196238876845,480,640,6.469534398309488,2.5072284124605027,3.9623059858489853,REFERENCE_MINUS_CANDIDATE_EBN0,HIGH,POSITIVE_CANDIDATE_REQUIRES_LOWER_EBN0
BER,NMS,11,0.0007832196238876845,560,640,7.011372086978783,2.5072284124605027,4.50414367451828,REFERENCE_MINUS_CANDIDATE_EBN0,HIGH,POSITIVE_CANDIDATE_REQUIRES_LOWER_EBN0
BER,NMS,12,0.0004691126375047531,480,560,6.778689409188636,7.321032067495704,-0.5423426583070681,REFERENCE_MINUS_CANDIDATE_EBN0,HIGH,CURRENT_RESOLUTION_NO_CLEAR_CANDIDATE_ADVANTAGE
BER,NMS,12,0.0004691126375047531,480,640,6.778689409188636,2.605627758309207,4.173061650879429,REFERENCE_MINUS_CANDIDATE_EBN0,HIGH,POSITIVE_CANDIDATE_REQUIRES_LOWER_EBN0
BER,NMS,12,0.0004691126375047531,560,640,7.321032067495704,2.605627758309207,4.715404309186496,REFERENCE_MINUS_CANDIDATE_EBN0,HIGH,POSITIVE_CANDIDATE_REQUIRES_LOWER_EBN0
BER,NMS,13,0.00028097695710727543,480,560,7.072764836385257,7.647355452323037,-0.5745906159377796,REFERENCE_MINUS_CANDIDATE_EBN0,MEDIUM,CURRENT_RESOLUTION_NO_CLEAR_CANDIDATE_ADVANTAGE
BER,NMS,13,0.00028097695710727543,480,640,7.072764836385257,2.704027104157911,4.368737732227347,REFERENCE_MINUS_CANDIDATE_EBN0,MEDIUM,POSITIVE_CANDIDATE_REQUIRES_LOWER_EBN0
BER,NMS,13,0.00028097695710727543,560,640,7.647355452323037,2.704027104157911,4.943328348165126,REFERENCE_MINUS_CANDIDATE_EBN0,HIGH,POSITIVE_CANDIDATE_REQUIRES_LOWER_EBN0
BER,NMS,14,0.00016829231215171388,480,560,7.350785970560762,7.891289979505055,-0.5405040089442936,REFERENCE_MINUS_CANDIDATE_EBN0,HIGH,CURRENT_RESOLUTION_NO_CLEAR_CANDIDATE_ADVANTAGE
BER,NMS,14,0.00016829231215171388,480,640,7.350785970560762,2.8026650393683323,4.548120931192429,REFERENCE_MINUS_CANDIDATE_EBN0,MEDIUM,POSITIVE_CANDIDATE_REQUIRES_LOWER_EBN0
BER,NMS,14,0.00016829231215171388,560,640,7.891289979505055,2.8026650393683323,5.088624940136723,REFERENCE_MINUS_CANDIDATE_EBN0,MEDIUM,POSITIVE_CANDIDATE_REQUIRES_LOWER_EBN0
BER,NMS,15,0.00010079937736159818,480,560,7.621236139632229,8.115391787225407,-0.4941556475931783,REFERENCE_MINUS_CANDIDATE_EBN0,HIGH,CURRENT_RESOLUTION_NO_CLEAR_CANDIDATE_ADVANTAGE
BER,NMS,15,0.00010079937736159818,480,640,7.621236139632229,2.9030473674596626,4.718188772172566,REFERENCE_MINUS_CANDIDATE_EBN0,HIGH,POSITIVE_CANDIDATE_REQUIRES_LOWER_EBN0
BER,NMS,15,0.00010079937736159818,560,640,8.115391787225407,2.9030473674596626,5.212344419765745,REFERENCE_MINUS_CANDIDATE_EBN0,HIGH,POSITIVE_CANDIDATE_REQUIRES_LOWER_EBN0
BER,NMS,16,6.037420454076528e-05,480,560,7.875230864714477,8.388180710780503,-0.512949846066026,REFERENCE_MINUS_CANDIDATE_EBN0,HIGH,CURRENT_RESOLUTION_NO_CLEAR_CANDIDATE_ADVANTAGE
BER,NMS,16,6.037420454076528e-05,480,640,7.875230864714477,3.0034296955509925,4.871801169163485,REFERENCE_MINUS_CANDIDATE_EBN0,HIGH,POSITIVE_CANDIDATE_REQUIRES_LOWER_EBN0
BER,NMS,16,6.037420454076528e-05,560,640,8.388180710780503,3.0034296955509925,5.384751015229511,REFERENCE_MINUS_CANDIDATE_EBN0,HIGH,POSITIVE_CANDIDATE_REQUIRES_LOWER_EBN0
BER,NMS,17,3.6161379855098454e-05,480,560,8.127689031575935,8.69697723467129,-0.5692882030953559,REFERENCE_MINUS_CANDIDATE_EBN0,MEDIUM,CURRENT_RESOLUTION_NO_CLEAR_CANDIDATE_ADVANTAGE
BER,NMS,17,3.6161379855098454e-05,480,640,8.127689031575935,3.1038120236423223,5.023877007933613,REFERENCE_MINUS_CANDIDATE_EBN0,HIGH,POSITIVE_CANDIDATE_REQUIRES_LOWER_EBN0
BER,NMS,17,3.6161379855098454e-05,560,640,8.69697723467129,3.1038120236423223,5.5931652110289685,REFERENCE_MINUS_CANDIDATE_EBN0,MEDIUM,POSITIVE_CANDIDATE_REQUIRES_LOWER_EBN0
BER,NMS,18,2.165900822994338e-05,480,560,8.377250081010185,8.939715080102884,-0.5624649990926986,REFERENCE_MINUS_CANDIDATE_EBN0,MEDIUM,CURRENT_RESOLUTION_NO_CLEAR_CANDIDATE_ADVANTAGE
BER,NMS,18,2.165900822994338e-05,480,640,8.377250081010185,3.204194351733652,5.173055729276533,REFERENCE_MINUS_CANDIDATE_EBN0,HIGH,POSITIVE_CANDIDATE_REQUIRES_LOWER_EBN0
BER,NMS,18,2.165900822994338e-05,560,640,8.939715080102884,3.204194351733652,5.735520728369232,REFERENCE_MINUS_CANDIDATE_EBN0,MEDIUM,POSITIVE_CANDIDATE_REQUIRES_LOWER_EBN0
BER,NMS,19,1.2972752682130106e-05,480,560,8.62474916093522,9.179388347219678,-0.554639186284458,REFERENCE_MINUS_CANDIDATE_EBN0,MEDIUM,CURRENT_RESOLUTION_NO_CLEAR_CANDIDATE_ADVANTAGE
BER,NMS,19,1.2972752682130106e-05,480,640,8.62474916093522,3.304145495225096,5.320603665710124,REFERENCE_MINUS_CANDIDATE_EBN0,MEDIUM,POSITIVE_CANDIDATE_REQUIRES_LOWER_EBN0
BER,NMS,19,1.2972752682130106e-05,560,640,9.179388347219678,3.304145495225096,5.875242851994582,REFERENCE_MINUS_CANDIDATE_EBN0,MEDIUM,POSITIVE_CANDIDATE_REQUIRES_LOWER_EBN0
BER,NMS,20,7.770083946828721e-06,480,560,8.868299470534096,9.414520131441845,-0.5462206609077498,REFERENCE_MINUS_CANDIDATE_EBN0,MEDIUM,CURRENT_RESOLUTION_NO_CLEAR_CANDIDATE_ADVANTAGE
BER,NMS,20,7.770083946828721e-06,480,640,8.868299470534096,3.4014338347085262,5.466865635825569,REFERENCE_MINUS_CANDIDATE_EBN0,MEDIUM,POSITIVE_CANDIDATE_REQUIRES_LOWER_EBN0
BER,NMS,20,7.770083946828721e-06,560,640,9.414520131441845,3.4014338347085262,6.013086296733319,REFERENCE_MINUS_CANDIDATE_EBN0,MEDIUM,POSITIVE_CANDIDATE_REQUIRES_LOWER_EBN0
BER,NMS,21,4.6539239604814486e-06,480,560,9.102318208215376,9.648970251012297,-0.5466520427969215,REFERENCE_MINUS_CANDIDATE_EBN0,MEDIUM,CURRENT_RESOLUTION_NO_CLEAR_CANDIDATE_ADVANTAGE
BER,NMS,21,4.6539239604814486e-06,480,640,9.102318208215376,3.4987221741919567,5.603596034023419,REFERENCE_MINUS_CANDIDATE_EBN0,MEDIUM,POSITIVE_CANDIDATE_REQUIRES_LOWER_EBN0
BER,NMS,21,4.6539239604814486e-06,560,640,9.648970251012297,3.4987221741919567,6.150248076820341,REFERENCE_MINUS_CANDIDATE_EBN0,MEDIUM,POSITIVE_CANDIDATE_REQUIRES_LOWER_EBN0
BER,NMS,22,2.787487030791125e-06,480,560,9.313010502004348,9.9042760166239,-0.5912655146195522,REFERENCE_MINUS_CANDIDATE_EBN0,MEDIUM,CURRENT_RESOLUTION_NO_CLEAR_CANDIDATE_ADVANTAGE
BER,NMS,22,2.787487030791125e-06,480,640,9.313010502004348,3.596010513675387,5.716999988328961,REFERENCE_MINUS_CANDIDATE_EBN0,MEDIUM,POSITIVE_CANDIDATE_REQUIRES_LOWER_EBN0
BER,NMS,22,2.787487030791125e-06,560,640,9.9042760166239,3.596010513675387,6.3082655029485135,REFERENCE_MINUS_CANDIDATE_EBN0,MEDIUM,POSITIVE_CANDIDATE_REQUIRES_LOWER_EBN0
BER,NMS,23,1.6695769017302316e-06,480,560,9.52370279579332,10.167030239041255,-0.6433274432479354,REFERENCE_MINUS_CANDIDATE_EBN0,MEDIUM,CURRENT_RESOLUTION_NO_CLEAR_CANDIDATE_ADVANTAGE
BER,NMS,23,1.6695769017302316e-06,480,640,9.52370279579332,3.6932988531588173,5.8304039426345025,REFERENCE_MINUS_CANDIDATE_EBN0,MEDIUM,POSITIVE_CANDIDATE_REQUIRES_LOWER_EBN0
BER,NMS,23,1.6695769017302316e-06,560,640,10.167030239041255,3.6932988531588173,6.473731385882438,REFERENCE_MINUS_CANDIDATE_EBN0,MEDIUM,POSITIVE_CANDIDATE_REQUIRES_LOWER_EBN0
BER,NMS,24,9.99999999999998e-07,480,560,9.710717802837408,10.278829866596249,-0.568112063758841,REFERENCE_MINUS_CANDIDATE_EBN0,MEDIUM,CURRENT_RESOLUTION_NO_CLEAR_CANDIDATE_ADVANTAGE
BER,NMS,24,9.99999999999998e-07,480,640,9.710717802837408,3.790587192642248,5.9201306101951605,REFERENCE_MINUS_CANDIDATE_EBN0,LOW,POSITIVE_CANDIDATE_REQUIRES_LOWER_EBN0
BER,NMS,24,9.99999999999998e-07,560,640,10.278829866596249,3.790587192642248,6.488242673954002,REFERENCE_MINUS_CANDIDATE_EBN0,LOW,POSITIVE_CANDIDATE_REQUIRES_LOWER_EBN0
